{"graph": {"_type": "graph-file", "sha256": "d21a6d221035a4e2faa1fe2c38a9dbcdd075891c704e483907f4254c1d82478f", "size": 593, "path": "media/graph/graph_summary_d21a6d221035a4e2faa1.graph.json"}, "epoch": 9, "_timestamp": 1681748504.3566926, "loss": 0.012079541571438313, "mae": 0.0351150743663311, "mse": 0.0016833457630127668, "val_loss": 0.011105920188128948, "val_mae": 0.03547096252441406, "val_mse": 0.001723939785733819, "lr": 0.0002500000118743628, "_runtime": 17.286189556121826, "_step": 9, "best_val_loss": 0.011105920188128948, "best_epoch": 9, "_wandb": {"runtime": 17}}