{"graph": {"_type": "graph-file", "sha256": "6b661ee68a9e83fb819a483f5a1668581ecbdd6399e744e8ec02dc700dc82bfe", "size": 593, "path": "media/graph/graph_summary_6b661ee68a9e83fb819a.graph.json"}, "epoch": 299, "_timestamp": 1684483818.2632222, "loss": 0.007611679844558239, "mae": 0.07559868693351746, "mse": 0.007611679844558239, "root_mean_squared_error": 0.08724494278430939, "val_loss": 0.00757537642493844, "val_mae": 0.0752783790230751, "val_mse": 0.00757537642493844, "val_root_mean_squared_error": 0.08703663945198059, "lr": 9.999999747378752e-06, "_runtime": 161.2568061351776, "_step": 299, "best_val_loss": 0.007567335851490498, "best_epoch": 41, "_wandb": {"runtime": 159}}