{"graph": {"_type": "graph-file", "sha256": "c43a6a08b8d95bcf8fd69640763fc6156f983d2fce3ea520ce9c63c2dc6a05bf", "size": 565, "path": "media/graph/graph_summary_c43a6a08b8d95bcf8fd6.graph.json"}, "epoch": 99, "_timestamp": 1684423297.4969842, "loss": 0.00021395513613242656, "mae": 0.011055869050323963, "mse": 0.00017330182890873402, "root_mean_squared_error": 0.013164415024220943, "val_loss": 0.00022754978272132576, "val_mae": 0.011530325748026371, "val_mse": 0.00018596752488519996, "val_root_mean_squared_error": 0.013636990450322628, "lr": 8.339843770954758e-05, "_runtime": 52.04412817955017, "_step": 99, "best_val_loss": 0.00022754978272132576, "best_epoch": 99, "_wandb": {"runtime": 52}}