{"graph": {"_type": "graph-file", "sha256": "de22b56f358365512a341e4573d5b6b8a0a54f9e900aecce5d1a9142f2e1136f", "size": 493, "path": "media/graph/graph_summary_de22b56f358365512a34.graph.json"}, "epoch": 149, "_timestamp": 1684572975.5293753, "loss": 0.00022131818695925176, "mae": 0.012856214307248592, "mse": 0.00022131818695925176, "val_loss": 0.00024012511130422354, "val_mae": 0.01354683842509985, "val_mse": 0.00024012511130422354, "lr": 0.0001346875069430098, "_runtime": 1567.6773693561554, "_step": 149, "best_val_loss": 0.00024011115601751953, "best_epoch": 124, "_wandb": {"runtime": 1566}}