{"graph": {"_type": "graph-file", "sha256": "6764b1db862caad0cc9840de9bb4fbbb2d429a95cb817441994c77a31e6de6ce", "size": 1155, "path": "media/graph/graph_summary_6764b1db862caad0cc98.graph.json"}, "epoch": 49, "_timestamp": 1681306172.034243, "loss": 0.0033974687103182077, "mae": 0.05058712884783745, "mse": 0.0033974687103182077, "val_loss": 0.0034061830956488848, "val_mae": 0.0502893440425396, "val_mse": 0.0034061830956488848, "lr": 9.999999747378752e-06, "_runtime": 37.885359048843384, "_step": 49, "best_val_loss": 0.0034056466538459063, "best_epoch": 20, "_wandb": {"runtime": 36}}