{"graph": {"_type": "graph-file", "sha256": "7c59c8084c3f0f7d5203cfadc5d95e6ad51b834cfaf55d4e091460635fcabb7e", "size": 487, "path": "media/graph/graph_summary_7c59c8084c3f0f7d5203.graph.json"}, "epoch": 49, "_timestamp": 1682452468.676398, "loss": 0.0003110073448624462, "mae": 0.013855230063199997, "mse": 0.0003110073448624462, "root_mean_squared_error": 0.017635401338338852, "val_loss": 0.00032861504587344825, "val_mae": 0.013971572741866112, "val_mse": 0.00032861504587344825, "val_root_mean_squared_error": 0.018127743154764175, "lr": 0.03448000177741051, "_runtime": 194.73303604125977, "_step": 49, "best_val_loss": 0.00025840828311629593, "best_epoch": 47, "_wandb": {"runtime": 193}}