{"graph": {"_type": "graph-file", "sha256": "cd2fdc98842f75ff43805143b0ee0c63a2fbb3579c3ed7e1864999cbf9e4d162", "size": 593, "path": "media/graph/graph_summary_cd2fdc98842f75ff4380.graph.json"}, "epoch": 99, "_timestamp": 1684425034.5469892, "loss": 0.00028024305356666446, "mae": 0.012815877795219421, "mse": 0.00022010311658959836, "root_mean_squared_error": 0.014835872687399387, "val_loss": 0.00029349379474297166, "val_mae": 0.013324186205863953, "val_mse": 0.00023623768356628716, "val_root_mean_squared_error": 0.015370025299489498, "lr": 8.339843770954758e-05, "_runtime": 55.04858922958374, "_step": 99, "best_val_loss": 0.000290102994767949, "best_epoch": 98, "_wandb": {"runtime": 53}}