{"graph": {"_type": "graph-file", "sha256": "a3aa32ebc7fab38a5299a80b7aef44ce29ed0592313a3770880bd2385d82faf4", "size": 1092, "path": "media/graph/graph_summary_a3aa32ebc7fab38a5299.graph.json"}, "epoch": 49, "_timestamp": 1682751717.924521, "loss": 0.0019513694569468498, "mae": 0.03824947774410248, "mse": 0.0019513694569468498, "root_mean_squared_error": 0.044174306094646454, "val_loss": 0.0019875909201800823, "val_mae": 0.038685258477926254, "val_mse": 0.0019875909201800823, "val_root_mean_squared_error": 0.04458240047097206, "lr": 0.0019217964727431536, "_runtime": 233.96253395080566, "_step": 449, "best_val_loss": 0.0019365365151315928, "best_epoch": 35, "_wandb": {"runtime": 232}}