{"graph": {"_type": "graph-file", "sha256": "1b79cc4932db6f80566170f73fceed37345347785f3ce0d235478909d27e68a1", "size": 911, "path": "media/graph/graph_summary_1b79cc4932db6f805661.graph.json"}, "epoch": 19, "_timestamp": 1682437630.1725843, "loss": 0.6430768966674805, "mae": 0.7997997403144836, "mse": 0.6430768966674805, "root_mean_squared_error": 0.8019207715988159, "val_loss": 0.6441537141799927, "val_mae": 0.8004674315452576, "val_mse": 0.6441537141799927, "val_root_mean_squared_error": 0.802591860294342, "lr": 9.999999747378752e-06, "_runtime": 16.379159212112427, "_step": 19, "best_val_loss": 0.6441537141799927, "best_epoch": 0, "_wandb": {"runtime": 15}}