{"graph": {"_type": "graph-file", "sha256": "a087add86b312f72c931294c7356467414b135bb24692633ed22031017b21a0d", "size": 593, "path": "media/graph/graph_summary_a087add86b312f72c931.graph.json"}, "epoch": 249, "_timestamp": 1684416249.2939196, "loss": 128824.296875, "mae": 348.1560363769531, "mse": 128824.296875, "root_mean_squared_error": 358.9210205078125, "val_loss": 130746.609375, "val_mae": 350.9691467285156, "val_mse": 130746.609375, "val_root_mean_squared_error": 361.5890197753906, "lr": 9.999999747378752e-06, "_runtime": 275.23224663734436, "_step": 249, "best_val_loss": 130746.609375, "best_epoch": 11, "_wandb": {"runtime": 273}}