{"graph": {"_type": "graph-file", "sha256": "47ea51b8d45914f1be389dc66ccad836d0a7d1634726b774506c03578821bf83", "size": 734, "path": "media/graph/graph_summary_47ea51b8d45914f1be38.graph.json"}, "epoch": 49, "_timestamp": 1681896680.419866, "loss": 0.0019143883837386966, "mae": 0.03787175565958023, "mse": 0.001914359861984849, "val_loss": 0.0019501737551763654, "val_mae": 0.038299135863780975, "val_mse": 0.0019501461647450924, "lr": 9.999999747378752e-06, "_runtime": 48.929936170578, "_step": 449, "best_val_loss": 0.0019499085610732436, "best_epoch": 23, "_wandb": {"runtime": 48}}