{"graph": {"_type": "graph-file", "sha256": "12982733852f956bbf25b93c14386092aa9e5b3bf87542deb1849530d1790391", "size": 1092, "path": "media/graph/graph_summary_12982733852f956bbf25.graph.json"}, "epoch": 49, "_timestamp": 1682748647.4182794, "loss": 0.0019311828073114157, "mae": 0.038052454590797424, "mse": 0.0019311828073114157, "root_mean_squared_error": 0.043945226818323135, "val_loss": 0.0019673677161335945, "val_mae": 0.03849630802869797, "val_mse": 0.0019673677161335945, "val_root_mean_squared_error": 0.04435502365231514, "lr": 9.849793423200026e-05, "_runtime": 357.3247003555298, "_step": 449, "best_val_loss": 0.0019359097350388765, "best_epoch": 25, "_wandb": {"runtime": 356}}