{"graph": {"_type": "graph-file", "sha256": "e5281874d999b7a70be20239527d779d736fb1a60845ff3b9938bb06b803e27e", "size": 593, "path": "media/graph/graph_summary_e5281874d999b7a70be2.graph.json"}, "epoch": 9, "_timestamp": 1682437407.813246, "loss": 0.001814416260458529, "mae": 0.030255014076828957, "mse": 0.0013980838702991605, "root_mean_squared_error": 0.03739095851778984, "val_loss": 0.001814015326090157, "val_mae": 0.03266555443406105, "val_mse": 0.0016010337276384234, "val_root_mean_squared_error": 0.040012918412685394, "lr": 0.09925000369548798, "_runtime": 10.415705919265747, "_step": 9, "best_val_loss": 0.0014223199104890227, "best_epoch": 8, "_wandb": {"runtime": 9}}