{"graph": {"_type": "graph-file", "sha256": "c132a5585912016b7bb96a9d02cc4da60a5c6c3e56d9a611988a23dde51d251c", "size": 597, "path": "media/graph/graph_summary_c132a5585912016b7bb9.graph.json"}, "epoch": 1, "_timestamp": 1682695982.4814148, "loss": 0.9026291966438293, "mae": 0.03784509375691414, "mse": 0.0019258237443864346, "val_loss": 0.6517015099525452, "val_mae": 0.03824521228671074, "val_mse": 0.0019475480075925589, "lr": 0.0010000000474974513, "_runtime": 8.043006896972656, "_step": 1, "best_val_loss": 0.6517015099525452, "best_epoch": 1, "_wandb": {"runtime": 7}}