{"graph": {"_type": "graph-file", "sha256": "c154b5ba3edb806ef7ef2c2b2763e18f6c9cb08f53f9a77f678a63a1af85397f", "size": 434, "path": "media/graph/graph_summary_c154b5ba3edb806ef7ef.graph.json"}, "epoch": 49, "_timestamp": 1682595363.0396929, "loss": 0.001918007037602365, "mae": 0.03791423514485359, "mse": 0.001918007037602365, "root_mean_squared_error": 0.04379505664110184, "val_loss": 0.0019536095205694437, "val_mae": 0.03834489360451698, "val_mse": 0.0019536095205694437, "val_root_mean_squared_error": 0.04419965296983719, "lr": 0.019476233050227165, "_runtime": 1887.0527548789978, "_step": 449, "best_val_loss": 0.001947058248333633, "best_epoch": 48, "_wandb": {"runtime": 1885}}