{"graph": {"_type": "graph-file", "sha256": "4c8185c8f5e04e39cd8f5552d04239b6d1cd9a5441834b2fc4ce30fde6208e51", "size": 740, "path": "media/graph/graph_summary_4c8185c8f5e04e39cd8f.graph.json"}, "epoch": 49, "_timestamp": 1680964993.5919108, "loss": 0.0008192719542421401, "mae": 0.024716435000300407, "mse": 0.0008192507666535676, "val_loss": 0.0008652593824081123, "val_mae": 0.025662334635853767, "val_mse": 0.000865237379912287, "lr": 9.999999747378752e-06, "_runtime": 45.059534788131714, "_step": 49, "best_val_loss": 0.0008652581600472331, "best_epoch": 40, "_wandb": {"runtime": 43}}