{"graph": {"_type": "graph-file", "sha256": "c23f1aef33acf3b033c750376c1bf0faa7dfa137df76c8f0dacded0d594aff8e", "size": 593, "path": "media/graph/graph_summary_c23f1aef33acf3b033c7.graph.json"}, "epoch": 149, "_timestamp": 1682075945.3181891, "loss": 0.20593471825122833, "mae": 0.4525294899940491, "mse": 0.20593471825122833, "val_loss": 0.2065490335226059, "val_mae": 0.45319461822509766, "val_mse": 0.2065490335226059, "lr": 9.999999747378752e-06, "_runtime": 316.56854915618896, "_step": 1349, "best_val_loss": 0.0019056909950450063, "best_epoch": 149, "_wandb": {"runtime": 315}}