{"graph": {"_type": "graph-file", "sha256": "43cef75e925d053c6f37950d7f768358e2cbc9649bf4a0c4f80a7d421eba8fa8", "size": 442, "path": "media/graph/graph_summary_43cef75e925d053c6f37.graph.json"}, "epoch": 49, "_timestamp": 1682542776.5606828, "loss": 0.007567143999040127, "mae": 0.07518515735864639, "mse": 0.007567143999040127, "root_mean_squared_error": 0.08698933571577072, "val_loss": 0.007510020863264799, "val_mae": 0.07456815987825394, "val_mse": 0.007510020863264799, "val_root_mean_squared_error": 0.08666037768125534, "lr": 0.0072954860515892506, "_runtime": 1611.344191789627, "_step": 449, "best_val_loss": 4.785359851666726e-05, "best_epoch": 47, "_wandb": {"runtime": 1610}}