{"graph": {"_type": "graph-file", "sha256": "f9e2d9bc6a93f86bf7b5bacba8c08a6606093c212be128b791dedf6b2c06f4ec", "size": 1102, "path": "media/graph/graph_summary_f9e2d9bc6a93f86bf7b5.graph.json"}, "epoch": 29, "_timestamp": 1682765809.4994574, "loss": 0.0019648137968033552, "mae": 0.03808435797691345, "mse": 0.0019648137968033552, "root_mean_squared_error": 0.04432622343301773, "val_loss": 0.0019689227920025587, "val_mae": 0.038476891815662384, "val_mse": 0.0019689227920025587, "val_root_mean_squared_error": 0.044372547417879105, "lr": 0.018488164991140366, "_runtime": 257.0604884624481, "_step": 269, "best_val_loss": 0.00046343434951268137, "best_epoch": 25, "_wandb": {"runtime": 255}}