{"graph": {"_type": "graph-file", "sha256": "ffc6f0555a1f4684569ca53d87c7a710bdb8e067dac6a5fc315e2db162153cca", "size": 593, "path": "media/graph/graph_summary_ffc6f0555a1f4684569c.graph.json"}, "epoch": 49, "_timestamp": 1681580070.63505, "loss": 0.003163301618769765, "mae": 0.037922441959381104, "mse": 0.0019350192742422223, "val_loss": 0.003204673994332552, "val_mae": 0.03825409710407257, "val_mse": 0.00197515613399446, "lr": 9.999999747378752e-06, "_runtime": 58.08044505119324, "_step": 49, "best_val_loss": 0.003204673994332552, "best_epoch": 49, "_wandb": {"runtime": 57}}