{"graph": {"_type": "graph-file", "sha256": "9deba064768249838005c861ae3f9c87080f31953c9be57265fe59f5a4f044b4", "size": 593, "path": "media/graph/graph_summary_9deba064768249838005.graph.json"}, "epoch": 199, "_timestamp": 1682068124.2588348, "loss": 0.2060161679983139, "mae": 0.4525294899940491, "mse": 0.2059345245361328, "val_loss": 0.20663054287433624, "val_mae": 0.45319458842277527, "val_mse": 0.20654892921447754, "lr": 9.999999747378752e-06, "_runtime": 419.5427498817444, "_step": 1799, "best_val_loss": 0.0026374966837465763, "best_epoch": 199, "_wandb": {"runtime": 418}}