{"graph": {"_type": "graph-file", "sha256": "515d2e6ad6543b294222d622482dfd5f69d3afbc6cc7c8fc117883c40b27be18", "size": 562, "path": "media/graph/graph_summary_515d2e6ad6543b294222.graph.json"}, "epoch": 49, "_timestamp": 1681575287.9765415, "loss": 0.001971042715013027, "mae": 0.038215506821870804, "mse": 0.0019710331689566374, "val_loss": 0.0019938990008085966, "val_mae": 0.03864383324980736, "val_mse": 0.001993898069486022, "lr": 0.0005000000237487257, "_runtime": 85.52230262756348, "_step": 49, "best_val_loss": 0.0019938990008085966, "best_epoch": 49, "_wandb": {"runtime": 86}}