{"graph": {"_type": "graph-file", "sha256": "c32428d287406381d2718861ee671115bb1e128e3ce39d0ddf9f33cb16f978fd", "size": 740, "path": "media/graph/graph_summary_c32428d287406381d271.graph.json"}, "epoch": 49, "_timestamp": 1681051242.9416058, "loss": 0.001449471339583397, "mae": 0.024732491001486778, "mse": 0.0008207025239244103, "val_loss": 0.0014946514274924994, "val_mae": 0.02565685659646988, "val_mse": 0.0008652628166601062, "lr": 9.999999747378752e-06, "_runtime": 90.75673770904541, "_step": 49, "best_val_loss": 0.0014946514274924994, "best_epoch": 49, "_wandb": {"runtime": 90}}