{"graph": {"_type": "graph-file", "sha256": "40eb2f2f505328a03fae5df20669e903e93e2e9bb490846d861f413b73f974a3", "size": 593, "path": "media/graph/graph_summary_40eb2f2f505328a03fae.graph.json"}, "epoch": 49, "_timestamp": 1681320778.1953058, "loss": 0.0020519348327070475, "mae": 0.037811536341905594, "mse": 0.00191030977293849, "val_loss": 0.002091154921799898, "val_mae": 0.0382133312523365, "val_mse": 0.0019503586227074265, "lr": 9.999999747378752e-06, "_runtime": 55.5444118976593, "_step": 49, "best_val_loss": 0.002091154921799898, "best_epoch": 49, "_wandb": {"runtime": 55}}