{"graph": {"_type": "graph-file", "sha256": "8daf7e86f159484d71e9f7b752a36cceda20c4c5aba79e1280e99f4f67d66bb9", "size": 593, "path": "media/graph/graph_summary_8daf7e86f159484d71e9.graph.json"}, "epoch": 249, "_timestamp": 1684416526.7372704, "loss": 208455.53125, "mae": 448.1560363769531, "mse": 208455.53125, "root_mean_squared_error": 456.5693054199219, "val_loss": 210940.4375, "val_mae": 450.9691467285156, "val_mse": 210940.4375, "val_root_mean_squared_error": 459.28253173828125, "lr": 9.999999747378752e-06, "_runtime": 269.6968743801117, "_step": 249, "best_val_loss": 210940.4375, "best_epoch": 10, "_wandb": {"runtime": 268}}