{"graph": {"_type": "graph-file", "sha256": "1d551f3d402d61ec6d90b8308cba437160e367bb7771a26999db7e4a12cf273a", "size": 1012, "path": "media/graph/graph_summary_1d551f3d402d61ec6d90.graph.json"}, "epoch": 49, "_timestamp": 1680888137.6521056, "loss": 0.008650840260088444, "mae": 0.02502770908176899, "mse": 0.0008414188050664961, "val_loss": 0.008540852926671505, "val_mae": 0.02562134526669979, "val_mse": 0.0008649402298033237, "lr": 9.999999747378752e-06, "_runtime": 82.76976561546326, "_step": 49, "best_val_loss": 0.008540852926671505, "best_epoch": 49, "_wandb": {"runtime": 83}}