{"graph": {"_type": "graph-file", "sha256": "cc8da45c1b7a9744967fa531acd5c24a909c31b24b428636b1ad31bc9676222a", "size": 583, "path": "media/graph/graph_summary_cc8da45c1b7a9744967f.graph.json"}, "epoch": 199, "_timestamp": 1684188605.655446, "loss": 0.017156260088086128, "mae": 0.11679709702730179, "mse": 0.017151404172182083, "val_loss": 0.017554210498929024, "val_mae": 0.11857112497091293, "val_mse": 0.017549453303217888, "lr": 9.999999747378752e-06, "_runtime": 753.7109360694885, "_step": 199, "best_val_loss": 0.01755375601351261, "best_epoch": 184, "_wandb": {"runtime": 752}}