{"graph": {"_type": "graph-file", "sha256": "0c7f5c67bd32973465916e844429dc2d09aaf6ada968067607dbe794ad679471", "size": 771, "path": "media/graph/graph_summary_0c7f5c67bd3297346591.graph.json"}, "epoch": 49, "_timestamp": 1682282548.963365, "loss": 0.0075671435333788395, "mae": 0.07518517225980759, "mse": 0.0075671435333788395, "val_loss": 0.0075100199319422245, "val_mae": 0.07456815987825394, "val_mse": 0.0075100199319422245, "lr": 9.999999747378752e-06, "_runtime": 155.8188931941986, "_step": 449, "best_val_loss": 0.0075100199319422245, "best_epoch": 0, "_wandb": {"runtime": 155}}