{"graph": {"_type": "graph-file", "sha256": "2ffedf4c9ba536472a84bbe0c5e4e63aa5121c9240336e3ea8ab9a8f71297469", "size": 1092, "path": "media/graph/graph_summary_2ffedf4c9ba536472a84.graph.json"}, "epoch": 29, "_timestamp": 1682751465.152888, "loss": 0.001957612344995141, "mae": 0.03830299898982048, "mse": 0.001957612344995141, "root_mean_squared_error": 0.0442449115216732, "val_loss": 0.001991403754800558, "val_mae": 0.038727059960365295, "val_mse": 0.001991403754800558, "val_root_mean_squared_error": 0.04462514445185661, "lr": 0.016510017216205597, "_runtime": 187.9553689956665, "_step": 269, "best_val_loss": 0.0019371022935956717, "best_epoch": 29, "_wandb": {"runtime": 186}}