{"graph": {"_type": "graph-file", "sha256": "16ecfa3cac81f1273782278afab584fa57113f3a87a4b763ee360bb000c41a74", "size": 740, "path": "media/graph/graph_summary_16ecfa3cac81f1273782.graph.json"}, "epoch": 49, "_timestamp": 1681050863.3447797, "loss": 0.0010984683176502585, "mae": 0.024742959067225456, "mse": 0.0008207631180994213, "val_loss": 0.001143301255069673, "val_mae": 0.025644542649388313, "val_mse": 0.0008667755173519254, "lr": 9.999999747378752e-06, "_runtime": 174.11436867713928, "_step": 49, "best_val_loss": 0.001143301255069673, "best_epoch": 49, "_wandb": {"runtime": 174}}