{"graph": {"_type": "graph-file", "sha256": "11d901694bbcdf0cedaf33080226f27cdeb61547d6a657cd4426a5fc982e0ec6", "size": 875, "path": "media/graph/graph_summary_11d901694bbcdf0cedaf.graph.json"}, "epoch": 149, "_timestamp": 1681896571.1881356, "loss": 0.001914370572194457, "mae": 0.03787146508693695, "mse": 0.0019143661484122276, "val_loss": 0.0019500039052218199, "val_mae": 0.038300611078739166, "val_mse": 0.001950001111254096, "lr": 9.999999747378752e-06, "_runtime": 462.19437766075134, "_step": 1349, "best_val_loss": 0.001949838362634182, "best_epoch": 17, "_wandb": {"runtime": 461}}