{"graph": {"_type": "graph-file", "sha256": "0aefe818bd72f5996af43d11f603b720f44ba087f2d08bd572ce3fd873a74083", "size": 593, "path": "media/graph/graph_summary_0aefe818bd72f5996af4.graph.json"}, "epoch": 149, "_timestamp": 1681899338.9670353, "loss": 0.0006794875371269882, "mae": 0.0186624675989151, "mse": 0.0005919768009334803, "val_loss": 0.0006557291490025818, "val_mae": 0.018488872796297073, "val_mse": 0.0005691995611414313, "lr": 0.00013234752987045795, "_runtime": 534.7739021778107, "_step": 1349, "best_val_loss": 0.0005544807645492256, "best_epoch": 145, "_wandb": {"runtime": 534}}