{"graph": {"_type": "graph-file", "sha256": "503a7397b69a214e9823d400d6b8e7fb8b70357bdec9a828d262fdfcc7963967", "size": 467, "path": "media/graph/graph_summary_503a7397b69a214e9823.graph.json"}, "epoch": 149, "_timestamp": 1682427485.2527754, "loss": 0.0020645384211093187, "mae": 0.03943873569369316, "mse": 0.0020645384211093187, "root_mean_squared_error": 0.04543719068169594, "R2": -0.18890994787216187, "val_loss": 0.0021084302570670843, "val_mae": 0.03996988758444786, "val_mse": 0.0021084302570670843, "val_root_mean_squared_error": 0.04591764509677887, "val_R2": -481.8492126464844, "lr": 9.999999747378752e-06, "_runtime": 277.68216943740845, "_step": 149, "best_val_loss": 0.0021084302570670843, "best_epoch": 149, "_wandb": {"runtime": 279}}