{"graph": {"_type": "graph-file", "sha256": "08913995c0cd9bb2bc594e31e5c24912ec6053cf0a5f746b95bdd7ff58d12166", "size": 596, "path": "media/graph/graph_summary_08913995c0cd9bb2bc59.graph.json"}, "epoch": 49, "_timestamp": 1681573025.973509, "loss": 0.0021943640895187855, "mae": 0.03611866012215614, "mse": 0.001773411175236106, "val_loss": 0.0022437172010540962, "val_mae": 0.03666989505290985, "val_mse": 0.0018246815307065845, "lr": 9.999999747378752e-06, "_runtime": 73.27161002159119, "_step": 49, "best_val_loss": 0.0022437172010540962, "best_epoch": 49, "_wandb": {"runtime": 72}}