{"graph": {"_type": "graph-file", "sha256": "d37f2d8147ba3aaf5638f421eea40d950c29d7ea9cfcf39c7dd5e9bcd970f39c", "size": 1094, "path": "media/graph/graph_summary_d37f2d8147ba3aaf5638.graph.json"}, "epoch": 19, "_timestamp": 1682745943.909983, "loss": 0.5405578017234802, "mae": 0.7228754758834839, "mse": 0.5405578017234802, "root_mean_squared_error": 0.7352264523506165, "val_loss": 0.5325444340705872, "val_mae": 0.7167372703552246, "val_mse": 0.5325444340705872, "val_root_mean_squared_error": 0.7297564744949341, "lr": 0.00015848031034693122, "_runtime": 197.6893618106842, "_step": 179, "best_val_loss": 0.0064904591999948025, "best_epoch": 19, "_wandb": {"runtime": 196}}