{"graph": {"_type": "graph-file", "sha256": "f1406ad1b15778a053e3496bedb6b2630ef1420cd2210017aef6a4767df2ad9a", "size": 593, "path": "media/graph/graph_summary_f1406ad1b15778a053e3.graph.json"}, "epoch": 299, "_timestamp": 1684482905.217498, "loss": 0.0006781619740650058, "mae": 0.015531327575445175, "mse": 0.0004691507201641798, "root_mean_squared_error": 0.021659886464476585, "val_loss": 0.0007086356054060161, "val_mae": 0.016025887802243233, "val_mse": 0.0004996528732590377, "val_root_mean_squared_error": 0.0223529152572155, "lr": 9.999999747378752e-06, "_runtime": 222.98617315292358, "_step": 299, "best_val_loss": 0.0007078960770741105, "best_epoch": 298, "_wandb": {"runtime": 221}}