{"graph": {"_type": "graph-file", "sha256": "e69dad264e70d5b54e07e1a9225fd75d5e30853f78f90278e365c352554c5dd6", "size": 593, "path": "media/graph/graph_summary_e69dad264e70d5b54e07.graph.json"}, "epoch": 49, "_timestamp": 1681746690.783401, "loss": 0.00191433762665838, "mae": 0.037870898842811584, "mse": 0.001914337044581771, "val_loss": 0.001949956058524549, "val_mae": 0.03830113261938095, "val_mse": 0.0019499557092785835, "lr": 9.999999747378752e-06, "_runtime": 36.663212060928345, "_step": 449, "best_val_loss": 0.0019498016918078065, "best_epoch": 28, "_wandb": {"runtime": 35}}