{"graph": {"_type": "graph-file", "sha256": "91f8bef3c495d17b89db08c47be15cef4e2021e8d5e3bbd7b314fbd0a4e632fd", "size": 583, "path": "media/graph/graph_summary_91f8bef3c495d17b89db.graph.json"}, "epoch": 49, "_timestamp": 1681575701.2546766, "loss": 0.0032698416616767645, "mae": 0.03714517876505852, "mse": 0.0018514624098315835, "val_loss": 0.00328849907964468, "val_mae": 0.037601538002491, "val_mse": 0.0018852206412702799, "lr": 9.999999747378752e-06, "_runtime": 70.71580648422241, "_step": 49, "best_val_loss": 0.00328849907964468, "best_epoch": 49, "_wandb": {"runtime": 70}}