{"graph": {"_type": "graph-file", "sha256": "2e20dac3aad9dc67285ae509c3d9149da92309f111ab9dd0756ae3073518c71c", "size": 593, "path": "media/graph/graph_summary_2e20dac3aad9dc67285a.graph.json"}, "epoch": 199, "_timestamp": 1682942920.6133986, "loss": 0.002501905895769596, "mae": 0.039204906672239304, "mse": 0.0023086394648998976, "root_mean_squared_error": 0.04804830253124237, "val_loss": 0.0025233880151063204, "val_mae": 0.039402928203344345, "val_mse": 0.0023304836358875036, "val_root_mean_squared_error": 0.04827508330345154, "lr": 9.999999747378752e-06, "_runtime": 1137.4528305530548, "_step": 1999, "best_val_loss": 0.002246638061478734, "best_epoch": 198, "_wandb": {"runtime": 1136}}