{"graph": {"_type": "graph-file", "sha256": "659d6965810bece9df8de80eb8042e13521f548a1ff4aefc582b0be3705b38f8", "size": 1181, "path": "media/graph/graph_summary_659d6965810bece9df8d.graph.json"}, "epoch": 49, "_timestamp": 1681069760.4372904, "loss": 0.00191447080578655, "mae": 0.03787223622202873, "mse": 0.0019144335528835654, "val_loss": 0.001950136385858059, "val_mae": 0.03829961642622948, "val_mse": 0.0019500969210639596, "lr": 9.999999747378752e-06, "_runtime": 108.91821336746216, "_step": 49, "best_val_loss": 0.0019499417394399643, "best_epoch": 33, "_wandb": {"runtime": 107}}