{"graph": {"_type": "graph-file", "sha256": "b8c27efc18c72531fa17bd11457154f8e5d8fe5db54a1ea20dc1c0a550cc44f3", "size": 579, "path": "media/graph/graph_summary_b8c27efc18c72531fa17.graph.json"}, "epoch": 3, "_timestamp": 1681923745.9526117, "loss": 0.0035486218985170126, "mae": 0.050527919083833694, "mse": 0.0034027269575744867, "val_loss": 0.003498980076983571, "val_mae": 0.05028871074318886, "val_mse": 0.0034112767316401005, "lr": 0.09925000369548798, "_runtime": 4.3683836460113525, "_step": 3, "best_val_loss": 0.003498980076983571, "best_epoch": 3, "_wandb": {"runtime": 3}}