{"graph": {"_type": "graph-file", "sha256": "a08b533769a8ef6254b803f12c994e6b1b805a21260144814b0df7d153d2e0c1", "size": 733, "path": "media/graph/graph_summary_a08b533769a8ef6254b8.graph.json"}, "epoch": 49, "_timestamp": 1681920490.7885745, "loss": 0.0019170921295881271, "mae": 0.037891943007707596, "mse": 0.0019161335658282042, "val_loss": 0.0019582905806601048, "val_mae": 0.038347624242305756, "val_mse": 0.0019518337212502956, "lr": 0.005904012825340033, "_runtime": 120.3318145275116, "_step": 449, "best_val_loss": 0.001949682948179543, "best_epoch": 48, "_wandb": {"runtime": 119}}