{"graph": {"_type": "graph-file", "sha256": "8b395b21744e0a1fd3661391ec2e6a47e6486228294a3b88234c0f916cfe114f", "size": 593, "path": "media/graph/graph_summary_8b395b21744e0a1fd366.graph.json"}, "epoch": 10, "_timestamp": 1681923790.148194, "loss": 0.002113745082169771, "mae": 0.03828257694840431, "mse": 0.0019802278839051723, "val_loss": 0.002115983748808503, "val_mae": 0.03863312304019928, "val_mse": 0.002015079138800502, "lr": 0.09925000369548798, "_runtime": 9.054386138916016, "_step": 10, "best_val_loss": 0.001971196848899126, "best_epoch": 8, "_wandb": {"runtime": 7}}