{"graph": {"_type": "graph-file", "sha256": "47ea51b8d45914f1be389dc66ccad836d0a7d1634726b774506c03578821bf83", "size": 734, "path": "media/graph/graph_summary_47ea51b8d45914f1be38.graph.json"}, "epoch": 29, "_timestamp": 1681905811.6101062, "loss": 0.001998036401346326, "mae": 0.037951089441776276, "mse": 0.0019249042961746454, "val_loss": 0.002024100162088871, "val_mae": 0.038304466754198074, "val_mse": 0.0019497291650623083, "lr": 0.000392724119592458, "_runtime": 217.59888625144958, "_step": 269, "best_val_loss": 0.0019496472086757421, "best_epoch": 16, "_wandb": {"runtime": 216}}