{"graph": {"_type": "graph-file", "sha256": "dda55c62c75bb0157035c2c300744a13e4b665f426538a89651f2380cf8ece49", "size": 513, "path": "media/graph/graph_summary_dda55c62c75bb0157035.graph.json"}, "epoch": 149, "_timestamp": 1684723612.8126993, "loss": 4.964731851941906e-05, "mae": 0.004921496845781803, "mse": 4.964731851941906e-05, "val_loss": 4.9319736717734486e-05, "val_mae": 0.005063734017312527, "val_mse": 4.9319736717734486e-05, "lr": 0.0010775000555440784, "_runtime": 8216.1769592762, "_step": 149, "best_val_loss": 4.6600191126344725e-05, "best_epoch": 146, "_wandb": {"runtime": 8214}}