{"graph": {"_type": "graph-file", "sha256": "eb08766e2f0a2a4a5c945ccc972ead08834da44abc16919fbbcceb4398e412fe", "size": 440, "path": "media/graph/graph_summary_eb08766e2f0a2a4a5c94.graph.json"}, "epoch": 149, "_timestamp": 1683061538.9106214, "loss": 0.0006195542518980801, "mae": 0.019093254581093788, "mse": 0.0006195542518980801, "root_mean_squared_error": 0.024890845641493797, "val_loss": 0.0006190515705384314, "val_mae": 0.018803348764777184, "val_mse": 0.0006190515705384314, "val_root_mean_squared_error": 0.024880746379494667, "lr": 0.0002693750138860196, "_runtime": 1733.7436563968658, "_step": 149, "best_val_loss": 0.0006189107662066817, "best_epoch": 135, "_wandb": {"runtime": 1732}}