{"graph": {"_type": "graph-file", "sha256": "bddb3856b767f00d3225c0fd6a8639d1389ff6282a0d726fbeb82d3e706783e3", "size": 669, "path": "media/graph/graph_summary_bddb3856b767f00d3225.graph.json"}, "epoch": 0, "_timestamp": 1684695881.6484182, "loss": 3.145495891571045, "mae": 1.0236387252807617, "mse": 1.6153196096420288, "root_mean_squared_error": 1.2709522247314453, "val_loss": 3.9458858966827393, "val_mae": 0.14686405658721924, "val_mse": 0.03712471202015877, "val_root_mean_squared_error": 0.19267773628234863, "lr": 0.04270000010728836, "_runtime": 8.84239411354065, "_step": 0, "best_val_loss": 3.9458858966827393, "best_epoch": 0, "_wandb": {"runtime": 8}}