{"graph": {"_type": "graph-file", "sha256": "9ce3499af94d7fcb82376139f2689e596fbabd11ce14e4eb5cfe7bc25e92dbad", "size": 590, "path": "media/graph/graph_summary_9ce3499af94d7fcb8237.graph.json"}, "epoch": 49, "_timestamp": 1680962232.4074693, "loss": 0.000790939899161458, "mae": 0.024256817996501923, "mse": 0.000790939899161458, "val_loss": 0.0008361500804312527, "val_mae": 0.025193506851792336, "val_mse": 0.0008361500804312527, "lr": 9.999999747378752e-06, "_runtime": 55.144121170043945, "_step": 49, "best_val_loss": 0.0008361500804312527, "best_epoch": 49, "_wandb": {"runtime": 54}}