{"graph": {"_type": "graph-file", "sha256": "c9b8455352c6576033a42d0639483f34d79514cf92cfc4ab463692e25de23689", "size": 586, "path": "media/graph/graph_summary_c9b8455352c6576033a4.graph.json"}, "epoch": 199, "_timestamp": 1684395405.2062213, "loss": 0.0145850395783782, "mae": 0.0815262719988823, "mse": 0.013682026416063309, "root_mean_squared_error": 0.11697018891572952, "val_loss": 0.014387590810656548, "val_mae": 0.08058591187000275, "val_mse": 0.013484624214470387, "val_root_mean_squared_error": 0.11612331122159958, "lr": 4.169921885477379e-05, "_runtime": 752.0277533531189, "_step": 199, "best_val_loss": 0.014385313726961613, "best_epoch": 193, "_wandb": {"runtime": 750}}