{"graph": {"_type": "graph-file", "sha256": "81602e7d052aaaa3315d27868f95b8c79323bcec3b50eb3a2f177fff0c5f9f7e", "size": 512, "path": "media/graph/graph_summary_81602e7d052aaaa3315d.graph.json"}, "epoch": 49, "_timestamp": 1682630164.6355991, "loss": 0.0002951804781332612, "mae": 0.013295847922563553, "mse": 0.0002951804781332612, "root_mean_squared_error": 0.01718081720173359, "val_loss": 0.0002868889132514596, "val_mae": 0.013308500871062279, "val_mse": 0.0002868889132514596, "val_root_mean_squared_error": 0.016937794163823128, "lr": 0.01661156304180622, "_runtime": 11672.187945127487, "_step": 449, "best_val_loss": 9.944084740709513e-05, "best_epoch": 45, "_wandb": {"runtime": 11671}}