{"graph": {"_type": "graph-file", "sha256": "4efc66b791d8b4b60cd6bd9190f068ae2e8fbec2b1c2a4f7bf8da92fceb5f8ba", "size": 590, "path": "media/graph/graph_summary_4efc66b791d8b4b60cd6.graph.json"}, "epoch": 49, "_timestamp": 1681575854.945169, "loss": 0.0026170150376856327, "mae": 0.03669388219714165, "mse": 0.0018164345528930426, "val_loss": 0.002645817818120122, "val_mae": 0.03710251674056053, "val_mse": 0.0018537916475906968, "lr": 9.999999747378752e-06, "_runtime": 75.06444907188416, "_step": 49, "best_val_loss": 0.002645817818120122, "best_epoch": 49, "_wandb": {"runtime": 74}}