{"graph": {"_type": "graph-file", "sha256": "9ddb5ce411971f1d49672a7c8823691761f6e113ffb2ba88f02fb4e834056542", "size": 729, "path": "media/graph/graph_summary_9ddb5ce411971f1d4967.graph.json"}, "epoch": 49, "_timestamp": 1681310185.432209, "loss": 2.463907241821289, "mae": 0.03633899614214897, "mse": 0.0017940823454409838, "val_loss": 2.4636285305023193, "val_mae": 0.036829736083745956, "val_mse": 0.0018395560327917337, "lr": 9.999999747378752e-06, "_runtime": 168.25558805465698, "_step": 49, "best_val_loss": 2.4636285305023193, "best_epoch": 49, "_wandb": {"runtime": 168}}