{"graph": {"_type": "graph-file", "sha256": "7c61ef9a233af19a1eee6818d5aa7127291f3675b4e15f92b22054f6b03d0539", "size": 701, "path": "media/graph/graph_summary_7c61ef9a233af19a1eee.graph.json"}, "epoch": 141, "_timestamp": 1681886018.4227617, "loss": 0.002178435679525137, "mae": 0.03788481280207634, "mse": 0.0019185227574780583, "val_loss": 0.0022114564199000597, "val_mae": 0.03834380954504013, "val_mse": 0.0019515029853209853, "lr": 9.999999747378752e-06, "_runtime": 192.922456741333, "_step": 141, "best_val_loss": 0.0022114564199000597, "best_epoch": 141}