{"graph": {"_type": "graph-file", "sha256": "27c5d7819ce561a5403e4afeba735456b1eb39e6f92976330971467468a118db", "size": 740, "path": "media/graph/graph_summary_27c5d7819ce561a5403e.graph.json"}, "epoch": 9, "_timestamp": 1680779494.1526237, "loss": 7.569075107574463, "mae": 0.031616535037755966, "mse": 0.0014226662460714579, "val_loss": 7.407037258148193, "val_mae": 0.03147798776626587, "val_mse": 0.0014584377640858293, "lr": 9.999999747378752e-05, "_runtime": 16.86456060409546, "_step": 9, "best_val_loss": 7.407037258148193, "best_epoch": 9, "_wandb": {"runtime": 16}}