{"graph": {"_type": "graph-file", "sha256": "f1406ad1b15778a053e3496bedb6b2630ef1420cd2210017aef6a4767df2ad9a", "size": 593, "path": "media/graph/graph_summary_f1406ad1b15778a053e3.graph.json"}, "epoch": 249, "_timestamp": 1684520248.3170042, "loss": 0.002031630137935281, "mae": 0.031291428953409195, "mse": 0.0019045864464715123, "root_mean_squared_error": 0.04364156723022461, "val_loss": 0.0020653381943702698, "val_mae": 0.031705908477306366, "val_mse": 0.0019382956670597196, "val_root_mean_squared_error": 0.04402608051896095, "lr": 9.999999747378752e-06, "_runtime": 175.5502851009369, "_step": 249, "best_val_loss": 0.0020650161895900965, "best_epoch": 241, "_wandb": {"runtime": 174}}