{"graph": {"_type": "graph-file", "sha256": "16ecfa3cac81f1273782278afab584fa57113f3a87a4b763ee360bb000c41a74", "size": 740, "path": "media/graph/graph_summary_16ecfa3cac81f1273782.graph.json"}, "epoch": 49, "_timestamp": 1681054586.055677, "loss": 0.0022635606583207846, "mae": 0.03785567730665207, "mse": 0.0019142328528687358, "val_loss": 0.0022996661718934774, "val_mae": 0.03829082474112511, "val_mse": 0.0019513913430273533, "lr": 9.999999747378752e-06, "_runtime": 64.31881499290466, "_step": 49, "best_val_loss": 0.0022996661718934774, "best_epoch": 49, "_wandb": {"runtime": 64}}