{"graph": {"_type": "graph-file", "sha256": "77ac9d780cc44c4535a67871d7f4c93a87b1701e0b31ec274c019d9f97fc0304", "size": 606, "path": "media/graph/graph_summary_77ac9d780cc44c4535a6.graph.json"}, "epoch": 0, "_timestamp": 1684780622.8421884, "loss": 6.613531589508057, "mae": 1.756904125213623, "mse": 4.964540958404541, "val_loss": 2.381152868270874, "val_mae": 0.09928674250841141, "val_mse": 0.011761752888560295, "lr": 0.04270000010728836, "_runtime": 4.694528341293335, "_step": 0, "best_val_loss": 2.381152868270874, "best_epoch": 0, "_wandb": {"runtime": 4}}