{"graph": {"_type": "graph-file", "sha256": "9f854645ae3bfa7e9ce505ece3fe5a23b17d6a33c5d532168fcf2768a9a4a552", "size": 911, "path": "media/graph/graph_summary_9f854645ae3bfa7e9ce5.graph.json"}, "epoch": 19, "_timestamp": 1682437651.6967578, "loss": 0.4577893316745758, "mae": 0.6751850843429565, "mse": 0.4577893316745758, "root_mean_squared_error": 0.6766012907028198, "val_loss": 0.45699170231819153, "val_mae": 0.6745679974555969, "val_mse": 0.45699170231819153, "val_root_mean_squared_error": 0.6760116219520569, "lr": 9.999999747378752e-06, "_runtime": 16.143125772476196, "_step": 19, "best_val_loss": 0.45699170231819153, "best_epoch": 0, "_wandb": {"runtime": 15}}