{"graph": {"_type": "graph-file", "sha256": "b1394f6ac533335fb212020ac6f35e5421f16e5eb784a19f319fca6203007e7f", "size": 1020, "path": "media/graph/graph_summary_b1394f6ac533335fb212.graph.json"}, "epoch": 199, "_timestamp": 1681892190.856986, "loss": 0.002453886205330491, "mae": 0.038678329437971115, "mse": 0.002029384020715952, "val_loss": 0.0025027755182236433, "val_mae": 0.039009783416986465, "val_mse": 0.002078274730592966, "lr": 9.999999747378752e-06, "_runtime": 927.953989982605, "_step": 1799, "best_val_loss": 0.0019667642191052437, "best_epoch": 199, "_wandb": {"runtime": 927}}