{"graph": {"_type": "graph-file", "sha256": "2910eba9003358c5f98da7e9c12e27bbd61ff5182315926c931febaf8b665ab2", "size": 722, "path": "media/graph/graph_summary_2910eba9003358c5f98d.graph.json"}, "epoch": 49, "_timestamp": 1681308299.3011665, "loss": 1.373742938041687, "mae": 0.04928138107061386, "mse": 0.0032553160563111305, "val_loss": 1.3735169172286987, "val_mae": 0.04901639744639397, "val_mse": 0.0032686213962733746, "lr": 9.999999747378752e-06, "_runtime": 96.27833461761475, "_step": 49, "best_val_loss": 1.3735169172286987, "best_epoch": 49, "_wandb": {"runtime": 96}}