{"graph": {"_type": "graph-file", "sha256": "533a10be604ef4e597d63fd843bf08721af23394f1c35f3d70e874737b4c577a", "size": 1091, "path": "media/graph/graph_summary_533a10be604ef4e597d6.graph.json"}, "epoch": 49, "_timestamp": 1683661940.2819192, "loss": 0.001078527420759201, "mae": 0.02365022711455822, "mse": 0.001078527420759201, "root_mean_squared_error": 0.03284094110131264, "val_loss": 0.0011533660581335425, "val_mae": 0.024618638679385185, "val_mse": 0.0011533660581335425, "val_root_mean_squared_error": 0.03396124392747879, "lr": 0.0010749675566330552, "_runtime": 222.2080593109131, "_step": 499, "best_val_loss": 3.528641536831856e-05, "best_epoch": 49, "_wandb": {"runtime": 221}}