{"graph": {"_type": "graph-file", "sha256": "97cd6750b9113bed84483a6b8a6e9a1d1f14ca8f78c6a29aacf419f070768ae3", "size": 579, "path": "media/graph/graph_summary_97cd6750b9113bed8448.graph.json"}, "epoch": 9, "_timestamp": 1682358771.1133406, "loss": 0.0022707819007337093, "mae": 0.03822662681341171, "mse": 0.0019899250473827124, "root_mean_squared_error": 0.044608574360609055, "val_loss": 0.0020900738891214132, "val_mae": 0.038499027490615845, "val_mse": 0.001983259106054902, "val_root_mean_squared_error": 0.04453379660844803, "lr": 0.09925000369548798, "_runtime": 7.556206703186035, "_step": 9, "best_val_loss": 0.0020155319944024086, "best_epoch": 2, "_wandb": {"runtime": 6}}