{"graph": {"_type": "graph-file", "sha256": "34031f9cb11e6d28b20bd5f9e3717c916842297c67b9a1c3dce61c3eb20398a9", "size": 597, "path": "media/graph/graph_summary_34031f9cb11e6d28b20b.graph.json"}, "epoch": 1, "_timestamp": 1682695960.2925446, "loss": 0.8951134085655212, "mae": 0.03785538673400879, "mse": 0.001914520631544292, "val_loss": 0.6486825942993164, "val_mae": 0.03829938545823097, "val_mse": 0.0019484678050503135, "lr": 0.0010000000474974513, "_runtime": 9.035970687866211, "_step": 1, "best_val_loss": 0.6486825942993164, "best_epoch": 1, "_wandb": {"runtime": 7}}