{"graph": {"_type": "graph-file", "sha256": "6e753f31705c38561cfc6b4ef457068dcf4f9f6257279008888c877b63efee4d", "size": 513, "path": "media/graph/graph_summary_6e753f31705c38561cfc.graph.json"}, "epoch": 149, "_timestamp": 1684582057.5912786, "loss": 0.0034155070316046476, "mae": 0.05064047873020172, "mse": 0.0034155070316046476, "val_loss": 0.0033466562163084745, "val_mae": 0.049967385828495026, "val_mse": 0.0033466562163084745, "lr": 0.0001346875069430098, "_runtime": 5521.141550540924, "_step": 149, "best_val_loss": 0.0033463791478425264, "best_epoch": 106, "_wandb": {"runtime": 5519}}