{"graph": {"_type": "graph-file", "sha256": "65a644856511e013daeeb8a86882d4dbeba9e535843d05eba135d1a1a55b0643", "size": 882, "path": "media/graph/graph_summary_65a644856511e013daee.graph.json"}, "epoch": 199, "_timestamp": 1681841812.458461, "loss": 0.0019143635872751474, "mae": 0.037871334701776505, "mse": 0.0019143576500937343, "val_loss": 0.0019500207854434848, "val_mae": 0.03830045834183693, "val_mse": 0.001950016594491899, "lr": 9.999999747378752e-06, "_runtime": 807.9720251560211, "_step": 1799, "best_val_loss": 0.0019499320769682527, "best_epoch": 139, "_wandb": {"runtime": 807}}