{"graph": {"_type": "graph-file", "sha256": "6b661ee68a9e83fb819a483f5a1668581ecbdd6399e744e8ec02dc700dc82bfe", "size": 593, "path": "media/graph/graph_summary_6b661ee68a9e83fb819a.graph.json"}, "epoch": 699, "_timestamp": 1684449576.6116357, "loss": 0.0008956632809713483, "mae": 0.01782584935426712, "mse": 0.0006575439474545419, "root_mean_squared_error": 0.025642618536949158, "val_loss": 0.0009319171658717096, "val_mae": 0.018153289332985878, "val_mse": 0.0006938008591532707, "val_root_mean_squared_error": 0.026340099051594734, "lr": 9.999999747378752e-06, "_runtime": 476.8037576675415, "_step": 699, "best_val_loss": 0.0009307599393650889, "best_epoch": 693, "_wandb": {"runtime": 474}}