{"graph": {"_type": "graph-file", "sha256": "e0bdd83cd295dbabd83455c93259030ec2e6eab732bbe2030ecff7fb5786cdd9", "size": 935, "path": "media/graph/graph_summary_e0bdd83cd295dbabd834.graph.json"}, "epoch": 49, "_timestamp": 1682705833.386911, "loss": 0.8553481698036194, "mae": 0.9238148927688599, "mse": 0.8553481698036194, "root_mean_squared_error": 0.924850344657898, "val_loss": 0.8565237522125244, "val_mae": 0.9244318604469299, "val_mse": 0.8565237522125244, "val_root_mean_squared_error": 0.9254857301712036, "lr": 9.999999747378752e-06, "_runtime": 123.0854229927063, "_step": 449, "best_val_loss": 0.007489706855267286, "best_epoch": 0, "_wandb": {"runtime": 121}}