{"graph": {"_type": "graph-file", "sha256": "453629ece7c19dc579d6470d7dfbed534b7e4f78ce823592f211637e80f18864", "size": 586, "path": "media/graph/graph_summary_453629ece7c19dc579d6.graph.json"}, "epoch": 9, "_timestamp": 1682357128.1329007, "loss": 0.0022769488859921694, "mae": 0.038597945123910904, "mse": 0.002030677394941449, "val_loss": 0.002296630758792162, "val_mae": 0.03858483210206032, "val_mse": 0.001984349684789777, "lr": 0.09925000369548798, "_runtime": 5.074711799621582, "_step": 9, "best_val_loss": 0.002055906690657139, "best_epoch": 0, "_wandb": {"runtime": 4}}