{"graph": {"_type": "graph-file", "sha256": "853afdb1f393a291f6bba6f29bd5a7831db8ee4ac72fee91bd96ec17e6f7b490", "size": 1038, "path": "media/graph/graph_summary_853afdb1f393a291f6bb.graph.json"}, "epoch": 49, "_timestamp": 1680889003.8831553, "loss": 0.06845416873693466, "mae": 0.03140512481331825, "mse": 0.0014801813522353768, "val_loss": 0.06729166209697723, "val_mae": 0.025550154969096184, "val_mse": 0.0008654615376144648, "lr": 9.999999747378752e-06, "_runtime": 110.87991523742676, "_step": 49, "best_val_loss": 0.06729166209697723, "best_epoch": 49, "_wandb": {"runtime": 111}}