{"graph": {"_type": "graph-file", "sha256": "3a7800cf81d07a0e04e9176fb900fafe1b6f7cfb97f89595799385ca8bb0333c", "size": 512, "path": "media/graph/graph_summary_3a7800cf81d07a0e04e9.graph.json"}, "epoch": 0, "_timestamp": 1684289199.259836, "loss": 0.005654544103890657, "mae": 0.0510869137942791, "mse": 0.005654544103890657, "val_loss": 0.0039510345086455345, "val_mae": 0.04553878679871559, "val_mse": 0.0039510345086455345, "lr": 0.06896000355482101, "_runtime": 50.37870407104492, "_step": 0, "best_val_loss": 0.0039510345086455345, "best_epoch": 0}