{"graph": {"_type": "graph-file", "sha256": "e69dad264e70d5b54e07e1a9225fd75d5e30853f78f90278e365c352554c5dd6", "size": 593, "path": "media/graph/graph_summary_e69dad264e70d5b54e07.graph.json"}, "epoch": 19, "_timestamp": 1681743451.9055662, "loss": 0.0172120351344347, "mae": 0.04068244248628616, "mse": 0.0023186129983514547, "val_loss": 0.017155520617961884, "val_mae": 0.04102952405810356, "val_mse": 0.0023785014636814594, "lr": 0.0003804498410318047, "_runtime": 100.18800330162048, "_step": 179, "best_val_loss": 0.002919522812590003, "best_epoch": 19, "_wandb": {"runtime": 99}}