{"graph": {"_type": "graph-file", "sha256": "764e41739486f6d35a74c00ab5c7721efaed7d1b359f358ca632ca53960c759f", "size": 1092, "path": "media/graph/graph_summary_764e41739486f6d35a74.graph.json"}, "epoch": 19, "_timestamp": 1682764168.0043402, "loss": 0.001942430273629725, "mae": 0.038158584386110306, "mse": 0.001942430273629725, "root_mean_squared_error": 0.044073011726140976, "val_loss": 0.001978397835046053, "val_mae": 0.03859313577413559, "val_mse": 0.0019783980678766966, "val_root_mean_squared_error": 0.044479187577962875, "lr": 0.014161153696477413, "_runtime": 173.39372205734253, "_step": 179, "best_val_loss": 0.0019347823690623045, "best_epoch": 19, "_wandb": {"runtime": 171}}