{"graph": {"_type": "graph-file", "sha256": "62adf72a846d167414421c26f61a059263e9d3957c36b4e12fb587a4b3a0b101", "size": 593, "path": "media/graph/graph_summary_62adf72a846d16741442.graph.json"}, "epoch": 199, "_timestamp": 1684356837.294753, "loss": 0.0015392774948850274, "mae": 0.0279880091547966, "mse": 0.0012550761457532644, "root_mean_squared_error": 0.03542705252766609, "val_loss": 0.0015627563698217273, "val_mae": 0.028286993503570557, "val_mse": 0.0012787770247086883, "val_root_mean_squared_error": 0.03575999289751053, "lr": 9.999999747378752e-06, "_runtime": 287.20137214660645, "_step": 199, "best_val_loss": 0.0015620599733665586, "best_epoch": 191, "_wandb": {"runtime": 285}}