{"graph": {"_type": "graph-file", "sha256": "124a06f98ae14bbd0507dc180f6b8654a830ab5b6d49877c6269a59147ac6f89", "size": 1098, "path": "media/graph/graph_summary_124a06f98ae14bbd0507.graph.json"}, "epoch": 49, "_timestamp": 1683687731.1959445, "loss": 6.9827088736929e-05, "mae": 0.006007002666592598, "mse": 6.9827088736929e-05, "root_mean_squared_error": 0.00835625920444727, "val_loss": 7.433004066115245e-05, "val_mae": 0.005985235329717398, "val_mse": 7.433004066115245e-05, "val_root_mean_squared_error": 0.008621487766504288, "lr": 0.00026751551195047796, "_runtime": 698.4344384670258, "_step": 499, "best_val_loss": 3.702393951243721e-05, "best_epoch": 47, "_wandb": {"runtime": 697}}