{"graph": {"_type": "graph-file", "sha256": "494d547c8fb334a1dd3799d879ae01764fb9c810282f7827348cbc6f46330386", "size": 593, "path": "media/graph/graph_summary_494d547c8fb334a1dd37.graph.json"}, "epoch": 49, "_timestamp": 1681571266.6713066, "loss": 0.0020127275492995977, "mae": 0.03782474249601364, "mse": 0.0019108291016891599, "val_loss": 0.0020514049101620913, "val_mae": 0.0382331945002079, "val_mse": 0.001949648722074926, "lr": 9.999999747378752e-06, "_runtime": 52.774367570877075, "_step": 49, "best_val_loss": 0.0020514049101620913, "best_epoch": 49, "_wandb": {"runtime": 52}}