{"graph": {"_type": "graph-file", "sha256": "2e20dac3aad9dc67285ae509c3d9149da92309f111ab9dd0756ae3073518c71c", "size": 593, "path": "media/graph/graph_summary_2e20dac3aad9dc67285a.graph.json"}, "epoch": 199, "_timestamp": 1682970861.090912, "loss": 0.0011709125246852636, "mae": 0.023454362526535988, "mse": 0.0010222768178209662, "root_mean_squared_error": 0.031973063945770264, "val_loss": 0.001236306969076395, "val_mae": 0.024064935743808746, "val_mse": 0.0010874749859794974, "val_root_mean_squared_error": 0.03297688439488411, "lr": 9.999999747378752e-06, "_runtime": 1562.8658502101898, "_step": 1999, "best_val_loss": 0.0009058847790583968, "best_epoch": 190, "_wandb": {"runtime": 1561}}