{"graph": {"_type": "graph-file", "sha256": "ff441591ba63d5b08f3947fee16bef00959bfaf6c75eed109169c8a0b69f0f87", "size": 565, "path": "media/graph/graph_summary_ff441591ba63d5b08f39.graph.json"}, "epoch": 49, "_timestamp": 1681823499.5261438, "loss": 0.002655741525813937, "mae": 0.03671007975935936, "mse": 0.0017995925154536963, "val_loss": 0.0026674482505768538, "val_mae": 0.03697163984179497, "val_mse": 0.0018104254268109798, "lr": 1.5625000742147677e-05, "_runtime": 63.40783977508545, "_step": 49, "best_val_loss": 0.0026674482505768538, "best_epoch": 49, "_wandb": {"runtime": 63}}