{"graph": {"_type": "graph-file", "sha256": "79b08f6778947b3bc8a78ef05d3dff856660767dcb2583e232a2bb59d0e5856f", "size": 593, "path": "media/graph/graph_summary_79b08f6778947b3bc8a7.graph.json"}, "epoch": 299, "_timestamp": 1684849246.8031006, "loss": 0.001065492513589561, "mae": 0.0232539065182209, "mse": 0.0008194029214791954, "root_mean_squared_error": 0.028625214472413063, "val_loss": 0.0010684579610824585, "val_mae": 0.023224521428346634, "val_mse": 0.0008223914192058146, "val_root_mean_squared_error": 0.02867736853659153, "lr": 9.999999747378752e-06, "_runtime": 252.51213359832764, "_step": 299, "best_val_loss": 0.0010674733202904463, "best_epoch": 173, "_wandb": {"runtime": 250}}