{"graph": {"_type": "graph-file", "sha256": "bc117795c950aa4dca5bb352c893e239b73c7a83648a66fd426c22f426537b73", "size": 593, "path": "media/graph/graph_summary_bc117795c950aa4dca5b.graph.json"}, "epoch": 9, "_timestamp": 1682437341.471363, "loss": 0.00258252932690084, "mae": 0.03622802719473839, "mse": 0.0018869551131501794, "root_mean_squared_error": 0.043439097702503204, "val_loss": 0.0028143629897385836, "val_mae": 0.03233153745532036, "val_mse": 0.0016182471299543977, "val_root_mean_squared_error": 0.04022744297981262, "lr": 0.09925000369548798, "_runtime": 7.976713180541992, "_step": 9, "best_val_loss": 0.0020099941175431013, "best_epoch": 1, "_wandb": {"runtime": 7}}