{"graph": {"_type": "graph-file", "sha256": "c8d256eff1fd4726403be5b8e88d06a61bb400b9d9e166291e2d55d2279a737c", "size": 1094, "path": "media/graph/graph_summary_c8d256eff1fd4726403b.graph.json"}, "epoch": 149, "_timestamp": 1683653469.1949675, "loss": 0.003399998415261507, "mae": 0.05047537758946419, "mse": 0.003399998415261507, "root_mean_squared_error": 0.05830950662493706, "val_loss": 0.0034001311287283897, "val_mae": 0.05054284632205963, "val_mse": 0.0034001311287283897, "val_root_mean_squared_error": 0.05831063911318779, "lr": 9.999999747378752e-06, "_runtime": 699.5775184631348, "_step": 1499, "best_val_loss": 0.003400085959583521, "best_epoch": 70, "_wandb": {"runtime": 698}}