{"graph": {"_type": "graph-file", "sha256": "9e30117d3a1c1014d5b4a215c39b620baf0843888b106c2fbdaf210436934c67", "size": 593, "path": "media/graph/graph_summary_9e30117d3a1c1014d5b4.graph.json"}, "epoch": 49, "_timestamp": 1681320601.2300503, "loss": 0.0020961284171789885, "mae": 0.03771938011050224, "mse": 0.0019012090051546693, "val_loss": 0.0021268632262945175, "val_mae": 0.03814171627163887, "val_mse": 0.0019375282572582364, "lr": 9.999999747378752e-06, "_runtime": 47.24114441871643, "_step": 49, "best_val_loss": 0.0021268632262945175, "best_epoch": 49, "_wandb": {"runtime": 46}}