{"graph": {"_type": "graph-file", "sha256": "4c8185c8f5e04e39cd8f5552d04239b6d1cd9a5441834b2fc4ce30fde6208e51", "size": 740, "path": "media/graph/graph_summary_4c8185c8f5e04e39cd8f.graph.json"}, "epoch": 49, "_timestamp": 1681319295.0006504, "loss": 2.453974723815918, "mae": 0.03808950260281563, "mse": 0.0019492132123559713, "val_loss": 2.453697681427002, "val_mae": 0.03849376365542412, "val_mse": 0.001994907855987549, "lr": 9.999999747378752e-06, "_runtime": 55.851452350616455, "_step": 49, "best_val_loss": 2.453697681427002, "best_epoch": 49, "_wandb": {"runtime": 55}}