{"graph": {"_type": "graph-file", "sha256": "b0e991419d33b8f9c145667fc3dc680a07142ed57013a1d3ab881f78806acf0c", "size": 593, "path": "media/graph/graph_summary_b0e991419d33b8f9c145.graph.json"}, "epoch": 49, "_timestamp": 1681827912.9676547, "loss": 0.0017342979554086924, "mae": 0.033567965030670166, "mse": 0.0015710891457274556, "val_loss": 0.0017608881462365389, "val_mae": 0.03384646028280258, "val_mse": 0.0015972366090863943, "lr": 9.999999747378752e-06, "_runtime": 196.8702688217163, "_step": 449, "best_val_loss": 0.0012955389684066176, "best_epoch": 49, "_wandb": {"runtime": 196}}