{"graph": {"_type": "graph-file", "sha256": "ec367351ba1200ab5213544811900627493f4847085f9761eb8059e90085ed2e", "size": 926, "path": "media/graph/graph_summary_ec367351ba1200ab5213.graph.json"}, "epoch": 19, "_timestamp": 1682437712.5671465, "loss": 0.14267824590206146, "mae": 0.37518510222435, "mse": 0.14267823100090027, "root_mean_squared_error": 0.3777277171611786, "val_loss": 0.1422509253025055, "val_mae": 0.3745681047439575, "val_mse": 0.1422509253025055, "val_root_mean_squared_error": 0.3771616816520691, "lr": 9.999999747378752e-06, "_runtime": 14.429345607757568, "_step": 19, "best_val_loss": 0.1422509253025055, "best_epoch": 0, "_wandb": {"runtime": 13}}