{"graph": {"_type": "graph-file", "sha256": "74eb4da14a7946959beab73ae4b7d6b7e56fceec427c0e71a986e6b2ab3ab4cb", "size": 579, "path": "media/graph/graph_summary_74eb4da14a7946959bea.graph.json"}, "epoch": 299, "_timestamp": 1684428281.765234, "loss": 0.0011148933554068208, "mae": 0.02282060496509075, "mse": 0.0009601138881407678, "root_mean_squared_error": 0.03098570555448532, "val_loss": 0.0011506857117637992, "val_mae": 0.02296391874551773, "val_mse": 0.000995880109257996, "val_root_mean_squared_error": 0.03155756741762161, "lr": 9.999999747378752e-06, "_runtime": 206.2041299343109, "_step": 299, "best_val_loss": 0.0011506353039294481, "best_epoch": 296, "_wandb": {"runtime": 204}}