{"graph": {"_type": "graph-file", "sha256": "9eb265a373347b90d3a078cbf2eba6f3621443bec68c0a4c0b554fa5c3bf99fa", "size": 740, "path": "media/graph/graph_summary_9eb265a373347b90d3a0.graph.json"}, "epoch": 0, "_timestamp": 1680802510.2357397, "loss": 9.909193992614746, "mae": 0.04104496166110039, "mse": 0.004775401670485735, "val_loss": 7.269072532653809, "val_mae": 0.028800280764698982, "val_mse": 0.0012262410018593073, "lr": 0.0010000000474974513, "_runtime": 3.6786296367645264, "_step": 0, "best_val_loss": 7.269072532653809, "best_epoch": 0, "_wandb": {"runtime": 3}}