{"graph": {"_type": "graph-file", "sha256": "74eb4da14a7946959beab73ae4b7d6b7e56fceec427c0e71a986e6b2ab3ab4cb", "size": 579, "path": "media/graph/graph_summary_74eb4da14a7946959bea.graph.json"}, "epoch": 699, "_timestamp": 1684446054.189856, "loss": 0.0009435940301045775, "mae": 0.02044680528342724, "mse": 0.0008034632191993296, "root_mean_squared_error": 0.02834542654454708, "val_loss": 0.0009749107994139194, "val_mae": 0.02059982903301716, "val_mse": 0.0008348082192242146, "val_root_mean_squared_error": 0.02889304794371128, "lr": 9.999999747378752e-06, "_runtime": 989.6313199996948, "_step": 699, "best_val_loss": 0.000974897004198283, "best_epoch": 698, "_wandb": {"runtime": 987}}