{"graph": {"_type": "graph-file", "sha256": "4174251a7f0aaef0e076731d964a771ff6ae1df95a63c1bdbaf664e62e3b0ccb", "size": 1093, "path": "media/graph/graph_summary_4174251a7f0aaef0e076.graph.json"}, "epoch": 49, "_timestamp": 1683661234.8654635, "loss": 0.003283330937847495, "mae": 0.04939660429954529, "mse": 0.003283330937847495, "root_mean_squared_error": 0.05730033665895462, "val_loss": 0.0033250327687710524, "val_mae": 0.049677006900310516, "val_mse": 0.0033250327687710524, "val_root_mean_squared_error": 0.057663094252347946, "lr": 0.019065668806433678, "_runtime": 1327.3870825767517, "_step": 499, "best_val_loss": 0.003123111557215452, "best_epoch": 47, "_wandb": {"runtime": 1299}}