{"graph": {"_type": "graph-file", "sha256": "47ea51b8d45914f1be389dc66ccad836d0a7d1634726b774506c03578821bf83", "size": 734, "path": "media/graph/graph_summary_47ea51b8d45914f1be38.graph.json"}, "epoch": 29, "_timestamp": 1681825842.6835186, "loss": 0.0019146312261000276, "mae": 0.03787229210138321, "mse": 0.0019144356483593583, "val_loss": 0.0019502489594742656, "val_mae": 0.03830001503229141, "val_mse": 0.0019500572234392166, "lr": 0.00018549812375567853, "_runtime": 153.93917870521545, "_step": 269, "best_val_loss": 0.001949896919541061, "best_epoch": 28, "_wandb": {"runtime": 153}}