{"graph": {"_type": "graph-file", "sha256": "cdff15b83cc2220700cbacb1c6eb0e7e4c41fe733a016aa74b3db9b6e40a0be0", "size": 1074, "path": "media/graph/graph_summary_cdff15b83cc2220700cb.graph.json"}, "epoch": 149, "_timestamp": 1684227358.728335, "loss": 5.839564619236626e-05, "mae": 0.004535158630460501, "mse": 5.839564619236626e-05, "root_mean_squared_error": 0.00764170428737998, "val_loss": 6.143363862065598e-05, "val_mae": 0.004644790198653936, "val_mse": 6.143363862065598e-05, "val_root_mean_squared_error": 0.007837961427867413, "lr": 0.00020903124823234975, "_runtime": 163.59059691429138, "_step": 149, "best_val_loss": 6.011986988596618e-05, "best_epoch": 148, "_wandb": {"runtime": 162}}