{"graph": {"_type": "graph-file", "sha256": "50c0ac54b12eaef92caa2bb76e95c30e19f641047844ef9ce739012bbf621497", "size": 740, "path": "media/graph/graph_summary_50c0ac54b12eaef92caa.graph.json"}, "epoch": 49, "_timestamp": 1681309135.7104442, "loss": 2.4603734016418457, "mae": 0.037728551775217056, "mse": 0.0018923378083854914, "val_loss": 2.460087537765503, "val_mae": 0.03808800131082535, "val_mse": 0.001929102698341012, "lr": 9.999999747378752e-06, "_runtime": 88.10074210166931, "_step": 49, "best_val_loss": 2.460087537765503, "best_epoch": 49, "_wandb": {"runtime": 88}}