{"graph": {"_type": "graph-file", "sha256": "11d901694bbcdf0cedaf33080226f27cdeb61547d6a657cd4426a5fc982e0ec6", "size": 875, "path": "media/graph/graph_summary_11d901694bbcdf0cedaf.graph.json"}, "epoch": 49, "_timestamp": 1681833658.04617, "loss": 1.2284189462661743, "mae": 0.044575657695531845, "mse": 0.0029124526772648096, "val_loss": 1.2133067846298218, "val_mae": 0.045141059905290604, "val_mse": 0.002991041634231806, "lr": 0.005507747642695904, "_runtime": 99.07133793830872, "_step": 449, "best_val_loss": 0.8648810982704163, "best_epoch": 49, "_wandb": {"runtime": 98}}