{"graph": {"_type": "graph-file", "sha256": "b2094e043a00ec7bafde9c01628f304b2e981ca90a1ae098d59d46629758ed51", "size": 1395, "path": "media/graph/graph_summary_b2094e043a00ec7bafde.graph.json"}, "epoch": 299, "_timestamp": 1684957818.250671, "loss": 0.9310065507888794, "mae": 0.964771568775177, "mse": 0.9310065507888794, "root_mean_squared_error": 0.9648868441581726, "val_loss": 0.9334330558776855, "val_mae": 0.9660236239433289, "val_mse": 0.9334330558776855, "val_root_mean_squared_error": 0.9661433696746826, "lr": 9.999999747378752e-06, "_runtime": 108.19191479682922, "_step": 299, "best_val_loss": 0.9334329962730408, "best_epoch": 0, "_wandb": {"runtime": 105}}