{"graph": {"_type": "graph-file", "sha256": "4c8185c8f5e04e39cd8f5552d04239b6d1cd9a5441834b2fc4ce30fde6208e51", "size": 740, "path": "media/graph/graph_summary_4c8185c8f5e04e39cd8f.graph.json"}, "epoch": 49, "_timestamp": 1681051011.7131336, "loss": 0.008211548440158367, "mae": 0.02456921897828579, "mse": 0.0008102398132905364, "val_loss": 0.008136307820677757, "val_mae": 0.025483261793851852, "val_mse": 0.0008552588406018913, "lr": 9.999999747378752e-06, "_runtime": 135.85987162590027, "_step": 49, "best_val_loss": 0.008136307820677757, "best_epoch": 49, "_wandb": {"runtime": 136}}