{"graph": {"_type": "graph-file", "sha256": "4c8185c8f5e04e39cd8f5552d04239b6d1cd9a5441834b2fc4ce30fde6208e51", "size": 740, "path": "media/graph/graph_summary_4c8185c8f5e04e39cd8f.graph.json"}, "epoch": 9, "_timestamp": 1680785346.276976, "loss": 0.3238704800605774, "mae": 0.022450655698776245, "mse": 0.0007046684622764587, "val_loss": 0.28633299469947815, "val_mae": 0.02254077047109604, "val_mse": 0.0006982808699831367, "lr": 0.0002500000118743628, "_runtime": 11.883967161178589, "_step": 9, "best_val_loss": 0.28633299469947815, "best_epoch": 9, "_wandb": {"runtime": 11}}