{"graph": {"_type": "graph-file", "sha256": "77ac9d780cc44c4535a67871d7f4c93a87b1701e0b31ec274c019d9f97fc0304", "size": 606, "path": "media/graph/graph_summary_77ac9d780cc44c4535a6.graph.json"}, "epoch": 0, "_timestamp": 1684781922.0832512, "loss": -432.2597961425781, "mae": 1.18087899684906, "mse": 1.9051650762557983, "val_loss": -519.0816040039062, "val_mae": 0.4073886573314667, "val_mse": 0.24060432612895966, "lr": 0.04270000010728836, "_runtime": 4.372767210006714, "_step": 0, "best_val_loss": -519.0816040039062, "best_epoch": 0, "_wandb": {"runtime": 3}}