{"graph": {"_type": "graph-file", "sha256": "daac36f8fb10580b46e54724edf7c9ef1114f33922d3f51e0023420d0eb445c7", "size": 593, "path": "media/graph/graph_summary_daac36f8fb10580b46e5.graph.json"}, "epoch": 49, "_timestamp": 1681321153.7553866, "loss": 0.003032968146726489, "mae": 0.03716200217604637, "mse": 0.0018648800905793905, "val_loss": 0.0030858248937875032, "val_mae": 0.03766404092311859, "val_mse": 0.0019202206749469042, "lr": 9.999999747378752e-06, "_runtime": 51.21845269203186, "_step": 49, "best_val_loss": 0.0030858248937875032, "best_epoch": 49, "_wandb": {"runtime": 50}}