{"graph": {"_type": "graph-file", "sha256": "a087add86b312f72c931294c7356467414b135bb24692633ed22031017b21a0d", "size": 593, "path": "media/graph/graph_summary_a087add86b312f72c931.graph.json"}, "epoch": 299, "_timestamp": 1684429221.6050534, "loss": 0.0023005299735814333, "mae": 0.03262822702527046, "mse": 0.0021447890903800726, "root_mean_squared_error": 0.046311866492033005, "val_loss": 0.002343872096389532, "val_mae": 0.033140119165182114, "val_mse": 0.002188038546591997, "val_root_mean_squared_error": 0.04677647352218628, "lr": 9.999999747378752e-06, "_runtime": 221.333256483078, "_step": 299, "best_val_loss": 0.0023437407799065113, "best_epoch": 296, "_wandb": {"runtime": 219}}