{"graph": {"_type": "graph-file", "sha256": "2910eba9003358c5f98da7e9c12e27bbd61ff5182315926c931febaf8b665ab2", "size": 722, "path": "media/graph/graph_summary_2910eba9003358c5f98d.graph.json"}, "epoch": 0, "_timestamp": 1681055188.2981617, "loss": 8.058195114135742, "mae": 0.049356814473867416, "mse": 0.0036023836582899094, "val_loss": 5.099816799163818, "val_mae": 0.06254216283559799, "val_mse": 0.005935231223702431, "lr": 0.0010000000474974513, "_runtime": 3.1939518451690674, "_step": 0, "best_val_loss": 5.099816799163818, "best_epoch": 0, "_wandb": {"runtime": 3}}