{"graph": {"_type": "graph-file", "sha256": "3fa27562db42276a3c6c80b889eb3cb519769741f21b9336a997c0d3855809d1", "size": 988, "path": "media/graph/graph_summary_3fa27562db42276a3c6c.graph.json"}, "epoch": 14, "_timestamp": 1680881118.9306672, "loss": 0.39199936389923096, "mae": 0.024745915085077286, "mse": 0.0008206870406866074, "val_loss": 0.3808746933937073, "val_mae": 0.02564109116792679, "val_mse": 0.0008663606713525951, "lr": 6.25000029685907e-05, "_runtime": 33.88494825363159, "_step": 14, "best_val_loss": 0.3808746933937073, "best_epoch": 14, "_wandb": {"runtime": 34}}