{"graph": {"_type": "graph-file", "sha256": "2643218c1e25b5a342baef695c2f3372ab2f3cd3bed2e77bf4f6622322cae664", "size": 771, "path": "media/graph/graph_summary_2643218c1e25b5a342ba.graph.json"}, "epoch": 149, "_timestamp": 1682792367.0977972, "loss": 0.007567142136394978, "mae": 0.07518515735864639, "mse": 0.007567142136394978, "root_mean_squared_error": 0.08698932081460953, "val_loss": 0.00751001900061965, "val_mae": 0.07456816732883453, "val_mse": 0.00751001900061965, "val_root_mean_squared_error": 0.08666036278009415, "lr": 9.999999747378752e-06, "_runtime": 1197.7519102096558, "_step": 1349, "best_val_loss": 0.00751001900061965, "best_epoch": 0, "_wandb": {"runtime": 1196}}