{"graph": {"_type": "graph-file", "sha256": "8daf7e86f159484d71e9f7b752a36cceda20c4c5aba79e1280e99f4f67d66bb9", "size": 593, "path": "media/graph/graph_summary_8daf7e86f159484d71e9.graph.json"}, "epoch": 99, "_timestamp": 1684421759.8374486, "loss": 208455.609375, "mae": 448.1560363769531, "mse": 208455.515625, "root_mean_squared_error": 456.56927490234375, "val_loss": 210940.5, "val_mae": 450.9691467285156, "val_mse": 210940.4375, "val_root_mean_squared_error": 459.28253173828125, "lr": 9.999999747378752e-06, "_runtime": 112.7498095035553, "_step": 99, "best_val_loss": 210940.5, "best_epoch": 55, "_wandb": {"runtime": 111}}