{"graph": {"_type": "graph-file", "sha256": "c9b8455352c6576033a42d0639483f34d79514cf92cfc4ab463692e25de23689", "size": 586, "path": "media/graph/graph_summary_c9b8455352c6576033a4.graph.json"}, "epoch": 299, "_timestamp": 1684428694.8991368, "loss": 0.002270360942929983, "mae": 0.03481777757406235, "mse": 0.002036086283624172, "root_mean_squared_error": 0.045123014599084854, "val_loss": 0.0022173819597810507, "val_mae": 0.034591805189847946, "val_mse": 0.001983243739232421, "val_root_mean_squared_error": 0.0445336252450943, "lr": 9.999999747378752e-06, "_runtime": 171.9427137374878, "_step": 299, "best_val_loss": 0.0022170923184603453, "best_epoch": 293, "_wandb": {"runtime": 170}}