{"graph": {"_type": "graph-file", "sha256": "35205f7661c0acd3fb5186736053b969d811ed18ce87aa824971ad637968ad64", "size": 432, "path": "media/graph/graph_summary_35205f7661c0acd3fb51.graph.json"}, "epoch": 149, "_timestamp": 1682593453.4414666, "loss": 0.00756714167073369, "mae": 0.07518517971038818, "mse": 0.00756714167073369, "root_mean_squared_error": 0.08698932081460953, "val_loss": 0.007510020863264799, "val_mae": 0.07456815987825394, "val_mse": 0.007510020863264799, "val_root_mean_squared_error": 0.08666037768125534, "lr": 9.999999747378752e-06, "_runtime": 5873.45014667511, "_step": 1349, "best_val_loss": 0.0019496085587888956, "best_epoch": 15, "_wandb": {"runtime": 5872}}