{"graph": {"_type": "graph-file", "sha256": "d16f2a8ffd9d6371d87788843ed8cfdeb4c63a3ea987e3900a671535e86c2bd6", "size": 770, "path": "media/graph/graph_summary_d16f2a8ffd9d6371d877.graph.json"}, "epoch": 19, "_timestamp": 1682257009.006252, "loss": 0.007567142602056265, "mae": 0.07518516480922699, "mse": 0.007567142602056265, "val_loss": 0.007510020397603512, "val_mae": 0.07456816732883453, "val_mse": 0.007510020397603512, "lr": 0.0011487033916637301, "_runtime": 60.553488969802856, "_step": 179, "best_val_loss": 0.007510020397603512, "best_epoch": 0, "_wandb": {"runtime": 59}}