{"graph": {"_type": "graph-file", "sha256": "aef0d7f6972b3401fc541db4fed35d563ce89275d23775343d8f17651fcdd8e8", "size": 1095, "path": "media/graph/graph_summary_aef0d7f6972b3401fc54.graph.json"}, "epoch": 49, "_timestamp": 1683685708.8767877, "loss": 0.0009343319688923657, "mae": 0.022524597123265266, "mse": 0.0009343319688923657, "root_mean_squared_error": 0.03056683950126171, "val_loss": 0.0009962643962353468, "val_mae": 0.024091698229312897, "val_mse": 0.0009962643962353468, "val_root_mean_squared_error": 0.031563650816679, "lr": 0.0028269656468182802, "_runtime": 470.72752356529236, "_step": 499, "best_val_loss": 4.3928917875746265e-05, "best_epoch": 49, "_wandb": {"runtime": 469}}