{"graph": {"_type": "graph-file", "sha256": "1ac42279a8a8ee75daecbd716f2cfd7ba2fd41eaabde548ec7ec7a227be58735", "size": 579, "path": "media/graph/graph_summary_1ac42279a8a8ee75daec.graph.json"}, "epoch": 499, "_timestamp": 1684489604.3807063, "loss": 0.001516223419457674, "mae": 0.026370180770754814, "mse": 0.0009150995756499469, "root_mean_squared_error": 0.030250612646341324, "val_loss": 0.0014526532031595707, "val_mae": 0.02473326213657856, "val_mse": 0.0008515484514646232, "val_root_mean_squared_error": 0.029181303456425667, "lr": 9.999999747378752e-06, "_runtime": 649.2014563083649, "_step": 499, "best_val_loss": 0.0014526532031595707, "best_epoch": 499, "_wandb": {"runtime": 647}}