{"graph": {"_type": "graph-file", "sha256": "1a7b612cd506dbbedec88f89a72b444484a13b0fa9990d5a1943440fbf027c68", "size": 513, "path": "media/graph/graph_summary_1a7b612cd506dbbedec8.graph.json"}, "epoch": 149, "_timestamp": 1683501840.626815, "loss": 2.0377403416205198e-05, "mae": 0.003481204155832529, "mse": 2.0377403416205198e-05, "root_mean_squared_error": 0.004514133557677269, "val_loss": 2.158122333639767e-05, "val_mae": 0.003535047871991992, "val_mse": 2.158122333639767e-05, "val_root_mean_squared_error": 0.004645559471100569, "lr": 0.0002693750138860196, "_runtime": 7333.76118516922, "_step": 149, "best_val_loss": 2.073214272968471e-05, "best_epoch": 147, "_wandb": {"runtime": 7332}}