{"graph": {"_type": "graph-file", "sha256": "1a7b612cd506dbbedec88f89a72b444484a13b0fa9990d5a1943440fbf027c68", "size": 513, "path": "media/graph/graph_summary_1a7b612cd506dbbedec8.graph.json"}, "epoch": 149, "_timestamp": 1684731892.1054451, "loss": 3.38145655405242e-05, "mae": 0.0040070367977023125, "mse": 3.38145655405242e-05, "val_loss": 3.433709207456559e-05, "val_mae": 0.004026968963444233, "val_mse": 3.433709207456559e-05, "lr": 0.0005387500277720392, "_runtime": 8269.41319823265, "_step": 149, "best_val_loss": 3.355964145157486e-05, "best_epoch": 142, "_wandb": {"runtime": 8267}}