{"graph": {"_type": "graph-file", "sha256": "861b45bf462b60b63c01a326c4b3c733dd2e9fed3657d5a88d5096b56c3fea96", "size": 1092, "path": "media/graph/graph_summary_861b45bf462b60b63c01.graph.json"}, "epoch": 29, "_timestamp": 1683661486.0869322, "loss": 0.0010532485321164131, "mae": 0.0248143058270216, "mse": 0.0010532485321164131, "root_mean_squared_error": 0.03245379403233528, "val_loss": 0.0010547828860580921, "val_mae": 0.02483096718788147, "val_mse": 0.0010547828860580921, "val_root_mean_squared_error": 0.03247741982340813, "lr": 0.004429703112691641, "_runtime": 240.52820324897766, "_step": 299, "best_val_loss": 0.0002596165577415377, "best_epoch": 29, "_wandb": {"runtime": 239}}