{"graph": {"_type": "graph-file", "sha256": "5563a4c6b99bbf39c3180ed2215586d310f4488cfc159c497049f6527154d159", "size": 1097, "path": "media/graph/graph_summary_5563a4c6b99bbf39c318.graph.json"}, "epoch": 149, "_timestamp": 1683665847.1039705, "loss": 8.567191252950579e-05, "mae": 0.0074393958784639835, "mse": 8.567191252950579e-05, "root_mean_squared_error": 0.009255913086235523, "val_loss": 9.360467083752155e-05, "val_mae": 0.0076658232137560844, "val_mse": 9.360467083752155e-05, "val_root_mean_squared_error": 0.009674950502812862, "lr": 9.999999747378752e-06, "_runtime": 3895.0815246105194, "_step": 1499, "best_val_loss": 2.395790579612367e-05, "best_epoch": 132, "_wandb": {"runtime": 3894}}