{"graph": {"_type": "graph-file", "sha256": "a087add86b312f72c931294c7356467414b135bb24692633ed22031017b21a0d", "size": 593, "path": "media/graph/graph_summary_a087add86b312f72c931.graph.json"}, "epoch": 299, "_timestamp": 1684500934.8565655, "loss": 0.0015039960853755474, "mae": 0.022208966314792633, "mse": 0.0010912662837654352, "root_mean_squared_error": 0.033034320920705795, "val_loss": 0.0013614812633022666, "val_mae": 0.021331246942281723, "val_mse": 0.0009487444767728448, "val_root_mean_squared_error": 0.030801694840192795, "lr": 9.999999747378752e-06, "_runtime": 94.40968751907349, "_step": 299, "best_val_loss": 0.0013614812633022666, "best_epoch": 299, "_wandb": {"runtime": 92}}