{"graph": {"_type": "graph-file", "sha256": "5fcd1e487d1764ad15de2fa098e80a5c18120f4192d62db19268193cab9e3e8a", "size": 513, "path": "media/graph/graph_summary_5fcd1e487d1764ad15de.graph.json"}, "epoch": 149, "_timestamp": 1684615142.6982412, "loss": 0.007618334610015154, "mae": 0.07556810975074768, "mse": 0.007618334610015154, "val_loss": 0.007541048340499401, "val_mae": 0.07527658343315125, "val_mse": 0.007541048340499401, "lr": 0.0001346875069430098, "_runtime": 7705.978802204132, "_step": 149, "best_val_loss": 0.00753827253356576, "best_epoch": 137, "_wandb": {"runtime": 7704}}