{"graph": {"_type": "graph-file", "sha256": "80af2be372625c44c3a71c89b7728bbda8e8593f4d5bd4386bdc64f4be69e19c", "size": 590, "path": "media/graph/graph_summary_80af2be372625c44c3a7.graph.json"}, "epoch": 1, "_timestamp": 1682695926.6029675, "loss": 0.9680212736129761, "mae": 0.03775067999958992, "mse": 0.0019125834805890918, "val_loss": 0.7024266123771667, "val_mae": 0.0382278710603714, "val_mse": 0.0019422232871875167, "lr": 0.0010000000474974513, "_runtime": 8.310081481933594, "_step": 1, "best_val_loss": 0.7024266123771667, "best_epoch": 1, "_wandb": {"runtime": 8}}