{"graph": {"_type": "graph-file", "sha256": "6e3e4bbe6e3769228bcdb9410635d599fe9231b2cc8ca5dbea0c396d09caaadf", "size": 432, "path": "media/graph/graph_summary_6e3e4bbe6e3769228bcd.graph.json"}, "epoch": 149, "_timestamp": 1682602693.2676504, "loss": 0.0008868030272424221, "mae": 0.02179359272122383, "mse": 0.0008868030272424221, "root_mean_squared_error": 0.02977922558784485, "val_loss": 0.0008442632970400155, "val_mae": 0.02159952186048031, "val_mse": 0.0008442632970400155, "val_root_mean_squared_error": 0.029056210070848465, "lr": 4.602156695909798e-05, "_runtime": 5319.1141402721405, "_step": 1349, "best_val_loss": 3.405447569093667e-05, "best_epoch": 148, "_wandb": {"runtime": 5317}}