{"graph": {"_type": "graph-file", "sha256": "f04ba8ccb3694ab35f9a828ccaadc81bc61b9269cd6b5336d2861245d5218292", "size": 1104, "path": "media/graph/graph_summary_f04ba8ccb3694ab35f9a.graph.json"}, "epoch": 299, "_timestamp": 1684876354.310408, "loss": 5.8857254771282896e-05, "mae": 0.005401845555752516, "mse": 5.8857254771282896e-05, "root_mean_squared_error": 0.007671848870813847, "val_loss": 6.309997843345627e-05, "val_mae": 0.005509362090379, "val_mse": 6.309997843345627e-05, "val_root_mean_squared_error": 0.007943549193441868, "lr": 9.999999747378752e-06, "_runtime": 265.6647732257843, "_step": 299, "best_val_loss": 6.302921246970072e-05, "best_epoch": 289, "_wandb": {"runtime": 264}}