{"graph": {"_type": "graph-file", "sha256": "7c1c8d20138390a9805916cdc1805e851574bf90eb153866ef7f9ee2edd7a654", "size": 593, "path": "media/graph/graph_summary_7c1c8d20138390a98059.graph.json"}, "epoch": 9, "_timestamp": 1682357711.320798, "loss": 0.0012002482544630766, "mae": 0.025743436068296432, "mse": 0.001039710477925837, "root_mean_squared_error": 0.03224454075098038, "val_loss": 0.0016368626384064555, "val_mae": 0.027604971081018448, "val_mse": 0.0011581445578485727, "val_root_mean_squared_error": 0.034031521528959274, "lr": 0.09925000369548798, "_runtime": 12.738188028335571, "_step": 9, "best_val_loss": 0.0011135474778711796, "best_epoch": 8, "_wandb": {"runtime": 11}}