{"graph": {"_type": "graph-file", "sha256": "62adf72a846d167414421c26f61a059263e9d3957c36b4e12fb587a4b3a0b101", "size": 593, "path": "media/graph/graph_summary_62adf72a846d16741442.graph.json"}, "epoch": 249, "_timestamp": 1684521239.5290353, "loss": 0.0011758585460484028, "mae": 0.025524552911520004, "mse": 0.0009837301913648844, "root_mean_squared_error": 0.03136447072029114, "val_loss": 0.0011942756827920675, "val_mae": 0.025725005194544792, "val_mse": 0.0010021495399996638, "val_root_mean_squared_error": 0.031656745821237564, "lr": 9.999999747378752e-06, "_runtime": 508.2463102340698, "_step": 249, "best_val_loss": 0.001193813281133771, "best_epoch": 246, "_wandb": {"runtime": 505}}