{"graph": {"_type": "graph-file", "sha256": "e7c8e89d361da26335ec9ae9059f66e98201c19a417f362cdefb5d10fc51a7b7", "size": 1078, "path": "media/graph/graph_summary_e7c8e89d361da26335ec.graph.json"}, "epoch": 149, "_timestamp": 1684870757.247826, "loss": 7.541509694419801e-05, "mae": 0.006245320662856102, "mse": 7.541509694419801e-05, "root_mean_squared_error": 0.008684185333549976, "val_loss": 8.430996240349486e-05, "val_mae": 0.006406882777810097, "val_mse": 8.430996240349486e-05, "val_root_mean_squared_error": 0.009182046167552471, "lr": 5.2257928473409265e-05, "_runtime": 162.45795798301697, "_step": 149, "best_val_loss": 7.803052722010761e-05, "best_epoch": 141, "_wandb": {"runtime": 160}}