{"graph": {"_type": "graph-file", "sha256": "cd2fdc98842f75ff43805143b0ee0c63a2fbb3579c3ed7e1864999cbf9e4d162", "size": 593, "path": "media/graph/graph_summary_cd2fdc98842f75ff4380.graph.json"}, "epoch": 299, "_timestamp": 1684511282.801843, "loss": 0.0021690321154892445, "mae": 0.025279561057686806, "mse": 0.000865031557623297, "root_mean_squared_error": 0.029411418363451958, "val_loss": 0.0021185472141951323, "val_mae": 0.024341508746147156, "val_mse": 0.0008145941537804902, "val_root_mean_squared_error": 0.028541095554828644, "lr": 9.999999747378752e-06, "_runtime": 356.143914937973, "_step": 299, "best_val_loss": 0.0021185472141951323, "best_epoch": 299, "_wandb": {"runtime": 355}}