{"graph": {"_type": "graph-file", "sha256": "e1f0a670273a1d80d82800112e4d350f6a048ce4d56b83390d5fe680642ffab2", "size": 438, "path": "media/graph/graph_summary_e1f0a670273a1d80d828.graph.json"}, "epoch": 149, "_timestamp": 1683461373.634968, "loss": 6.321474211290479e-05, "mae": 0.0056935581378638744, "mse": 6.321474211290479e-05, "root_mean_squared_error": 0.007950769737362862, "val_loss": 6.750672764610499e-05, "val_mae": 0.005890427622944117, "val_mse": 6.750672764610499e-05, "val_root_mean_squared_error": 0.008216247893869877, "lr": 0.0003570902917999774, "_runtime": 6132.387757062912, "_step": 1499, "best_val_loss": 1.5009118214948103e-05, "best_epoch": 121, "_wandb": {"runtime": 6131}}