{"graph": {"_type": "graph-file", "sha256": "c43a6a08b8d95bcf8fd69640763fc6156f983d2fce3ea520ce9c63c2dc6a05bf", "size": 565, "path": "media/graph/graph_summary_c43a6a08b8d95bcf8fd6.graph.json"}, "epoch": 299, "_timestamp": 1684498615.2119424, "loss": 0.001462017884477973, "mae": 0.024718550965189934, "mse": 0.0008346125832758844, "root_mean_squared_error": 0.02888966165482998, "val_loss": 0.0014127211179584265, "val_mae": 0.023776844143867493, "val_mse": 0.0007853183778934181, "val_root_mean_squared_error": 0.028023531660437584, "lr": 9.999999747378752e-06, "_runtime": 34.15579032897949, "_step": 299, "best_val_loss": 0.0012070115189999342, "best_epoch": 6, "_wandb": {"runtime": 32}}