{"graph": {"_type": "graph-file", "sha256": "77ac9d780cc44c4535a67871d7f4c93a87b1701e0b31ec274c019d9f97fc0304", "size": 606, "path": "media/graph/graph_summary_77ac9d780cc44c4535a6.graph.json"}, "epoch": 0, "_timestamp": 1684696353.7710404, "loss": 4.0928778648376465, "mae": 1.3817003965377808, "mse": 2.658233165740967, "val_loss": 3.7026829719543457, "val_mae": 0.62920743227005, "val_mse": 0.8141176104545593, "lr": 0.04270000010728836, "_runtime": 4.598735332489014, "_step": 0, "best_val_loss": 3.7026829719543457, "best_epoch": 0, "_wandb": {"runtime": 3}}