{"graph": {"_type": "graph-file", "sha256": "470650ff80545fafac0fd232e89badb15d906112c7f32c7aedc67271d75ea710", "size": 567, "path": "media/graph/graph_summary_470650ff80545fafac0f.graph.json"}, "epoch": 99, "_timestamp": 1684341712.0638528, "loss": 0.0008367150439880788, "mae": 0.020634237676858902, "mse": 0.0007863537175580859, "root_mean_squared_error": 0.028042003512382507, "val_loss": 0.0008460881072096527, "val_mae": 0.02081797644495964, "val_mse": 0.0007961934898048639, "val_root_mean_squared_error": 0.028216900303959846, "lr": 9.999999747378752e-06, "_runtime": 539.6463286876678, "_step": 99, "best_val_loss": 0.0008460881072096527, "best_epoch": 99, "_wandb": {"runtime": 538}}