{"graph": {"_type": "graph-file", "sha256": "4c8185c8f5e04e39cd8f5552d04239b6d1cd9a5441834b2fc4ce30fde6208e51", "size": 740, "path": "media/graph/graph_summary_4c8185c8f5e04e39cd8f.graph.json"}, "epoch": 0, "_timestamp": 1680802537.8861117, "loss": 10.24703598022461, "mae": 0.06344866752624512, "mse": 0.013051274232566357, "val_loss": 7.5504889488220215, "val_mae": 0.02501479908823967, "val_mse": 0.0008776868344284594, "lr": 0.0010000000474974513, "_runtime": 3.3566677570343018, "_step": 0, "best_val_loss": 7.5504889488220215, "best_epoch": 0, "_wandb": {"runtime": 3}}