{"graph": {"_type": "graph-file", "sha256": "5211a80a941f6d2567fe41b315dbaea8d61439acd0ad9099ec1d2c829150b777", "size": 165, "path": "media/graph/graph_summary_5211a80a941f6d2567fe.graph.json"}, "epoch": 299, "_timestamp": 1684497671.810512, "damping_factor": 0.00010000002657761797, "attempts": 3, "loss": 2.9803815777995624e-05, "val_loss": 0.19101308286190033, "lr": 1.0, "_runtime": 39.359419107437134, "_step": 299, "best_val_loss": 0.07053466141223907, "best_epoch": 0, "_wandb": {"runtime": 38}}