{"graph": {"_type": "graph-file", "sha256": "176169cf2e260c4e7952ee4b83eff6f50cad3ac87c622524399efdf7ec9ca59a", "size": 593, "path": "media/graph/graph_summary_176169cf2e260c4e7952.graph.json"}, "epoch": 249, "_timestamp": 1684418307.1893823, "loss": 901352.9375, "mae": 948.9493408203125, "mse": 901352.9375, "root_mean_squared_error": 949.3960571289062, "val_loss": 901735.1875, "val_mae": 949.1181640625, "val_mse": 901735.1875, "val_root_mean_squared_error": 949.5973510742188, "lr": 9.999999747378752e-06, "_runtime": 128.92372035980225, "_step": 249, "best_val_loss": 901735.1875, "best_epoch": 189, "_wandb": {"runtime": 127}}