{"graph": {"_type": "graph-file", "sha256": "ff441591ba63d5b08f3947fee16bef00959bfaf6c75eed109169c8a0b69f0f87", "size": 565, "path": "media/graph/graph_summary_ff441591ba63d5b08f39.graph.json"}, "epoch": 149, "_timestamp": 1681584715.755469, "loss": 0.003442051587626338, "mae": 0.037645429372787476, "mse": 0.001912199892103672, "val_loss": 0.003452018601819873, "val_mae": 0.037942178547382355, "val_mse": 0.0019245215225964785, "lr": 9.999999747378752e-06, "_runtime": 218.37592816352844, "_step": 149, "best_val_loss": 0.003452018601819873, "best_epoch": 149, "_wandb": {"runtime": 218}}