{"graph": {"_type": "graph-file", "sha256": "91cbcf33022116b3b9c2d98087da8f51ac4dd56e4b0c6c76182620485ffe7f3b", "size": 513, "path": "media/graph/graph_summary_91cbcf33022116b3b9c2.graph.json"}, "epoch": 149, "_timestamp": 1684715388.419384, "loss": 6.716089410474524e-05, "mae": 0.005215425509959459, "mse": 6.716089410474524e-05, "val_loss": 6.661560473730788e-05, "val_mae": 0.005406414624303579, "val_mse": 6.661560473730788e-05, "lr": 0.0021550001110881567, "_runtime": 8153.221674919128, "_step": 149, "best_val_loss": 6.285651761572808e-05, "best_epoch": 145, "_wandb": {"runtime": 8151}}