{"graph": {"_type": "graph-file", "sha256": "de22b56f358365512a341e4573d5b6b8a0a54f9e900aecce5d1a9142f2e1136f", "size": 493, "path": "media/graph/graph_summary_de22b56f358365512a34.graph.json"}, "epoch": 399, "_timestamp": 1684789512.857501, "loss": 0.00017045991262421012, "mae": 0.008440525270998478, "mse": 0.00017045991262421012, "val_loss": 0.00016264253645204008, "val_mae": 0.008436639793217182, "val_mse": 0.00016264253645204008, "lr": 9.999999747378752e-06, "_runtime": 1883.6805520057678, "_step": 399, "best_val_loss": 0.00016246404265984893, "best_epoch": 360, "_wandb": {"runtime": 1882}}