{"graph": {"_type": "graph-file", "sha256": "b0e991419d33b8f9c145667fc3dc680a07142ed57013a1d3ab881f78806acf0c", "size": 593, "path": "media/graph/graph_summary_b0e991419d33b8f9c145.graph.json"}, "epoch": 49, "_timestamp": 1681829494.6817694, "loss": 0.0014946181327104568, "mae": 0.0310917217284441, "mse": 0.0013908740365877748, "val_loss": 0.0014651075471192598, "val_mae": 0.030908314511179924, "val_mse": 0.0013624026905745268, "lr": 0.011117741465568542, "_runtime": 79.38131928443909, "_step": 449, "best_val_loss": 0.00109671161044389, "best_epoch": 49, "_wandb": {"runtime": 78}}