{"graph": {"_type": "graph-file", "sha256": "65a644856511e013daeeb8a86882d4dbeba9e535843d05eba135d1a1a55b0643", "size": 882, "path": "media/graph/graph_summary_65a644856511e013daee.graph.json"}, "epoch": 19, "_timestamp": 1681840947.6384046, "loss": 0.0022135444451123476, "mae": 0.03793574124574661, "mse": 0.0019217791268602014, "val_loss": 0.0022518704645335674, "val_mae": 0.03831399977207184, "val_mse": 0.001958997454494238, "lr": 9.999999747378752e-06, "_runtime": 113.19071769714355, "_step": 179, "best_val_loss": 0.00195016385987401, "best_epoch": 19, "_wandb": {"runtime": 112}}