{"graph": {"_type": "graph-file", "sha256": "67e39dc95825729588e5ac36270606e1b7a4ca29510a9b637d14c325df2afab8", "size": 513, "path": "media/graph/graph_summary_67e39dc95825729588e5.graph.json"}, "epoch": 149, "_timestamp": 1683094000.6940892, "loss": 0.00012311236059758812, "mae": 0.007281339727342129, "mse": 0.00012311236059758812, "root_mean_squared_error": 0.011095601134002209, "val_loss": 0.00013862627383787185, "val_mae": 0.0074121360667049885, "val_mse": 0.00013862627383787185, "val_root_mean_squared_error": 0.011773966252803802, "lr": 0.0010775000555440784, "_runtime": 4779.640052080154, "_step": 149, "best_val_loss": 0.00013823302288074046, "best_epoch": 148, "_wandb": {"runtime": 4778}}