{"graph": {"_type": "graph-file", "sha256": "d9aab72b0e0021bbd09f73c48257a3b6ed55c93b852612b5641872076d30f969", "size": 438, "path": "media/graph/graph_summary_d9aab72b0e0021bbd09f.graph.json"}, "epoch": 149, "_timestamp": 1682538870.881756, "loss": 6.432244117604569e-05, "mae": 0.006086522247642279, "mse": 6.432244117604569e-05, "root_mean_squared_error": 0.008020127192139626, "val_loss": 6.547163502546027e-05, "val_mae": 0.006119027733802795, "val_mse": 6.547163502546027e-05, "val_root_mean_squared_error": 0.008091454394161701, "lr": 1.1181304216734134e-05, "_runtime": 5697.477983951569, "_step": 1349, "best_val_loss": 3.835686754882772e-07, "best_epoch": 111, "_wandb": {"runtime": 5696}}