{"graph": {"_type": "graph-file", "sha256": "74eb4da14a7946959beab73ae4b7d6b7e56fceec427c0e71a986e6b2ab3ab4cb", "size": 579, "path": "media/graph/graph_summary_74eb4da14a7946959bea.graph.json"}, "epoch": 299, "_timestamp": 1684507586.0372598, "loss": 0.0014691712567582726, "mae": 0.027761364355683327, "mse": 0.0012844507582485676, "root_mean_squared_error": 0.03583923354744911, "val_loss": 0.00162523053586483, "val_mae": 0.029376370832324028, "val_mse": 0.001440511317923665, "val_root_mean_squared_error": 0.037954069674015045, "lr": 9.999999747378752e-06, "_runtime": 132.58074283599854, "_step": 299, "best_val_loss": 0.001625226577743888, "best_epoch": 294, "_wandb": {"runtime": 130}}