{"graph": {"_type": "graph-file", "sha256": "9f390d00092dc592056caa2499fd890faf2503cadb014d50bb477f525cff9768", "size": 1185, "path": "media/graph/graph_summary_9f390d00092dc592056c.graph.json"}, "epoch": 49, "_timestamp": 1681305581.411713, "loss": 0.0019143380923196673, "mae": 0.0378711111843586, "mse": 0.0019143380923196673, "val_loss": 0.0019499963382259011, "val_mae": 0.03830067813396454, "val_mse": 0.0019499963382259011, "lr": 9.999999747378752e-06, "_runtime": 26.379684925079346, "_step": 49, "best_val_loss": 0.001949609024450183, "best_epoch": 7, "_wandb": {"runtime": 25}}