{"graph": {"_type": "graph-file", "sha256": "453629ece7c19dc579d6470d7dfbed534b7e4f78ce823592f211637e80f18864", "size": 586, "path": "media/graph/graph_summary_453629ece7c19dc579d6.graph.json"}, "epoch": 1, "_timestamp": 1682356909.5561738, "loss": 0.002121921628713608, "mae": 0.038200072944164276, "mse": 0.0019709698390215635, "val_loss": 0.002187672071158886, "val_mae": 0.03899404779076576, "val_mse": 0.0020505227148532867, "lr": 0.09925000369548798, "_runtime": 3.4947898387908936, "_step": 1, "best_val_loss": 0.002105441875755787, "best_epoch": 0, "_wandb": {"runtime": 2}}