{"graph": {"_type": "graph-file", "sha256": "8072d98a22a2bb357dfaa25d22e3c535bc6273ab57346aedd2c693fe2ff65cb4", "size": 849, "path": "media/graph/graph_summary_8072d98a22a2bb357dfa.graph.json"}, "epoch": 49, "_timestamp": 1681068210.0397036, "loss": 0.0019144610268995166, "mae": 0.03787120804190636, "mse": 0.0019144293619319797, "val_loss": 0.0019500444177538157, "val_mae": 0.038300491869449615, "val_mse": 0.0019500124035403132, "lr": 9.999999747378752e-06, "_runtime": 120.51133751869202, "_step": 49, "best_val_loss": 0.0019499518675729632, "best_epoch": 39, "_wandb": {"runtime": 119}}