{"graph": {"_type": "graph-file", "sha256": "6b661ee68a9e83fb819a483f5a1668581ecbdd6399e744e8ec02dc700dc82bfe", "size": 593, "path": "media/graph/graph_summary_6b661ee68a9e83fb819a.graph.json"}, "epoch": 199, "_timestamp": 1682071085.000509, "loss": 0.20593474805355072, "mae": 0.45252951979637146, "mse": 0.20593474805355072, "val_loss": 0.20654912292957306, "val_mae": 0.45319461822509766, "val_mse": 0.20654912292957306, "lr": 9.999999747378752e-06, "_runtime": 854.3691210746765, "_step": 1799, "best_val_loss": 0.001870893407613039, "best_epoch": 199, "_wandb": {"runtime": 853}}