{"graph": {"_type": "graph-file", "sha256": "6394c963b435de6950795b6940bf3d2cfdb9ad6fc2253f2e980d9a4c2023f18c", "size": 593, "path": "media/graph/graph_summary_6394c963b435de695079.graph.json"}, "epoch": 199, "_timestamp": 1682068873.9687183, "loss": 0.20593470335006714, "mae": 0.45252951979637146, "mse": 0.20593470335006714, "val_loss": 0.20654909312725067, "val_mae": 0.45319458842277527, "val_mse": 0.20654909312725067, "lr": 9.999999747378752e-06, "_runtime": 270.1885483264923, "_step": 1799, "best_val_loss": 0.001865097088739276, "best_epoch": 197, "_wandb": {"runtime": 269}}