{"graph": {"_type": "graph-file", "sha256": "0f888692e8b2a431517303ecd5a69df311f057f53314dda4bcbf7f1ae98aa189", "size": 1092, "path": "media/graph/graph_summary_0f888692e8b2a4315173.graph.json"}, "epoch": 149, "_timestamp": 1684228100.3160725, "loss": 6.505841156467795e-05, "mae": 0.005004663951694965, "mse": 6.505841156467795e-05, "root_mean_squared_error": 0.008065879344940186, "val_loss": 6.471671076724306e-05, "val_mae": 0.005070213694125414, "val_mse": 6.471671076724306e-05, "val_root_mean_squared_error": 0.008044669404625893, "lr": 0.00010451562411617488, "_runtime": 166.6597774028778, "_step": 149, "best_val_loss": 6.389574991771951e-05, "best_epoch": 144, "_wandb": {"runtime": 165}}