{"graph": {"_type": "graph-file", "sha256": "aa6b37f1a81d9d733d7c7aa1b6a1c366144faa804bfaaded310267b734d6ef7f", "size": 513, "path": "media/graph/graph_summary_aa6b37f1a81d9d733d7c.graph.json"}, "epoch": 149, "_timestamp": 1684748639.5172932, "loss": 5.226450230111368e-05, "mae": 0.00503530353307724, "mse": 5.226450230111368e-05, "val_loss": 5.1170296501368284e-05, "val_mae": 0.004976008553057909, "val_mse": 5.1170296501368284e-05, "lr": 0.0002693750138860196, "_runtime": 8089.117103099823, "_step": 149, "best_val_loss": 5.107793913339265e-05, "best_epoch": 144, "_wandb": {"runtime": 8087}}