{"graph": {"_type": "graph-file", "sha256": "6e16d5ad54d24d1a1e3d4bf32d45dc726825587f7b42cc2efe8fb70dc8d086b0", "size": 1097, "path": "media/graph/graph_summary_6e16d5ad54d24d1a1e3d.graph.json"}, "epoch": 29, "_timestamp": 1682778519.7960424, "loss": 0.0003580164338927716, "mae": 0.014411169104278088, "mse": 0.0003580164338927716, "root_mean_squared_error": 0.018921319395303726, "val_loss": 0.0002706255472730845, "val_mae": 0.011780690401792526, "val_mse": 0.0002706255472730845, "val_root_mean_squared_error": 0.01645069755613804, "lr": 0.01157402154058218, "_runtime": 327.89071440696716, "_step": 269, "best_val_loss": 6.152071000542492e-05, "best_epoch": 27, "_wandb": {"runtime": 326}}