{"graph": {"_type": "graph-file", "sha256": "aedcad39663deca77375e586c2e04ee12ec040613d571461b057b51da9dac1d6", "size": 590, "path": "media/graph/graph_summary_aedcad39663deca77375.graph.json"}, "epoch": 49, "_timestamp": 1680963767.9845078, "loss": 0.0008481174590997398, "mae": 0.025153566151857376, "mse": 0.0008481174590997398, "val_loss": 0.0009099842864088714, "val_mae": 0.026278413832187653, "val_mse": 0.0009099841699935496, "lr": 9.999999747378752e-06, "_runtime": 23.047087907791138, "_step": 49, "best_val_loss": 0.0009099616436287761, "best_epoch": 8, "_wandb": {"runtime": 21}}