{"graph": {"_type": "graph-file", "sha256": "b8c27efc18c72531fa17bd11457154f8e5d8fe5db54a1ea20dc1c0a550cc44f3", "size": 579, "path": "media/graph/graph_summary_b8c27efc18c72531fa17.graph.json"}, "epoch": 9, "_timestamp": 1682359056.4150994, "loss": 0.0035418004263192415, "mae": 0.05068451911211014, "mse": 0.0034292915370315313, "root_mean_squared_error": 0.05856015160679817, "coeff_determination": -0.04263109713792801, "val_loss": 0.003442254848778248, "val_mae": 0.0502915121614933, "val_mse": 0.003412177786231041, "val_root_mean_squared_error": 0.05841384828090668, "val_coeff_determination": -0.03275388479232788, "lr": 0.09925000369548798, "_runtime": 14.41698932647705, "_step": 9, "best_val_loss": 0.003442254848778248, "best_epoch": 9, "_wandb": {"runtime": 14}}