{"graph": {"_type": "graph-file", "sha256": "2910eba9003358c5f98da7e9c12e27bbd61ff5182315926c931febaf8b665ab2", "size": 722, "path": "media/graph/graph_summary_2910eba9003358c5f98d.graph.json"}, "epoch": 49, "_timestamp": 1681054267.0799055, "loss": 0.0034634291660040617, "mae": 0.05059923976659775, "mse": 0.0033990407828241587, "val_loss": 0.003469514660537243, "val_mae": 0.050278112292289734, "val_mse": 0.0034056459553539753, "lr": 9.999999747378752e-06, "_runtime": 40.94455552101135, "_step": 49, "best_val_loss": 0.003469514660537243, "best_epoch": 49, "_wandb": {"runtime": 40}}