{"graph": {"_type": "graph-file", "sha256": "4b8bebba67c69112d4044524e5dd200f6e7d7f4fbbd92873f26b0b59d3f2afbf", "size": 740, "path": "media/graph/graph_summary_4b8bebba67c69112d404.graph.json"}, "epoch": 9, "_timestamp": 1680779530.5974302, "loss": 8.110590934753418, "mae": 0.02227378636598587, "mse": 0.0007048165425658226, "val_loss": 8.009439468383789, "val_mae": 0.02334688976407051, "val_mse": 0.0007542982930317521, "lr": 4.999999873689376e-05, "_runtime": 18.0024151802063, "_step": 9, "best_val_loss": 8.009439468383789, "best_epoch": 9, "_wandb": {"runtime": 17}}