{"graph": {"_type": "graph-file", "sha256": "8daf7e86f159484d71e9f7b752a36cceda20c4c5aba79e1280e99f4f67d66bb9", "size": 593, "path": "media/graph/graph_summary_8daf7e86f159484d71e9.graph.json"}, "epoch": 299, "_timestamp": 1684429438.4770517, "loss": 0.0029200962744653225, "mae": 0.04016188904643059, "mse": 0.002662411890923977, "root_mean_squared_error": 0.05159856379032135, "val_loss": 0.003027200698852539, "val_mae": 0.041527360677719116, "val_mse": 0.0027694462332874537, "val_root_mean_squared_error": 0.05262552946805954, "lr": 9.999999747378752e-06, "_runtime": 205.7447488307953, "_step": 299, "best_val_loss": 0.003027200698852539, "best_epoch": 299, "_wandb": {"runtime": 205}}