{"graph": {"_type": "graph-file", "sha256": "345cb89ebd8288ff06b2e7de011291e32216f8d9ae338a55e9c8cef6372ffc12", "size": 593, "path": "media/graph/graph_summary_345cb89ebd8288ff06b2.graph.json"}, "epoch": 9, "_timestamp": 1682358822.8331244, "loss": 0.0023160260170698166, "mae": 0.03862207010388374, "mse": 0.002028357470408082, "root_mean_squared_error": 0.04503728821873665, "val_loss": 0.0022845633793622255, "val_mae": 0.040017373859882355, "val_mse": 0.0022359518334269524, "val_root_mean_squared_error": 0.04728585109114647, "lr": 0.09925000369548798, "_runtime": 10.12805438041687, "_step": 9, "best_val_loss": 0.0019980694632977247, "best_epoch": 4, "_wandb": {"runtime": 9}}