{"graph": {"_type": "graph-file", "sha256": "c32428d287406381d2718861ee671115bb1e128e3ce39d0ddf9f33cb16f978fd", "size": 740, "path": "media/graph/graph_summary_c32428d287406381d271.graph.json"}, "epoch": 99, "_timestamp": 1680788217.4721024, "loss": 5.668437957763672, "mae": 0.01671336591243744, "mse": 0.0004483842640183866, "val_loss": 5.657970905303955, "val_mae": 0.018015103414654732, "val_mse": 0.0004947550478391349, "lr": 9.999999747378752e-06, "_runtime": 114.37081241607666, "_step": 99, "best_val_loss": 5.657970905303955, "best_epoch": 99, "_wandb": {"runtime": 114}}