{"graph": {"_type": "graph-file", "sha256": "9bc7189b24d497184a211ecf0c9990edd106176e780992dcbe4311c61618a83a", "size": 593, "path": "media/graph/graph_summary_9bc7189b24d497184a21.graph.json"}, "epoch": 499, "_timestamp": 1684494089.8313155, "loss": 0.0017312311101704836, "mae": 0.027541305869817734, "mse": 0.0014136951649561524, "root_mean_squared_error": 0.03759913519024849, "val_loss": 0.0019140715012326837, "val_mae": 0.029607130214571953, "val_mse": 0.0015965353231877089, "val_root_mean_squared_error": 0.03995666652917862, "lr": 9.999999747378752e-06, "_runtime": 172.48194241523743, "_step": 499, "best_val_loss": 0.0019139375071972609, "best_epoch": 495, "_wandb": {"runtime": 171}}