{"graph": {"_type": "graph-file", "sha256": "8daf7e86f159484d71e9f7b752a36cceda20c4c5aba79e1280e99f4f67d66bb9", "size": 593, "path": "media/graph/graph_summary_8daf7e86f159484d71e9.graph.json"}, "epoch": 249, "_timestamp": 1684515942.0534375, "loss": 0.0015800362452864647, "mae": 0.027190914377570152, "mse": 0.0012669189600273967, "root_mean_squared_error": 0.035593803972005844, "val_loss": 0.0016075361054390669, "val_mae": 0.027582665905356407, "val_mse": 0.0012944166082888842, "val_root_mean_squared_error": 0.03597800061106682, "lr": 9.999999747378752e-06, "_runtime": 91.85920453071594, "_step": 249, "best_val_loss": 0.0016075361054390669, "best_epoch": 249, "_wandb": {"runtime": 91}}