{"graph": {"_type": "graph-file", "sha256": "9e3bf523faa40b7eb81d6344030c095f58ec495bb3b88559648768b7acbc1b65", "size": 886, "path": "media/graph/graph_summary_9e3bf523faa40b7eb81d.graph.json"}, "epoch": 49, "_timestamp": 1680967549.929028, "loss": 0.0009107440710067749, "mae": 0.0251646526157856, "mse": 0.000848670257255435, "val_loss": 0.0009723699768073857, "val_mae": 0.026289859786629677, "val_mse": 0.000910406990442425, "lr": 9.999999747378752e-06, "_runtime": 90.29882407188416, "_step": 49, "best_val_loss": 0.0009723699768073857, "best_epoch": 49, "_wandb": {"runtime": 90}}