{"graph": {"_type": "graph-file", "sha256": "e5281874d999b7a70be20239527d779d736fb1a60845ff3b9938bb06b803e27e", "size": 593, "path": "media/graph/graph_summary_e5281874d999b7a70be2.graph.json"}, "epoch": 9, "_timestamp": 1682436975.0081587, "loss": 0.0019040340557694435, "mae": 0.031882867217063904, "mse": 0.0015174566069617867, "root_mean_squared_error": 0.03895454481244087, "R2": 0.18112745881080627, "val_loss": 0.00196126033551991, "val_mae": 0.03144880756735802, "val_mse": 0.001575116766616702, "val_root_mean_squared_error": 0.03968774154782295, "val_R2": -401.1144714355469, "lr": 0.09925000369548798, "_runtime": 8.960326671600342, "_step": 9, "best_val_loss": 0.0017426351550966501, "best_epoch": 8, "_wandb": {"runtime": 7}}