{"graph": {"_type": "graph-file", "sha256": "2806361edcc2491ac9397af29333085b69587905c7dcc620ae32fa65480af696", "size": 579, "path": "media/graph/graph_summary_2806361edcc2491ac939.graph.json"}, "epoch": 149, "_timestamp": 1681585152.367357, "loss": 0.00420825369656086, "mae": 0.050602566450834274, "mse": 0.0034065793734043837, "val_loss": 0.0042250389233231544, "val_mae": 0.050468385219573975, "val_mse": 0.003423478454351425, "lr": 9.999999747378752e-06, "_runtime": 227.8888659477234, "_step": 149, "best_val_loss": 0.0042250389233231544, "best_epoch": 149, "_wandb": {"runtime": 227}}