{"graph": {"_type": "graph-file", "sha256": "6d4a0f5accec21e3d47829ca69204ee906accc37462ae847b7dab747a5445991", "size": 1036, "path": "media/graph/graph_summary_6d4a0f5accec21e3d478.graph.json"}, "epoch": 14, "_timestamp": 1680881530.4395323, "loss": 0.09821811318397522, "mae": 0.02455846220254898, "mse": 0.0008102122810669243, "val_loss": 0.08974607288837433, "val_mae": 0.025424733757972717, "val_mse": 0.0008547991747036576, "lr": 0.0001250000059371814, "_runtime": 37.83458423614502, "_step": 14, "best_val_loss": 0.08974607288837433, "best_epoch": 14, "_wandb": {"runtime": 38}}