{"graph": {"_type": "graph-file", "sha256": "79b08f6778947b3bc8a78ef05d3dff856660767dcb2583e232a2bb59d0e5856f", "size": 593, "path": "media/graph/graph_summary_79b08f6778947b3bc8a7.graph.json"}, "epoch": 249, "_timestamp": 1684522005.8154094, "loss": 0.000654529023449868, "mae": 0.015727952122688293, "mse": 0.00042346265399828553, "root_mean_squared_error": 0.020578207448124886, "val_loss": 0.0006529251695610583, "val_mae": 0.01590944454073906, "val_mse": 0.00042189619853161275, "val_root_mean_squared_error": 0.020540110766887665, "lr": 9.999999747378752e-06, "_runtime": 236.0071804523468, "_step": 249, "best_val_loss": 0.0006529251695610583, "best_epoch": 249, "_wandb": {"runtime": 236}}