{"graph": {"_type": "graph-file", "sha256": "176169cf2e260c4e7952ee4b83eff6f50cad3ac87c622524399efdf7ec9ca59a", "size": 593, "path": "media/graph/graph_summary_176169cf2e260c4e7952.graph.json"}, "epoch": 299, "_timestamp": 1684430953.3381724, "loss": 0.0007493583834730089, "mae": 0.021219268441200256, "mse": 0.0006483063916675746, "root_mean_squared_error": 0.025461861863732338, "val_loss": 0.0007839982281439006, "val_mae": 0.022063642740249634, "val_mse": 0.000682820042129606, "val_root_mean_squared_error": 0.02613082528114319, "lr": 9.999999747378752e-06, "_runtime": 271.5643563270569, "_step": 299, "best_val_loss": 0.0007838996825739741, "best_epoch": 297, "_wandb": {"runtime": 269}}