{"graph": {"_type": "graph-file", "sha256": "ffc36cbee0f630a06d2b4fda09379c56cb5a325bf335f27b127048d8d7fed885", "size": 512, "path": "media/graph/graph_summary_ffc36cbee0f630a06d2b.graph.json"}, "epoch": 149, "_timestamp": 1684282218.9811766, "loss": 1.1090301995864138e-05, "mae": 0.0023514446802437305, "mse": 1.1090301995864138e-05, "val_loss": 1.096263986255508e-05, "val_mae": 0.0023528726305812597, "val_mse": 1.096263986255508e-05, "lr": 0.0002693750138860196, "_runtime": 6948.41895365715, "_step": 149, "best_val_loss": 1.095360130420886e-05, "best_epoch": 147, "_wandb": {"runtime": 6947}}