{"graph": {"_type": "graph-file", "sha256": "6e753f31705c38561cfc6b4ef457068dcf4f9f6257279008888c877b63efee4d", "size": 513, "path": "media/graph/graph_summary_6e753f31705c38561cfc.graph.json"}, "epoch": 149, "_timestamp": 1683097626.702707, "loss": 1.0919535270659253e-05, "mae": 0.0023969991598278284, "mse": 1.0919535270659253e-05, "root_mean_squared_error": 0.0033044719602912664, "val_loss": 1.3849247807229403e-05, "val_mae": 0.0028402197640389204, "val_mse": 1.3849247807229403e-05, "val_root_mean_squared_error": 0.0037214576732367277, "lr": 0.0005387500277720392, "_runtime": 3617.249745130539, "_step": 149, "best_val_loss": 1.1970578270847909e-05, "best_epoch": 143, "_wandb": {"runtime": 3615}}