{"graph": {"_type": "graph-file", "sha256": "75392d8990f043329e5dc2bf9fcecb097c0f5dd75d79c6dc68580d2e66643c15", "size": 708, "path": "media/graph/graph_summary_75392d8990f043329e5d.graph.json"}, "epoch": 0, "_timestamp": 1680806225.9321105, "loss": 8.91733169555664, "mae": 0.03259540721774101, "mse": 0.0016082191141322255, "val_loss": 6.143653392791748, "val_mae": 0.03746982291340828, "val_mse": 0.0020243795588612556, "lr": 0.0010000000474974513, "_runtime": 3.287388563156128, "_step": 0, "best_val_loss": 6.143653392791748, "best_epoch": 0, "_wandb": {"runtime": 3}}