{"graph": {"_type": "graph-file", "sha256": "9c2297403badc13ed46f1f3349de4c55b03b2783ff90a9225f08d8a5a1dc565a", "size": 583, "path": "media/graph/graph_summary_9c2297403badc13ed46f.graph.json"}, "epoch": 93, "_timestamp": 1684186475.1697588, "loss": 0.008250289596617222, "mae": 0.07747124880552292, "mse": 0.008247261866927147, "val_loss": 0.008253400214016438, "val_mae": 0.07772231101989746, "val_mse": 0.008250487968325615, "lr": 9.999999747378752e-06, "_runtime": 353.9263586997986, "_step": 93, "best_val_loss": 0.00825299508869648, "best_epoch": 71, "_wandb": {"runtime": 356}}