{"graph": {"_type": "graph-file", "sha256": "9c2297403badc13ed46f1f3349de4c55b03b2783ff90a9225f08d8a5a1dc565a", "size": 583, "path": "media/graph/graph_summary_9c2297403badc13ed46f.graph.json"}, "epoch": 49, "_timestamp": 1682690115.634903, "loss": 0.0034614463802427053, "mae": 0.05059391260147095, "mse": 0.003400480607524514, "val_loss": 0.0034697018563747406, "val_mae": 0.05032050237059593, "val_mse": 0.00340869533829391, "lr": 6.25000029685907e-05, "_runtime": 99.409255027771, "_step": 49, "best_val_loss": 0.003469642251729965, "best_epoch": 48, "_wandb": {"runtime": 98}}