{"graph": {"_type": "graph-file", "sha256": "176169cf2e260c4e7952ee4b83eff6f50cad3ac87c622524399efdf7ec9ca59a", "size": 593, "path": "media/graph/graph_summary_176169cf2e260c4e7952.graph.json"}, "epoch": 699, "_timestamp": 1684452023.9239628, "loss": 0.0007050224230624735, "mae": 0.021081365644931793, "mse": 0.0006404400337487459, "root_mean_squared_error": 0.02530691772699356, "val_loss": 0.0007379046292044222, "val_mae": 0.021921178326010704, "val_mse": 0.000673317292239517, "val_root_mean_squared_error": 0.025948356837034225, "lr": 9.999999747378752e-06, "_runtime": 908.2324678897858, "_step": 699, "best_val_loss": 0.0007379046292044222, "best_epoch": 699, "_wandb": {"runtime": 908}}