{"graph": {"_type": "graph-file", "sha256": "1d075633fe34c33130adcf5b890a85fb464c4f2dd257a6f3115cf7316c6dec48", "size": 1092, "path": "media/graph/graph_summary_1d075633fe34c33130ad.graph.json"}, "epoch": 19, "_timestamp": 1682745045.4438062, "loss": 0.0011118634138256311, "mae": 0.026723667979240417, "mse": 0.0011118634138256311, "root_mean_squared_error": 0.033344611525535583, "val_loss": 0.0009622020879760385, "val_mae": 0.025219906121492386, "val_mse": 0.0009622020879760385, "val_root_mean_squared_error": 0.031019385904073715, "lr": 0.007162220310419798, "_runtime": 141.9055540561676, "_step": 179, "best_val_loss": 0.0003088469966314733, "best_epoch": 19, "_wandb": {"runtime": 139}}