{"graph": {"_type": "graph-file", "sha256": "270d7efe005ab41e3f1a950e1ff63d7588c75044119188123434a2b8ab028922", "size": 593, "path": "media/graph/graph_summary_270d7efe005ab41e3f1a.graph.json"}, "epoch": 499, "_timestamp": 1684492938.1815107, "loss": 0.002089814282953739, "mae": 0.030844133347272873, "mse": 0.0017845715628936887, "root_mean_squared_error": 0.042244188487529755, "val_loss": 0.002030535601079464, "val_mae": 0.03061741590499878, "val_mse": 0.00172529392875731, "val_root_mean_squared_error": 0.04153665527701378, "lr": 9.999999747378752e-06, "_runtime": 288.7833375930786, "_step": 499, "best_val_loss": 0.0020303791388869286, "best_epoch": 495, "_wandb": {"runtime": 287}}