{"graph": {"_type": "graph-file", "sha256": "e1d3098bcc7e01e15aa76cebeaf7623999fd17376587a4fcaaee449342e6229f", "size": 1096, "path": "media/graph/graph_summary_e1d3098bcc7e01e15aa7.graph.json"}, "epoch": 299, "_timestamp": 1684875763.5202837, "loss": 2.5434695999138057e-05, "mae": 0.0035531213507056236, "mse": 2.5434695999138057e-05, "root_mean_squared_error": 0.0050432817079126835, "val_loss": 2.8020149329677224e-05, "val_mae": 0.003748060669749975, "val_mse": 2.8020149329677224e-05, "val_root_mean_squared_error": 0.005293406080454588, "lr": 9.999999747378752e-06, "_runtime": 329.95293378829956, "_step": 299, "best_val_loss": 2.8020149329677224e-05, "best_epoch": 299, "_wandb": {"runtime": 329}}