{"graph": {"_type": "graph-file", "sha256": "a7740a811b59107ed656f64e37c005ac3f68ea2d6c4bad21ce577b542f833c10", "size": 767, "path": "media/graph/graph_summary_a7740a811b59107ed656.graph.json"}, "epoch": 149, "_timestamp": 1682793520.8155851, "loss": 0.0075671435333788395, "mae": 0.07518516480922699, "mse": 0.0075671435333788395, "root_mean_squared_error": 0.08698932826519012, "val_loss": 0.007510020863264799, "val_mae": 0.07456815987825394, "val_mse": 0.007510020863264799, "val_root_mean_squared_error": 0.08666037768125534, "lr": 9.999999747378752e-06, "_runtime": 340.7833321094513, "_step": 1349, "best_val_loss": 0.007510020863264799, "best_epoch": 0, "_wandb": {"runtime": 339}}