{"graph": {"_type": "graph-file", "sha256": "b7a5afdc8785de4f79cbcd35bfd2dd5948a0df9400f4e062ae1e7b8844266e83", "size": 766, "path": "media/graph/graph_summary_b7a5afdc8785de4f79cb.graph.json"}, "epoch": 149, "_timestamp": 1682803602.0646975, "loss": 0.007567140739411116, "mae": 0.07518515735864639, "mse": 0.007567140739411116, "root_mean_squared_error": 0.08698931336402893, "val_loss": 0.007510020863264799, "val_mae": 0.07456816732883453, "val_mse": 0.007510020863264799, "val_root_mean_squared_error": 0.08666037768125534, "lr": 3.96920477214735e-05, "_runtime": 477.02326560020447, "_step": 1349, "best_val_loss": 0.007510020863264799, "best_epoch": 0, "_wandb": {"runtime": 475}}