{"graph": {"_type": "graph-file", "sha256": "92802a73a34e5410cbce333056e59265d753ecc8856a3ea39a318de77a8ad40f", "size": 430, "path": "media/graph/graph_summary_92802a73a34e5410cbce.graph.json"}, "epoch": 79, "_timestamp": 1684330288.104183, "loss": 0.08390139043331146, "mae": 0.2509625554084778, "mse": 0.08390139043331146, "root_mean_squared_error": 0.2896573543548584, "val_loss": 0.08312053233385086, "val_mae": 0.24942126870155334, "val_mse": 0.08312053233385086, "val_root_mean_squared_error": 0.2883062958717346, "lr": 9.999999747378752e-06, "_runtime": 841.8542308807373, "_step": 79, "best_val_loss": 0.08311747014522552, "best_epoch": 13, "_wandb": {"runtime": 840}}