{"graph": {"_type": "graph-file", "sha256": "0aefe818bd72f5996af43d11f603b720f44ba087f2d08bd572ce3fd873a74083", "size": 593, "path": "media/graph/graph_summary_0aefe818bd72f5996af4.graph.json"}, "epoch": 149, "_timestamp": 1681920357.5228987, "loss": 0.0009166929521597922, "mae": 0.02304892987012863, "mse": 0.0008417560602538288, "val_loss": 0.0009051386150531471, "val_mae": 0.023204060271382332, "val_mse": 0.000830293633043766, "lr": 4.8460216930834576e-05, "_runtime": 260.844117641449, "_step": 1349, "best_val_loss": 0.0004505038377828896, "best_epoch": 133, "_wandb": {"runtime": 260}}