{"graph": {"_type": "graph-file", "sha256": "e6a343afe123b34d9978ca10ce6339b1a7c1a890bfdc26f0d786b46df91b410c", "size": 1162, "path": "media/graph/graph_summary_e6a343afe123b34d9978.graph.json"}, "epoch": 49, "_timestamp": 1681307090.0569818, "loss": 0.0019143464742228389, "mae": 0.037871427834033966, "mse": 0.0019143464742228389, "val_loss": 0.0019500437192618847, "val_mae": 0.03830016031861305, "val_mse": 0.0019500437192618847, "lr": 9.999999747378752e-06, "_runtime": 22.14645481109619, "_step": 49, "best_val_loss": 0.0019496167078614235, "best_epoch": 10, "_wandb": {"runtime": 20}}