{"graph": {"_type": "graph-file", "sha256": "8e18fd04a220e4d3d34782b87960db70a0a893e71852a84800e5c44201f8b8fd", "size": 593, "path": "media/graph/graph_summary_8e18fd04a220e4d3d347.graph.json"}, "epoch": 9, "_timestamp": 1682358842.531723, "loss": 0.0012957239523530006, "mae": 0.02642802894115448, "mse": 0.0010939235799014568, "root_mean_squared_error": 0.0330745168030262, "val_loss": 0.001834558672271669, "val_mae": 0.03427022695541382, "val_mse": 0.0017355438321828842, "val_root_mean_squared_error": 0.04165985807776451, "lr": 0.09925000369548798, "_runtime": 9.743186950683594, "_step": 9, "best_val_loss": 0.0012732238974422216, "best_epoch": 8, "_wandb": {"runtime": 8}}