{"graph": {"_type": "graph-file", "sha256": "8daf7e86f159484d71e9f7b752a36cceda20c4c5aba79e1280e99f4f67d66bb9", "size": 593, "path": "media/graph/graph_summary_8daf7e86f159484d71e9.graph.json"}, "epoch": 299, "_timestamp": 1684501149.641847, "loss": 0.001910107908770442, "mae": 0.028755132108926773, "mse": 0.0015044540632516146, "root_mean_squared_error": 0.03878729045391083, "val_loss": 0.0017983965808525681, "val_mae": 0.028064772486686707, "val_mse": 0.0013927459949627519, "val_root_mean_squared_error": 0.03731951117515564, "lr": 9.999999747378752e-06, "_runtime": 118.92612099647522, "_step": 299, "best_val_loss": 0.0017983774887397885, "best_epoch": 297, "_wandb": {"runtime": 117}}