{"graph": {"_type": "graph-file", "sha256": "75392d8990f043329e5dc2bf9fcecb097c0f5dd75d79c6dc68580d2e66643c15", "size": 708, "path": "media/graph/graph_summary_75392d8990f043329e5d.graph.json"}, "epoch": 49, "_timestamp": 1681308131.4048731, "loss": 2.4784021377563477, "mae": 0.03436145931482315, "mse": 0.0016482770442962646, "val_loss": 2.47810435295105, "val_mae": 0.034696996212005615, "val_mse": 0.0016757657285779715, "lr": 9.999999747378752e-06, "_runtime": 83.94525623321533, "_step": 49, "best_val_loss": 2.47810435295105, "best_epoch": 49, "_wandb": {"runtime": 84}}