{"graph": {"_type": "graph-file", "sha256": "4c88a21777e43a5d4e0fcf167c6f8c4d0d414a958702292d53f637e28c7e98f7", "size": 1088, "path": "media/graph/graph_summary_4c88a21777e43a5d4e0f.graph.json"}, "epoch": 49, "_timestamp": 1683649781.607286, "loss": 0.003515618620440364, "mae": 0.05109421908855438, "mse": 0.003515618620440364, "root_mean_squared_error": 0.05929265543818474, "val_loss": 0.003775519784539938, "val_mae": 0.052282482385635376, "val_mse": 0.003775519784539938, "val_root_mean_squared_error": 0.06144524738192558, "lr": 0.013594035059213638, "_runtime": 1142.7325239181519, "_step": 499, "best_val_loss": 0.0034062324557453394, "best_epoch": 9, "_wandb": {"runtime": 1141}}