{"graph": {"_type": "graph-file", "sha256": "de4822aa8e215a7611031c5c61b219c0e6efb0a0847c7c452525a3f7be4015c1", "size": 597, "path": "media/graph/graph_summary_de4822aa8e215a761103.graph.json"}, "epoch": 1, "_timestamp": 1682696006.241966, "loss": 0.9927011132240295, "mae": 0.04232754558324814, "mse": 0.002578963525593281, "val_loss": 0.7233477830886841, "val_mae": 0.04009656608104706, "val_mse": 0.00225075869821012, "lr": 0.0010000000474974513, "_runtime": 8.197514057159424, "_step": 1, "best_val_loss": 0.7233477830886841, "best_epoch": 1, "_wandb": {"runtime": 8}}