{"graph": {"_type": "graph-file", "sha256": "0b30555010bf7e0392045fd5216fc860a2f4735d356fe09bf3c3ae46f03df4b8", "size": 770, "path": "media/graph/graph_summary_0b30555010bf7e039204.graph.json"}, "epoch": 199, "_timestamp": 1682279105.5798848, "loss": 0.007567139342427254, "mae": 0.07518516480922699, "mse": 0.007567139342427254, "val_loss": 0.0075100199319422245, "val_mae": 0.07456815987825394, "val_mse": 0.0075100199319422245, "lr": 9.999999747378752e-06, "_runtime": 826.6723988056183, "_step": 1799, "best_val_loss": 0.0075100199319422245, "best_epoch": 0, "_wandb": {"runtime": 826}}