{"graph": {"_type": "graph-file", "sha256": "9bc7189b24d497184a211ecf0c9990edd106176e780992dcbe4311c61618a83a", "size": 593, "path": "media/graph/graph_summary_9bc7189b24d497184a21.graph.json"}, "epoch": 99, "_timestamp": 1684424832.9780931, "loss": 0.0009992654668167233, "mae": 0.02196498028934002, "mse": 0.0008396017947234213, "root_mean_squared_error": 0.02897588163614273, "val_loss": 0.001105778617784381, "val_mae": 0.02345104143023491, "val_mse": 0.0009644518722780049, "val_root_mean_squared_error": 0.031055625528097153, "lr": 0.0026687500067055225, "_runtime": 111.75678324699402, "_step": 99, "best_val_loss": 0.0010184600250795484, "best_epoch": 96, "_wandb": {"runtime": 110}}