{"graph": {"_type": "graph-file", "sha256": "8daf7e86f159484d71e9f7b752a36cceda20c4c5aba79e1280e99f4f67d66bb9", "size": 593, "path": "media/graph/graph_summary_8daf7e86f159484d71e9.graph.json"}, "epoch": 199, "_timestamp": 1684397780.5839515, "loss": 0.08390136063098907, "mae": 0.25096291303634644, "mse": 0.08390136063098907, "root_mean_squared_error": 0.289657324552536, "val_loss": 0.08312056213617325, "val_mae": 0.24942144751548767, "val_mse": 0.08312056213617325, "val_root_mean_squared_error": 0.2883063554763794, "lr": 9.999999747378752e-06, "_runtime": 726.2768845558167, "_step": 199, "best_val_loss": 0.08311715722084045, "best_epoch": 62, "_wandb": {"runtime": 725}}