{"graph": {"_type": "graph-file", "sha256": "9c2297403badc13ed46f1f3349de4c55b03b2783ff90a9225f08d8a5a1dc565a", "size": 583, "path": "media/graph/graph_summary_9c2297403badc13ed46f.graph.json"}, "epoch": 1, "_timestamp": 1682695883.559828, "loss": 0.7249655723571777, "mae": 0.054147981107234955, "mse": 0.004160014912486076, "val_loss": 0.45109277963638306, "val_mae": 0.051602549850940704, "val_mse": 0.0036243025679141283, "lr": 0.0010000000474974513, "_runtime": 9.275211095809937, "_step": 1, "best_val_loss": 0.45109277963638306, "best_epoch": 1, "_wandb": {"runtime": 9}}