{"graph": {"_type": "graph-file", "sha256": "bcfc6fc79a207b2ad6613f8195e3155dfe27920bd63726e924baed70fe73c85a", "size": 586, "path": "media/graph/graph_summary_bcfc6fc79a207b2ad661.graph.json"}, "epoch": 49, "_timestamp": 1681570973.0542946, "loss": 0.0019572225864976645, "mae": 0.03755475953221321, "mse": 0.0018860910786315799, "val_loss": 0.0019915318116545677, "val_mae": 0.038009218871593475, "val_mse": 0.001921150367707014, "lr": 9.999999747378752e-06, "_runtime": 44.876872539520264, "_step": 49, "best_val_loss": 0.0019915318116545677, "best_epoch": 49, "_wandb": {"runtime": 44}}