{"graph": {"_type": "graph-file", "sha256": "b0ae522ab3bfb4a8aec4577bda3fffd089125f4f26b5fef302a533d9fa72e7de", "size": 770, "path": "media/graph/graph_summary_b0ae522ab3bfb4a8aec4.graph.json"}, "epoch": 19, "_timestamp": 1682255394.9057388, "loss": 0.007567140739411116, "mae": 0.07518516480922699, "mse": 0.007567140739411116, "val_loss": 0.0075100199319422245, "val_mae": 0.07456816732883453, "val_mse": 0.0075100199319422245, "lr": 0.018339144065976143, "_runtime": 76.66703987121582, "_step": 179, "best_val_loss": 0.0075100199319422245, "best_epoch": 0, "_wandb": {"runtime": 76}}