{"graph": {"_type": "graph-file", "sha256": "16ecfa3cac81f1273782278afab584fa57113f3a87a4b763ee360bb000c41a74", "size": 740, "path": "media/graph/graph_summary_16ecfa3cac81f1273782.graph.json"}, "epoch": 1, "_timestamp": 1680804599.189239, "loss": 4.749026775360107, "mae": 0.21456490457057953, "mse": 0.04668344184756279, "val_loss": 3.506889581680298, "val_mae": 0.21511219441890717, "val_mse": 0.04698570817708969, "lr": 0.0010000000474974513, "_runtime": 7.334630966186523, "_step": 1, "best_val_loss": 3.506889581680298, "best_epoch": 1, "_wandb": {"runtime": 7}}