{"graph": {"_type": "graph-file", "sha256": "a087add86b312f72c931294c7356467414b135bb24692633ed22031017b21a0d", "size": 593, "path": "media/graph/graph_summary_a087add86b312f72c931.graph.json"}, "epoch": 299, "_timestamp": 1684847972.7822347, "loss": 0.0010347481584176421, "mae": 0.02194356732070446, "mse": 0.0008389893919229507, "root_mean_squared_error": 0.028965312987565994, "val_loss": 0.0010995134944096208, "val_mae": 0.022956816479563713, "val_mse": 0.0009037198033183813, "val_root_mean_squared_error": 0.030061932280659676, "lr": 9.999999747378752e-06, "_runtime": 224.44720578193665, "_step": 299, "best_val_loss": 0.0010983338579535484, "best_epoch": 288, "_wandb": {"runtime": 222}}