{"graph": {"_type": "graph-file", "sha256": "b0e991419d33b8f9c145667fc3dc680a07142ed57013a1d3ab881f78806acf0c", "size": 593, "path": "media/graph/graph_summary_b0e991419d33b8f9c145.graph.json"}, "epoch": 149, "_timestamp": 1681896097.826145, "loss": 0.0019143400713801384, "mae": 0.03787098079919815, "mse": 0.0019143394893035293, "val_loss": 0.0019499671179801226, "val_mae": 0.038300998508930206, "val_mse": 0.0019499670015648007, "lr": 9.999999747378752e-06, "_runtime": 103.64432692527771, "_step": 1349, "best_val_loss": 0.001949818106368184, "best_epoch": 30, "_wandb": {"runtime": 102}}