{"graph": {"_type": "graph-file", "sha256": "08d7eb72a693c79e26d17b105bcb99360750accc235437223a041c03f65884c3", "size": 770, "path": "media/graph/graph_summary_08d7eb72a693c79e26d1.graph.json"}, "epoch": 19, "_timestamp": 1682269133.8463964, "loss": 0.007567143067717552, "mae": 0.07518516480922699, "mse": 0.007567143067717552, "val_loss": 0.007510020397603512, "val_mae": 0.07456815987825394, "val_mse": 0.007510020397603512, "lr": 0.04852398484945297, "_runtime": 89.51729249954224, "_step": 179, "best_val_loss": 0.007510020397603512, "best_epoch": 0, "_wandb": {"runtime": 88}}