{"graph": {"_type": "graph-file", "sha256": "9eb265a373347b90d3a078cbf2eba6f3621443bec68c0a4c0b554fa5c3bf99fa", "size": 740, "path": "media/graph/graph_summary_9eb265a373347b90d3a0.graph.json"}, "epoch": 0, "_timestamp": 1680802245.8550963, "loss": 9.807969093322754, "mae": 0.040569089353084564, "mse": 0.005126028787344694, "val_loss": 7.173391342163086, "val_mae": 0.03223542496562004, "val_mse": 0.0013759855646640062, "lr": 0.0010000000474974513, "_runtime": 2.6953604221343994, "_step": 0, "best_val_loss": 7.173391342163086, "best_epoch": 0, "_wandb": {"runtime": 2}}