{"graph": {"_type": "graph-file", "sha256": "1ac42279a8a8ee75daecbd716f2cfd7ba2fd41eaabde548ec7ec7a227be58735", "size": 579, "path": "media/graph/graph_summary_1ac42279a8a8ee75daec.graph.json"}, "epoch": 249, "_timestamp": 1684415028.8365028, "loss": 3244.140869140625, "mae": 48.98234939575195, "mse": 3244.140380859375, "root_mean_squared_error": 56.95735549926758, "val_loss": 3322.554443359375, "val_mae": 49.17189025878906, "val_mse": 3322.55419921875, "val_root_mean_squared_error": 57.6416015625, "lr": 9.999999747378752e-06, "_runtime": 158.30894875526428, "_step": 249, "best_val_loss": 3322.554443359375, "best_epoch": 18, "_wandb": {"runtime": 155}}