{"graph": {"_type": "graph-file", "sha256": "11d901694bbcdf0cedaf33080226f27cdeb61547d6a657cd4426a5fc982e0ec6", "size": 875, "path": "media/graph/graph_summary_11d901694bbcdf0cedaf.graph.json"}, "epoch": 199, "_timestamp": 1681835025.426135, "loss": 0.002135836984962225, "mae": 0.03827205300331116, "mse": 0.001969248056411743, "val_loss": 0.0021806363947689533, "val_mae": 0.03862670436501503, "val_mse": 0.002014048397541046, "lr": 9.999999747378752e-06, "_runtime": 971.9301371574402, "_step": 1799, "best_val_loss": 0.001954506617039442, "best_epoch": 197, "_wandb": {"runtime": 971}}