{"graph": {"_type": "graph-file", "sha256": "a08b533769a8ef6254b803f12c994e6b1b805a21260144814b0df7d153d2e0c1", "size": 733, "path": "media/graph/graph_summary_a08b533769a8ef6254b8.graph.json"}, "epoch": 199, "_timestamp": 1681917361.8932388, "loss": 0.0019715125672519207, "mae": 0.03787687420845032, "mse": 0.0019150603329762816, "val_loss": 0.002008190145716071, "val_mae": 0.03828992322087288, "val_mse": 0.0019517425680533051, "lr": 9.999999747378752e-06, "_runtime": 160.22541689872742, "_step": 1799, "best_val_loss": 0.0019496134482324123, "best_epoch": 63, "_wandb": {"runtime": 159}}