{"graph": {"_type": "graph-file", "sha256": "dda55c62c75bb0157035c2c300744a13e4b665f426538a89651f2380cf8ece49", "size": 513, "path": "media/graph/graph_summary_dda55c62c75bb0157035.graph.json"}, "epoch": 149, "_timestamp": 1684598373.3309975, "loss": 0.007618128787726164, "mae": 0.07557026296854019, "mse": 0.007618128787726164, "val_loss": 0.007538316771388054, "val_mae": 0.0752662718296051, "val_mse": 0.007538316771388054, "lr": 0.0001346875069430098, "_runtime": 8041.178350448608, "_step": 149, "best_val_loss": 0.007538274396210909, "best_epoch": 120, "_wandb": {"runtime": 8040}}