{"graph": {"_type": "graph-file", "sha256": "62adf72a846d167414421c26f61a059263e9d3957c36b4e12fb587a4b3a0b101", "size": 593, "path": "media/graph/graph_summary_62adf72a846d16741442.graph.json"}, "epoch": 699, "_timestamp": 1684449090.762282, "loss": 0.001361272414214909, "mae": 0.026546498760581017, "mse": 0.0011022514663636684, "root_mean_squared_error": 0.03320017084479332, "val_loss": 0.0013712979853153229, "val_mae": 0.02664743736386299, "val_mse": 0.0011122503783553839, "val_root_mean_squared_error": 0.033350419253110886, "lr": 9.999999747378752e-06, "_runtime": 450.5456819534302, "_step": 699, "best_val_loss": 0.0013695420930162072, "best_epoch": 664, "_wandb": {"runtime": 448}}