{"graph": {"_type": "graph-file", "sha256": "bcd5ffc01127c2eeed43cbdabaf6e9a2c7d24ea94c65c850c2532c291bdad3df", "size": 467, "path": "media/graph/graph_summary_bcd5ffc01127c2eeed43.graph.json"}, "epoch": 19, "_timestamp": 1682431494.2634127, "loss": 0.001933593419380486, "mae": 0.037990134209394455, "mse": 0.001933593419380486, "root_mean_squared_error": 0.04397264122962952, "R2": -7.17340612411499, "val_loss": 0.0019641201943159103, "val_mae": 0.03845284879207611, "val_mse": 0.0019641201943159103, "val_root_mean_squared_error": 0.044318392872810364, "val_R2": -7.176031589508057, "lr": 0.008121668361127377, "_runtime": 30.11682677268982, "_step": 19, "best_val_loss": 0.0019641201943159103, "best_epoch": 19, "_wandb": {"runtime": 30}}