{"graph": {"_type": "graph-file", "sha256": "de22b56f358365512a341e4573d5b6b8a0a54f9e900aecce5d1a9142f2e1136f", "size": 493, "path": "media/graph/graph_summary_de22b56f358365512a34.graph.json"}, "epoch": 149, "_timestamp": 1683537261.3890903, "loss": 0.00011479736713226885, "mae": 0.006884946022182703, "mse": 0.00011479736713226885, "root_mean_squared_error": 0.010714353062212467, "val_loss": 0.0001386578514939174, "val_mae": 0.007243403233587742, "val_mse": 0.0001386578514939174, "val_root_mean_squared_error": 0.011775306425988674, "lr": 0.0010775000555440784, "_runtime": 4990.391209363937, "_step": 149, "best_val_loss": 0.00013612379552796483, "best_epoch": 144, "_wandb": {"runtime": 4988}}