{"graph": {"_type": "graph-file", "sha256": "c132a5585912016b7bb96a9d02cc4da60a5c6c3e56d9a611988a23dde51d251c", "size": 597, "path": "media/graph/graph_summary_c132a5585912016b7bb9.graph.json"}, "epoch": 199, "_timestamp": 1684190880.2077732, "loss": 0.07405401766300201, "mae": 0.26467493176460266, "mse": 0.07405375689268112, "val_loss": 0.07500647753477097, "val_mae": 0.26652228832244873, "val_mse": 0.07500631362199783, "lr": 9.999999747378752e-06, "_runtime": 748.2034802436829, "_step": 199, "best_val_loss": 0.07500597089529037, "best_epoch": 47, "_wandb": {"runtime": 746}}