{"graph": {"_type": "graph-file", "sha256": "345cb89ebd8288ff06b2e7de011291e32216f8d9ae338a55e9c8cef6372ffc12", "size": 593, "path": "media/graph/graph_summary_345cb89ebd8288ff06b2.graph.json"}, "epoch": 149, "_timestamp": 1681924824.9152298, "loss": 0.0005844146362505853, "mae": 0.018290217965841293, "mse": 0.0005160307046025991, "val_loss": 0.0005990380886942148, "val_mae": 0.018746186047792435, "val_mse": 0.0005306957173161209, "lr": 1.2115478966734372e-05, "_runtime": 84.09474968910217, "_step": 149, "best_val_loss": 0.0005966471508145332, "best_epoch": 116, "_wandb": {"runtime": 82}}