{"graph": {"_type": "graph-file", "sha256": "50c0ac54b12eaef92caa2bb76e95c30e19f641047844ef9ce739012bbf621497", "size": 740, "path": "media/graph/graph_summary_50c0ac54b12eaef92caa.graph.json"}, "epoch": 9, "_timestamp": 1680785381.609392, "loss": 0.162343367934227, "mae": 0.024782832711935043, "mse": 0.0008329506381414831, "val_loss": 0.13888423144817352, "val_mae": 0.025562124326825142, "val_mse": 0.0008641812019050121, "lr": 0.0002500000118743628, "_runtime": 12.125519037246704, "_step": 9, "best_val_loss": 0.13888423144817352, "best_epoch": 9, "_wandb": {"runtime": 12}}