{"graph": {"_type": "graph-file", "sha256": "c2d22ca1f52b98da698aabab5a27ec91352cdbe6e8d4054e8b2479cfa4da8846", "size": 597, "path": "media/graph/graph_summary_c2d22ca1f52b98da698a.graph.json"}, "epoch": 199, "_timestamp": 1684193640.5904276, "loss": 0.1956900656223297, "mae": 0.44022443890571594, "mse": 0.1956900656223297, "val_loss": 0.19570530951023102, "val_mae": 0.44023963809013367, "val_mse": 0.19570530951023102, "lr": 9.999999747378752e-06, "_runtime": 513.9862565994263, "_step": 199, "best_val_loss": 0.19570523500442505, "best_epoch": 58, "_wandb": {"runtime": 512}}