{"graph": {"_type": "graph-file", "sha256": "c43a6a08b8d95bcf8fd69640763fc6156f983d2fce3ea520ce9c63c2dc6a05bf", "size": 565, "path": "media/graph/graph_summary_c43a6a08b8d95bcf8fd6.graph.json"}, "epoch": 157, "_timestamp": 1684403856.5496829, "loss": 0.00021266003022901714, "mae": 0.010369342751801014, "mse": 0.0001560098899062723, "root_mean_squared_error": 0.012490391731262207, "val_loss": 0.00022534638992510736, "val_mae": 0.01084199920296669, "val_mse": 0.0001685707684373483, "val_root_mean_squared_error": 0.012983480468392372, "lr": 9.999999747378752e-06, "_runtime": 159.40085077285767, "_step": 157, "best_val_loss": 0.00022534638992510736, "best_epoch": 157}