{"graph": {"_type": "graph-file", "sha256": "6ff41643cac7e56ed9b4ee7655dda5b5799b7b8df67bc11e4a9b2486f4e6781d", "size": 770, "path": "media/graph/graph_summary_6ff41643cac7e56ed9b4.graph.json"}, "epoch": 19, "_timestamp": 1682267905.0629468, "loss": 0.007567142602056265, "mae": 0.0751851350069046, "mse": 0.007567142602056265, "val_loss": 0.0075100199319422245, "val_mae": 0.07456815987825394, "val_mse": 0.0075100199319422245, "lr": 9.999999747378752e-06, "_runtime": 145.9604299068451, "_step": 179, "best_val_loss": 0.0075100199319422245, "best_epoch": 0, "_wandb": {"runtime": 145}}