{"graph": {"_type": "graph-file", "sha256": "0380d22ed9d164415ef686bbfe1742e92166b3e1e4efb5b7c14b3298045a85f0", "size": 1104, "path": "media/graph/graph_summary_0380d22ed9d164415ef6.graph.json"}, "epoch": 149, "_timestamp": 1684872567.0399604, "loss": 0.0001965427363757044, "mae": 0.011990153230726719, "mse": 0.0001965427363757044, "root_mean_squared_error": 0.014019370079040527, "val_loss": 0.00020505901193246245, "val_mae": 0.012307491153478622, "val_mse": 0.00020505901193246245, "val_root_mean_squared_error": 0.014319881796836853, "lr": 2.6128964236704633e-05, "_runtime": 66.95338249206543, "_step": 149, "best_val_loss": 0.00020401395158842206, "best_epoch": 101, "_wandb": {"runtime": 65}}