{"graph": {"_type": "graph-file", "sha256": "0efca3fad46de98b1536a47803916b90aefc68391323e2569b408868cb4128b3", "size": 590, "path": "media/graph/graph_summary_0efca3fad46de98b1536.graph.json"}, "epoch": 49, "_timestamp": 1680963593.5646334, "loss": 0.0005905068828724325, "mae": 0.020371412858366966, "mse": 0.0005905068828724325, "val_loss": 0.0006361969863064587, "val_mae": 0.021320778876543045, "val_mse": 0.0006361969863064587, "lr": 9.999999747378752e-06, "_runtime": 63.009732484817505, "_step": 49, "best_val_loss": 0.0006361969863064587, "best_epoch": 49, "_wandb": {"runtime": 62}}