{"graph": {"_type": "graph-file", "sha256": "f1406ad1b15778a053e3496bedb6b2630ef1420cd2210017aef6a4767df2ad9a", "size": 593, "path": "media/graph/graph_summary_f1406ad1b15778a053e3.graph.json"}, "epoch": 249, "_timestamp": 1684415967.2556107, "loss": 69193.0546875, "mae": 248.15603637695312, "mse": 69193.0546875, "root_mean_squared_error": 263.04571533203125, "val_loss": 70552.7578125, "val_mae": 250.9691619873047, "val_mse": 70552.7578125, "val_root_mean_squared_error": 265.6177062988281, "lr": 9.999999747378752e-06, "_runtime": 276.7468225955963, "_step": 249, "best_val_loss": 70552.7578125, "best_epoch": 11, "_wandb": {"runtime": 275}}