{"graph": {"_type": "graph-file", "sha256": "e6a343afe123b34d9978ca10ce6339b1a7c1a890bfdc26f0d786b46df91b410c", "size": 1162, "path": "media/graph/graph_summary_e6a343afe123b34d9978.graph.json"}, "epoch": 49, "_timestamp": 1681305447.2809181, "loss": 0.0019143413519486785, "mae": 0.03787098452448845, "mse": 0.0019143413519486785, "val_loss": 0.001949976198375225, "val_mae": 0.038300883024930954, "val_mse": 0.001949976314790547, "lr": 9.999999747378752e-06, "_runtime": 27.051013231277466, "_step": 49, "best_val_loss": 0.0019496440654620528, "best_epoch": 21, "_wandb": {"runtime": 25}}