{"graph": {"_type": "graph-file", "sha256": "de22b56f358365512a341e4573d5b6b8a0a54f9e900aecce5d1a9142f2e1136f", "size": 493, "path": "media/graph/graph_summary_de22b56f358365512a34.graph.json"}, "epoch": 149, "_timestamp": 1683089202.1765747, "loss": 9.082034375751391e-05, "mae": 0.006009992212057114, "mse": 9.082034375751391e-05, "root_mean_squared_error": 0.009529970586299896, "val_loss": 9.693551692180336e-05, "val_mae": 0.006177527830004692, "val_mse": 9.693551692180336e-05, "val_root_mean_squared_error": 0.009845583699643612, "lr": 0.0010775000555440784, "_runtime": 3553.869784593582, "_step": 149, "best_val_loss": 9.447622869629413e-05, "best_epoch": 147, "_wandb": {"runtime": 3552}}