{"graph": {"_type": "graph-file", "sha256": "0503ee0bf39c37d41789a9ec189b304ec0c0c131a124f15f198c8fb783b607f8", "size": 770, "path": "media/graph/graph_summary_0503ee0bf39c37d41789.graph.json"}, "epoch": 19, "_timestamp": 1682267005.019817, "loss": 0.007567143067717552, "mae": 0.0751851499080658, "mse": 0.007567143067717552, "val_loss": 0.007510020397603512, "val_mae": 0.07456816732883453, "val_mse": 0.007510020397603512, "lr": 0.048538751900196075, "_runtime": 145.6652901172638, "_step": 179, "best_val_loss": 0.007510020397603512, "best_epoch": 0, "_wandb": {"runtime": 144}}