{"graph": {"_type": "graph-file", "sha256": "2910eba9003358c5f98da7e9c12e27bbd61ff5182315926c931febaf8b665ab2", "size": 722, "path": "media/graph/graph_summary_2910eba9003358c5f98d.graph.json"}, "epoch": 1, "_timestamp": 1680804545.024679, "loss": 4.638490676879883, "mae": 0.06458264589309692, "mse": 0.004781434312462807, "val_loss": 3.3993499279022217, "val_mae": 0.06511221081018448, "val_mse": 0.004779606591910124, "lr": 0.0010000000474974513, "_runtime": 6.260484933853149, "_step": 1, "best_val_loss": 3.3993499279022217, "best_epoch": 1, "_wandb": {"runtime": 6}}