{"graph": {"_type": "graph-file", "sha256": "62adf72a846d167414421c26f61a059263e9d3957c36b4e12fb587a4b3a0b101", "size": 593, "path": "media/graph/graph_summary_62adf72a846d16741442.graph.json"}, "epoch": 299, "_timestamp": 1684508574.227674, "loss": 0.0018125338247045875, "mae": 0.029551971703767776, "mse": 0.0014451483730226755, "root_mean_squared_error": 0.038015108555555344, "val_loss": 0.0016194790368899703, "val_mae": 0.02755924127995968, "val_mse": 0.0012520949821919203, "val_root_mean_squared_error": 0.035384953022003174, "lr": 9.999999747378752e-06, "_runtime": 85.52431201934814, "_step": 299, "best_val_loss": 0.0016191608738154173, "best_epoch": 287, "_wandb": {"runtime": 84}}