{"graph": {"_type": "graph-file", "sha256": "f1406ad1b15778a053e3496bedb6b2630ef1420cd2210017aef6a4767df2ad9a", "size": 593, "path": "media/graph/graph_summary_f1406ad1b15778a053e3.graph.json"}, "epoch": 499, "_timestamp": 1684491191.831856, "loss": 0.002574457786977291, "mae": 0.03720474615693092, "mse": 0.0022860229946672916, "root_mean_squared_error": 0.04781237244606018, "val_loss": 0.002417047740891576, "val_mae": 0.03621330112218857, "val_mse": 0.0021286066621541977, "val_root_mean_squared_error": 0.046136826276779175, "lr": 9.999999747378752e-06, "_runtime": 233.52371191978455, "_step": 499, "best_val_loss": 0.002417030744254589, "best_epoch": 488, "_wandb": {"runtime": 231}}