{"graph": {"_type": "graph-file", "sha256": "d625f4247ff78c4b8d3fa8e08d610d9dd516366a7774cd5170b31d977794bfe9", "size": 778, "path": "media/graph/graph_summary_d625f4247ff78c4b8d3f.graph.json"}, "epoch": 149, "_timestamp": 1682716086.992589, "loss": 0.682233989238739, "mae": 0.8248149752616882, "mse": 0.682233989238739, "root_mean_squared_error": 0.8259743452072144, "val_loss": 0.6832872033119202, "val_mae": 0.8254317045211792, "val_mse": 0.6832872033119202, "val_root_mean_squared_error": 0.8266119956970215, "lr": 0.00013168250734452158, "_runtime": 1441.1836869716644, "_step": 1349, "best_val_loss": 0.0025532052386552095, "best_epoch": 57, "_wandb": {"runtime": 1439}}