{"graph": {"_type": "graph-file", "sha256": "e69dad264e70d5b54e07e1a9225fd75d5e30853f78f90278e365c352554c5dd6", "size": 593, "path": "media/graph/graph_summary_e69dad264e70d5b54e07.graph.json"}, "epoch": 29, "_timestamp": 1681745586.4312744, "loss": 0.0015454519307240844, "mae": 0.0313146747648716, "mse": 0.0014053148915991187, "val_loss": 0.001566598773933947, "val_mae": 0.03153197467327118, "val_mse": 0.0014238744042813778, "lr": 0.00040910046664066613, "_runtime": 50.71596550941467, "_step": 269, "best_val_loss": 0.0014410227304324508, "best_epoch": 29, "_wandb": {"runtime": 50}}