{"graph": {"_type": "graph-file", "sha256": "659d6965810bece9df8de80eb8042e13521f548a1ff4aefc582b0be3705b38f8", "size": 1181, "path": "media/graph/graph_summary_659d6965810bece9df8d.graph.json"}, "epoch": 49, "_timestamp": 1680968013.3755033, "loss": 0.0008192690438590944, "mae": 0.024715585634112358, "mse": 0.0008192374953068793, "val_loss": 0.0008652840624563396, "val_mae": 0.025664405897259712, "val_mse": 0.0008652533288113773, "lr": 9.999999747378752e-06, "_runtime": 91.41538333892822, "_step": 49, "best_val_loss": 0.0008652708493173122, "best_epoch": 37, "_wandb": {"runtime": 90}}