{"graph": {"_type": "graph-file", "sha256": "e7279e8ca9bab5f2689e4a8849ce75796b980a659310e5806781380aeb8683a7", "size": 919, "path": "media/graph/graph_summary_e7279e8ca9bab5f2689e.graph.json"}, "epoch": 19, "_timestamp": 1682437669.892416, "loss": 0.3327522873878479, "mae": 0.575185239315033, "mse": 0.3327522873878479, "root_mean_squared_error": 0.5768468379974365, "val_loss": 0.332078218460083, "val_mae": 0.5745680928230286, "val_mse": 0.332078218460083, "val_root_mean_squared_error": 0.5762622952461243, "lr": 9.999999747378752e-06, "_runtime": 13.112385034561157, "_step": 19, "best_val_loss": 0.332078218460083, "best_epoch": 0, "_wandb": {"runtime": 11}}