{"graph": {"_type": "graph-file", "sha256": "bcd5ffc01127c2eeed43cbdabaf6e9a2c7d24ea94c65c850c2532c291bdad3df", "size": 467, "path": "media/graph/graph_summary_bcd5ffc01127c2eeed43.graph.json"}, "epoch": 149, "_timestamp": 1682868466.3906882, "loss": 0.0019158793147653341, "mae": 0.03788922727108002, "mse": 0.0019158793147653341, "root_mean_squared_error": 0.04377075657248497, "val_loss": 0.0019497016910463572, "val_mae": 0.03830401971936226, "val_mse": 0.0019497016910463572, "val_root_mean_squared_error": 0.04415542632341385, "lr": 0.0001346875069430098, "_runtime": 939.7744932174683, "_step": 149, "best_val_loss": 0.0019495586166158319, "best_epoch": 133, "_wandb": {"runtime": 938}}