{"graph": {"_type": "graph-file", "sha256": "dda55c62c75bb0157035c2c300744a13e4b665f426538a89651f2380cf8ece49", "size": 513, "path": "media/graph/graph_summary_dda55c62c75bb0157035.graph.json"}, "epoch": 149, "_timestamp": 1683494497.041617, "loss": 9.779904939932749e-05, "mae": 0.006888166535645723, "mse": 9.779904939932749e-05, "root_mean_squared_error": 0.009889340028166771, "val_loss": 9.537008736515418e-05, "val_mae": 0.007002660539001226, "val_mse": 9.537008736515418e-05, "val_root_mean_squared_error": 0.009765760973095894, "lr": 0.0005387500277720392, "_runtime": 7044.515245914459, "_step": 149, "best_val_loss": 9.484352631261572e-05, "best_epoch": 143, "_wandb": {"runtime": 7043}}