{"graph": {"_type": "graph-file", "sha256": "b03c843fa4f0c0ed2a29965d61ed553ecf88d3027bb968c9b23f8ec3a147c7b7", "size": 1087, "path": "media/graph/graph_summary_b03c843fa4f0c0ed2a29.graph.json"}, "epoch": 49, "_timestamp": 1682743818.49968, "loss": 0.0019107975531369448, "mae": 0.03782958537340164, "mse": 0.0019107975531369448, "root_mean_squared_error": 0.04371266812086105, "val_loss": 0.0019463131902739406, "val_mae": 0.03825139254331589, "val_mse": 0.0019463131902739406, "val_root_mean_squared_error": 0.0441170409321785, "lr": 0.007103366777300835, "_runtime": 151.34615015983582, "_step": 449, "best_val_loss": 0.0017989837797358632, "best_epoch": 48, "_wandb": {"runtime": 150}}