{"graph": {"_type": "graph-file", "sha256": "745d6e957e80a21a583a6b5700af3fc3118aa578df4b768beb98e1f0a4e40543", "size": 590, "path": "media/graph/graph_summary_745d6e957e80a21a583a.graph.json"}, "epoch": 49, "_timestamp": 1681574432.033788, "loss": 0.002841633278876543, "mae": 0.03758924826979637, "mse": 0.0018904488533735275, "val_loss": 0.002865648129954934, "val_mae": 0.03800537437200546, "val_mse": 0.0019269423792138696, "lr": 9.999999747378752e-06, "_runtime": 79.05631303787231, "_step": 49, "best_val_loss": 0.002865648129954934, "best_epoch": 49, "_wandb": {"runtime": 78}}