{"graph": {"_type": "graph-file", "sha256": "c43a6a08b8d95bcf8fd69640763fc6156f983d2fce3ea520ce9c63c2dc6a05bf", "size": 565, "path": "media/graph/graph_summary_c43a6a08b8d95bcf8fd6.graph.json"}, "epoch": 199, "_timestamp": 1684393176.8381615, "loss": 0.0182796698063612, "mae": 0.09876538813114166, "mse": 0.017274774610996246, "root_mean_squared_error": 0.13143353164196014, "val_loss": 0.01774563267827034, "val_mae": 0.0973859429359436, "val_mse": 0.016741521656513214, "val_root_mean_squared_error": 0.12938903272151947, "lr": 9.999999747378752e-06, "_runtime": 744.2529623508453, "_step": 199, "best_val_loss": 0.017741240561008453, "best_epoch": 197, "_wandb": {"runtime": 743}}