{"graph": {"_type": "graph-file", "sha256": "e939275f90b03f4f90880802d9a9351883610937e83e61cbdf72cc608bd0ff11", "size": 886, "path": "media/graph/graph_summary_e939275f90b03f4f9088.graph.json"}, "epoch": 49, "_timestamp": 1681069066.9758127, "loss": 0.0019146803533658385, "mae": 0.03787263110280037, "mse": 0.001914530759677291, "val_loss": 0.0019502575742080808, "val_mae": 0.038299497216939926, "val_mse": 0.0019501096103340387, "lr": 9.999999747378752e-06, "_runtime": 99.25524663925171, "_step": 49, "best_val_loss": 0.0019500987837091088, "best_epoch": 41, "_wandb": {"runtime": 98}}