{"graph": {"_type": "graph-file", "sha256": "75392d8990f043329e5dc2bf9fcecb097c0f5dd75d79c6dc68580d2e66643c15", "size": 708, "path": "media/graph/graph_summary_75392d8990f043329e5d.graph.json"}, "epoch": 0, "_timestamp": 1680802293.2206697, "loss": 10.032057762145996, "mae": 0.025593629106879234, "mse": 0.0009227086557075381, "val_loss": 7.386752605438232, "val_mae": 0.025750063359737396, "val_mse": 0.0009356139344163239, "lr": 0.0010000000474974513, "_runtime": 3.0317296981811523, "_step": 0, "best_val_loss": 7.386752605438232, "best_epoch": 0, "_wandb": {"runtime": 3}}