{"graph": {"_type": "graph-file", "sha256": "aa6b37f1a81d9d733d7c7aa1b6a1c366144faa804bfaaded310267b734d6ef7f", "size": 513, "path": "media/graph/graph_summary_aa6b37f1a81d9d733d7c.graph.json"}, "epoch": 149, "_timestamp": 1684029808.0240197, "loss": 1.1430452104832511e-05, "mae": 0.002498037414625287, "mse": 1.1430452104832511e-05, "root_mean_squared_error": 0.0033808951266109943, "val_loss": 1.133290606958326e-05, "val_mae": 0.0025234261993318796, "val_mse": 1.133290606958326e-05, "val_root_mean_squared_error": 0.0033664382062852383, "lr": 0.0002693750138860196, "_runtime": 6832.89869761467, "_step": 149, "best_val_loss": 1.133290606958326e-05, "best_epoch": 149, "_wandb": {"runtime": 6835}}