{"graph": {"_type": "graph-file", "sha256": "8b395b21744e0a1fd3661391ec2e6a47e6486228294a3b88234c0f916cfe114f", "size": 593, "path": "media/graph/graph_summary_8b395b21744e0a1fd366.graph.json"}, "epoch": 9, "_timestamp": 1682359142.319409, "loss": 0.0020981822162866592, "mae": 0.03820089250802994, "mse": 0.001973375678062439, "root_mean_squared_error": 0.0444226935505867, "coeff_determination": -0.06198249012231827, "val_loss": 0.001991270575672388, "val_mae": 0.038335010409355164, "val_mse": 0.0019508403493091464, "val_root_mean_squared_error": 0.044168319553136826, "val_coeff_determination": -858.6289672851562, "lr": 0.09925000369548798, "_runtime": 6.914414882659912, "_step": 9, "best_val_loss": 0.0019747610203921795, "best_epoch": 5, "_wandb": {"runtime": 5}}