{"graph": {"_type": "graph-file", "sha256": "22f1269eb092b4a39804c4fca65f60093a9a09abc83ccfa79abe24b97331a081", "size": 582, "path": "media/graph/graph_summary_22f1269eb092b4a39804.graph.json"}, "epoch": 49, "_timestamp": 1681572350.941811, "loss": 0.003771782387048006, "mae": 0.04864257201552391, "mse": 0.003183180931955576, "val_loss": 0.003800123929977417, "val_mae": 0.048576470464468, "val_mse": 0.0032103220000863075, "lr": 9.999999747378752e-06, "_runtime": 79.77799606323242, "_step": 49, "best_val_loss": 0.003800123929977417, "best_epoch": 49, "_wandb": {"runtime": 79}}