{"graph": {"_type": "graph-file", "sha256": "9a5d14a4c47b47406ae8a647f68d796d7381869cae246fa980ced7ee72be0fc2", "size": 492, "path": "media/graph/graph_summary_9a5d14a4c47b47406ae8.graph.json"}, "epoch": 149, "_timestamp": 1684239671.2941327, "loss": 2.9526854632422328e-05, "mae": 0.002826593117788434, "mse": 2.9526854632422328e-05, "val_loss": 3.901349555235356e-05, "val_mae": 0.0030415738001465797, "val_mse": 3.901349555235356e-05, "lr": 0.0002693750138860196, "_runtime": 4735.011974811554, "_step": 149, "best_val_loss": 3.845692481263541e-05, "best_epoch": 148, "_wandb": {"runtime": 4733}}