{"graph": {"_type": "graph-file", "sha256": "6b661ee68a9e83fb819a483f5a1668581ecbdd6399e744e8ec02dc700dc82bfe", "size": 593, "path": "media/graph/graph_summary_6b661ee68a9e83fb819a.graph.json"}, "epoch": 499, "_timestamp": 1684492488.816368, "loss": 0.0013797981664538383, "mae": 0.021259261295199394, "mse": 0.0010153008624911308, "root_mean_squared_error": 0.03186378628015518, "val_loss": 0.00125695182941854, "val_mae": 0.020277153700590134, "val_mse": 0.0008924592984840274, "val_root_mean_squared_error": 0.029874056577682495, "lr": 9.999999747378752e-06, "_runtime": 272.4418771266937, "_step": 499, "best_val_loss": 0.0012568526435643435, "best_epoch": 497, "_wandb": {"runtime": 269}}