{"graph": {"_type": "graph-file", "sha256": "50c0ac54b12eaef92caa2bb76e95c30e19f641047844ef9ce739012bbf621497", "size": 740, "path": "media/graph/graph_summary_50c0ac54b12eaef92caa.graph.json"}, "epoch": 49, "_timestamp": 1680965069.8286858, "loss": 0.0008536211680620909, "mae": 0.024719711393117905, "mse": 0.000819498673081398, "val_loss": 0.0008992961375042796, "val_mae": 0.025656618177890778, "val_mse": 0.0008652661344967782, "lr": 9.999999747378752e-06, "_runtime": 47.84420585632324, "_step": 49, "best_val_loss": 0.0008992961375042796, "best_epoch": 49, "_wandb": {"runtime": 47}}