{"graph": {"_type": "graph-file", "sha256": "79b08f6778947b3bc8a78ef05d3dff856660767dcb2583e232a2bb59d0e5856f", "size": 593, "path": "media/graph/graph_summary_79b08f6778947b3bc8a7.graph.json"}, "epoch": 299, "_timestamp": 1684502453.3734446, "loss": 0.002399725839495659, "mae": 0.03105427511036396, "mse": 0.0018759012455120683, "root_mean_squared_error": 0.043311674147844315, "val_loss": 0.002358849626034498, "val_mae": 0.03099600039422512, "val_mse": 0.001835025381296873, "val_root_mean_squared_error": 0.042837195098400116, "lr": 9.999999747378752e-06, "_runtime": 188.56295466423035, "_step": 299, "best_val_loss": 0.002358849626034498, "best_epoch": 299, "_wandb": {"runtime": 187}}