{"graph": {"_type": "graph-file", "sha256": "270d7efe005ab41e3f1a950e1ff63d7588c75044119188123434a2b8ab028922", "size": 593, "path": "media/graph/graph_summary_270d7efe005ab41e3f1a.graph.json"}, "epoch": 199, "_timestamp": 1684357396.356019, "loss": 0.007611678913235664, "mae": 0.07559865713119507, "mse": 0.007611678913235664, "root_mean_squared_error": 0.08724493533372879, "val_loss": 0.007575074210762978, "val_mae": 0.07527710497379303, "val_mse": 0.007575074210762978, "val_root_mean_squared_error": 0.08703490346670151, "lr": 9.999999747378752e-06, "_runtime": 235.44810509681702, "_step": 199, "best_val_loss": 0.007567640859633684, "best_epoch": 51, "_wandb": {"runtime": 233}}