{"graph": {"_type": "graph-file", "sha256": "c32428d287406381d2718861ee671115bb1e128e3ce39d0ddf9f33cb16f978fd", "size": 740, "path": "media/graph/graph_summary_c32428d287406381d271.graph.json"}, "epoch": 9, "_timestamp": 1680778261.317504, "loss": 7.658511161804199, "mae": 0.024963025003671646, "mse": 0.0009117346489802003, "val_loss": 7.496626853942871, "val_mae": 0.03113541565835476, "val_mse": 0.0015863173175603151, "lr": 9.999999747378752e-05, "_runtime": 16.803799867630005, "_step": 9, "best_val_loss": 7.496626853942871, "best_epoch": 9, "_wandb": {"runtime": 16}}