{"graph": {"_type": "graph-file", "sha256": "198c026e0cff7766b4e29e3665880b1ddb2639e3cf2a3ac9749af3dc4626d190", "size": 597, "path": "media/graph/graph_summary_198c026e0cff7766b4e2.graph.json"}, "epoch": 49, "_timestamp": 1682690726.9775813, "loss": 0.001958053093403578, "mae": 0.03789433091878891, "mse": 0.0019172526663169265, "val_loss": 0.001993329729884863, "val_mae": 0.03829021006822586, "val_mse": 0.0019517979817464948, "lr": 6.25000029685907e-05, "_runtime": 90.8266122341156, "_step": 49, "best_val_loss": 0.001993329729884863, "best_epoch": 49, "_wandb": {"runtime": 90}}