{"graph": {"_type": "graph-file", "sha256": "c352789c46fd5d39523ce28494bbe576f131645ed5358e376b0ab86dfda53643", "size": 771, "path": "media/graph/graph_summary_c352789c46fd5d39523c.graph.json"}, "epoch": 19, "_timestamp": 1682783216.5673664, "loss": 0.007567142602056265, "mae": 0.07518515735864639, "mse": 0.007567142602056265, "root_mean_squared_error": 0.08698932826519012, "val_loss": 0.007510020397603512, "val_mae": 0.07456817477941513, "val_mse": 0.007510020397603512, "val_root_mean_squared_error": 0.08666037023067474, "lr": 0.004081317223608494, "_runtime": 74.6050374507904, "_step": 179, "best_val_loss": 0.007510020397603512, "best_epoch": 0, "_wandb": {"runtime": 73}}