{"graph": {"_type": "graph-file", "sha256": "4b8bebba67c69112d4044524e5dd200f6e7d7f4fbbd92873f26b0b59d3f2afbf", "size": 740, "path": "media/graph/graph_summary_4b8bebba67c69112d404.graph.json"}, "epoch": 9, "_timestamp": 1680785491.6560338, "loss": 0.011041158810257912, "mae": 0.025915812700986862, "mse": 0.0009132017730735242, "val_loss": 0.0057131024077534676, "val_mae": 0.026578495278954506, "val_mse": 0.0009478303836658597, "lr": 0.0005000000237487257, "_runtime": 16.768983840942383, "_step": 9, "best_val_loss": 0.0057131024077534676, "best_epoch": 9, "_wandb": {"runtime": 16}}