{"graph": {"_type": "graph-file", "sha256": "80af2be372625c44c3a71c89b7728bbda8e8593f4d5bd4386bdc64f4be69e19c", "size": 590, "path": "media/graph/graph_summary_80af2be372625c44c3a7.graph.json"}, "epoch": 49, "_timestamp": 1682688692.8117964, "loss": 0.0019150952575728297, "mae": 0.03787802904844284, "mse": 0.001914932276122272, "val_loss": 0.00194999435916543, "val_mae": 0.03830218315124512, "val_mse": 0.0019498722394928336, "lr": 6.25000029685907e-05, "_runtime": 124.06309151649475, "_step": 49, "best_val_loss": 0.001949819503352046, "best_epoch": 37, "_wandb": {"runtime": 123}}