{"graph": {"_type": "graph-file", "sha256": "828d14aae617c0ef269368b978d0e432dd2a3288c70550b043946938d51eec62", "size": 487, "path": "media/graph/graph_summary_828d14aae617c0ef2693.graph.json"}, "epoch": 49, "_timestamp": 1682450986.3249087, "loss": 0.0004781156894750893, "mae": 0.016482403501868248, "mse": 0.0004781156894750893, "root_mean_squared_error": 0.021865855902433395, "val_loss": 0.0004607373266480863, "val_mae": 0.015689024701714516, "val_mse": 0.0004607373266480863, "val_root_mean_squared_error": 0.021464793011546135, "lr": 0.03448000177741051, "_runtime": 153.08301281929016, "_step": 49, "best_val_loss": 0.00038302765460684896, "best_epoch": 48, "_wandb": {"runtime": 151}}