{"graph": {"_type": "graph-file", "sha256": "8ef149ba4cd6370a43287398edf1cbae732f2b4ac73bae1ce662f883aeddb4c4", "size": 1096, "path": "media/graph/graph_summary_8ef149ba4cd6370a4328.graph.json"}, "epoch": 149, "_timestamp": 1684871373.8830588, "loss": 0.00016670180775690824, "mae": 0.009510878473520279, "mse": 0.00016670180775690824, "root_mean_squared_error": 0.012911302968859673, "val_loss": 0.00016422377666458488, "val_mae": 0.009533369913697243, "val_mse": 0.00016422377666458488, "val_root_mean_squared_error": 0.012814981862902641, "lr": 0.00010451585694681853, "_runtime": 204.3278088569641, "_step": 149, "best_val_loss": 0.00016355543630197644, "best_epoch": 148, "_wandb": {"runtime": 202}}