{"graph": {"_type": "graph-file", "sha256": "3a7ad898c48b508151d8252d193daa5f0a9f3d71cc20233c7ab855aa752e8fa2", "size": 511, "path": "media/graph/graph_summary_3a7ad898c48b508151d8.graph.json"}, "epoch": 49, "_timestamp": 1683149773.5328965, "loss": 0.001587561913765967, "mae": 0.028830064460635185, "mse": 0.001587561913765967, "root_mean_squared_error": 0.039844218641519547, "val_loss": 0.0015998255694285035, "val_mae": 0.028958139941096306, "val_mse": 0.0015998255694285035, "val_root_mean_squared_error": 0.03999781981110573, "lr": 0.021543992683291435, "_runtime": 2980.800886631012, "_step": 499, "best_val_loss": 0.0007324503385461867, "best_epoch": 46, "_wandb": {"runtime": 2979}}