{"graph": {"_type": "graph-file", "sha256": "c32428d287406381d2718861ee671115bb1e128e3ce39d0ddf9f33cb16f978fd", "size": 740, "path": "media/graph/graph_summary_c32428d287406381d271.graph.json"}, "epoch": 0, "_timestamp": 1680802565.6782694, "loss": 9.901346206665039, "mae": 0.09548529982566833, "mse": 0.024859847500920296, "val_loss": 7.218608856201172, "val_mae": 0.03166327252984047, "val_mse": 0.0015059314901009202, "lr": 0.0010000000474974513, "_runtime": 3.5389254093170166, "_step": 0, "best_val_loss": 7.218608856201172, "best_epoch": 0, "_wandb": {"runtime": 3}}