{"graph": {"_type": "graph-file", "sha256": "3f7941e1061a62b0a3b348a4ec9512e557faae56e5ce87fc57fda166a6f1843f", "size": 484, "path": "media/graph/graph_summary_3f7941e1061a62b0a3b3.graph.json"}, "epoch": 29, "_timestamp": 1683130567.0690503, "loss": 0.003400776069611311, "mae": 0.05048167333006859, "mse": 0.003400776069611311, "root_mean_squared_error": 0.058316171169281006, "val_loss": 0.003400163957849145, "val_mae": 0.0505506657063961, "val_mse": 0.003400163957849145, "val_root_mean_squared_error": 0.05831092596054077, "lr": 0.0055759744718670845, "_runtime": 223.64527034759521, "_step": 299, "best_val_loss": 0.0032052684109658003, "best_epoch": 29, "_wandb": {"runtime": 222}}