{"graph": {"_type": "graph-file", "sha256": "6a9d7a2a323afbcd2182fd7a093459b31a045313ab1080a56d2c0de5b25e8ecd", "size": 565, "path": "media/graph/graph_summary_6a9d7a2a323afbcd2182.graph.json"}, "epoch": 49, "_timestamp": 1681570517.7741568, "loss": 0.0036948584020137787, "mae": 0.037327662110328674, "mse": 0.0018797090742737055, "val_loss": 0.003700824221596122, "val_mae": 0.03761138767004013, "val_mse": 0.0018913538660854101, "lr": 9.999999747378752e-06, "_runtime": 65.4148018360138, "_step": 49, "best_val_loss": 0.003700824221596122, "best_epoch": 49, "_wandb": {"runtime": 65}}