{"graph": {"_type": "graph-file", "sha256": "27c5d7819ce561a5403e4afeba735456b1eb39e6f92976330971467468a118db", "size": 740, "path": "media/graph/graph_summary_27c5d7819ce561a5403e.graph.json"}, "epoch": 0, "_timestamp": 1681311717.7362304, "loss": 13.653538703918457, "mae": 0.0783141627907753, "mse": 0.02786961942911148, "val_loss": 11.911534309387207, "val_mae": 0.03776304051280022, "val_mse": 0.001905670389533043, "lr": 0.009999999776482582, "_runtime": 3.555406332015991, "_step": 0, "best_val_loss": 11.911534309387207, "best_epoch": 0, "_wandb": {"runtime": 3}}