{"graph": {"_type": "graph-file", "sha256": "1ac42279a8a8ee75daecbd716f2cfd7ba2fd41eaabde548ec7ec7a227be58735", "size": 579, "path": "media/graph/graph_summary_1ac42279a8a8ee75daec.graph.json"}, "epoch": 299, "_timestamp": 1684846657.7782052, "loss": 0.0005403217510320246, "mae": 0.016459304839372635, "mse": 0.0004455953312572092, "root_mean_squared_error": 0.02110912837088108, "val_loss": 0.0006048902287147939, "val_mae": 0.017801430076360703, "val_mse": 0.0005102278664708138, "val_root_mean_squared_error": 0.022588225081562996, "lr": 9.999999747378752e-06, "_runtime": 175.96751403808594, "_step": 299, "best_val_loss": 0.0006044056499376893, "best_epoch": 298, "_wandb": {"runtime": 174}}