{"graph": {"_type": "graph-file", "sha256": "c9b8455352c6576033a42d0639483f34d79514cf92cfc4ab463692e25de23689", "size": 586, "path": "media/graph/graph_summary_c9b8455352c6576033a4.graph.json"}, "epoch": 299, "_timestamp": 1684482624.1931012, "loss": 0.0014527062885463238, "mae": 0.0263063944876194, "mse": 0.001267478452064097, "root_mean_squared_error": 0.0356016643345356, "val_loss": 0.0013984480174258351, "val_mae": 0.02632085792720318, "val_mse": 0.0012132201809436083, "val_root_mean_squared_error": 0.03483131155371666, "lr": 9.999999747378752e-06, "_runtime": 210.14680123329163, "_step": 299, "best_val_loss": 0.0013981577940285206, "best_epoch": 296, "_wandb": {"runtime": 208}}