{"graph": {"_type": "graph-file", "sha256": "91f8bef3c495d17b89db08c47be15cef4e2021e8d5e3bbd7b314fbd0a4e632fd", "size": 583, "path": "media/graph/graph_summary_91f8bef3c495d17b89db.graph.json"}, "epoch": 49, "_timestamp": 1681055834.3770342, "loss": 0.0006630506832152605, "mae": 0.019613418728113174, "mse": 0.0006630506832152605, "val_loss": 0.0006944846245460212, "val_mae": 0.020094890147447586, "val_mse": 0.0006944846245460212, "lr": 9.999999747378752e-06, "_runtime": 60.507989168167114, "_step": 49, "best_val_loss": 0.0006944846245460212, "best_epoch": 49, "_wandb": {"runtime": 60}}