{"graph": {"_type": "graph-file", "sha256": "2910eba9003358c5f98da7e9c12e27bbd61ff5182315926c931febaf8b665ab2", "size": 722, "path": "media/graph/graph_summary_2910eba9003358c5f98d.graph.json"}, "epoch": 0, "_timestamp": 1681311622.0499773, "loss": 13.17421817779541, "mae": 0.052570492029190063, "mse": 0.004151195287704468, "val_loss": 10.998743057250977, "val_mae": 0.04652782157063484, "val_mse": 0.0031476335134357214, "lr": 0.009999999776482582, "_runtime": 3.7574093341827393, "_step": 0, "best_val_loss": 10.998743057250977, "best_epoch": 0, "_wandb": {"runtime": 3}}