{"graph": {"_type": "graph-file", "sha256": "9cecc2f0efacb6ce8d0f8584e6893bf759a5fa815126c69a210f8982be0f616b", "size": 1093, "path": "media/graph/graph_summary_9cecc2f0efacb6ce8d0f.graph.json"}, "epoch": 49, "_timestamp": 1682776252.6897788, "loss": 0.00014218894648365676, "mae": 0.009087275713682175, "mse": 0.00014218894648365676, "root_mean_squared_error": 0.011924298480153084, "val_loss": 0.00018018516129814088, "val_mae": 0.011377280578017235, "val_mse": 0.00018018516129814088, "val_root_mean_squared_error": 0.013423305004835129, "lr": 0.002434185706079006, "_runtime": 602.3083007335663, "_step": 449, "best_val_loss": 4.2956740799127147e-05, "best_epoch": 49, "_wandb": {"runtime": 601}}