{"graph": {"_type": "graph-file", "sha256": "c9b8455352c6576033a42d0639483f34d79514cf92cfc4ab463692e25de23689", "size": 586, "path": "media/graph/graph_summary_c9b8455352c6576033a4.graph.json"}, "epoch": 249, "_timestamp": 1684515327.0819287, "loss": 0.0021755010820925236, "mae": 0.03416958078742027, "mse": 0.0019205246353521943, "root_mean_squared_error": 0.043823789805173874, "val_loss": 0.001992247998714447, "val_mae": 0.03319801762700081, "val_mse": 0.0017372715519741178, "val_root_mean_squared_error": 0.04168058931827545, "lr": 9.999999747378752e-06, "_runtime": 73.10751366615295, "_step": 249, "best_val_loss": 0.0019778774585574865, "best_epoch": 109, "_wandb": {"runtime": 72}}