{"graph": {"_type": "graph-file", "sha256": "b273465fd21bcb5de10b893ed09db543f83df3d81a225f9a9a867c8c308817fc", "size": 1383, "path": "media/graph/graph_summary_b273465fd21bcb5de10b.graph.json"}, "epoch": 299, "_timestamp": 1684955967.9374335, "loss": 0.2989688217639923, "mae": 0.5397718548774719, "mse": 0.2989688217639923, "root_mean_squared_error": 0.5467803478240967, "val_loss": 0.30012455582618713, "val_mae": 0.5409125685691833, "val_mse": 0.30012455582618713, "val_root_mean_squared_error": 0.5478362441062927, "lr": 9.999999747378752e-06, "_runtime": 371.8132984638214, "_step": 299, "best_val_loss": 0.30012455582618713, "best_epoch": 0, "_wandb": {"runtime": 370}}