{"graph": {"_type": "graph-file", "sha256": "9ddb5ce411971f1d49672a7c8823691761f6e113ffb2ba88f02fb4e834056542", "size": 729, "path": "media/graph/graph_summary_9ddb5ce411971f1d4967.graph.json"}, "epoch": 99, "_timestamp": 1680786890.9794, "loss": 6.22346830368042, "mae": 0.01583251729607582, "mse": 0.0004145728307776153, "val_loss": 6.212399482727051, "val_mae": 0.017263654619455338, "val_mse": 0.00046676810598000884, "lr": 9.999999747378752e-06, "_runtime": 122.628830909729, "_step": 99, "best_val_loss": 6.212399482727051, "best_epoch": 99, "_wandb": {"runtime": 122}}