{"graph": {"_type": "graph-file", "sha256": "1f75b398ea270f4f47bbc9089dacee8688d8d34b47d5df5c79d08d3d2091a5d1", "size": 1078, "path": "media/graph/graph_summary_1f75b398ea270f4f47bb.graph.json"}, "epoch": 149, "_timestamp": 1684870585.7129571, "loss": 0.003413301659747958, "mae": 0.050627514719963074, "mse": 0.003413301659747958, "root_mean_squared_error": 0.05842346325516701, "val_loss": 0.0033472953364253044, "val_mae": 0.049977727234363556, "val_mse": 0.0033472953364253044, "val_root_mean_squared_error": 0.05785582587122917, "lr": 2.6128964236704633e-05, "_runtime": 91.02364110946655, "_step": 149, "best_val_loss": 0.0033463789150118828, "best_epoch": 86, "_wandb": {"runtime": 89}}