{"graph": {"_type": "graph-file", "sha256": "34031f9cb11e6d28b20bd5f9e3717c916842297c67b9a1c3dce61c3eb20398a9", "size": 597, "path": "media/graph/graph_summary_34031f9cb11e6d28b20b.graph.json"}, "epoch": 9, "_timestamp": 1682700364.0280952, "loss": 0.001925289281643927, "mae": 0.037881042808294296, "mse": 0.0019176047062501311, "val_loss": 0.001957146916538477, "val_mae": 0.03830815106630325, "val_mse": 0.0019496151944622397, "lr": 0.0010000000474974513, "_runtime": 32.036142349243164, "_step": 9, "best_val_loss": 0.001957146916538477, "best_epoch": 9, "_wandb": {"runtime": 32}}