{"graph": {"_type": "graph-file", "sha256": "dda55c62c75bb0157035c2c300744a13e4b665f426538a89651f2380cf8ece49", "size": 513, "path": "media/graph/graph_summary_dda55c62c75bb0157035.graph.json"}, "epoch": 199, "_timestamp": 1683885076.00821, "loss": 0.000127343344502151, "mae": 0.007470718584954739, "mse": 0.000127343344502151, "root_mean_squared_error": 0.01128465123474598, "val_loss": 0.00011745128722395748, "val_mae": 0.007493482902646065, "val_mse": 0.00011745128722395748, "val_root_mean_squared_error": 0.010837494395673275, "lr": 0.0001346875069430098, "_runtime": 10755.725232839584, "_step": 199, "best_val_loss": 0.00011713469575624913, "best_epoch": 195, "_wandb": {"runtime": 10754}}