{"graph": {"_type": "graph-file", "sha256": "a087add86b312f72c931294c7356467414b135bb24692633ed22031017b21a0d", "size": 593, "path": "media/graph/graph_summary_a087add86b312f72c931.graph.json"}, "epoch": 299, "_timestamp": 1684483177.2041032, "loss": 0.0006471671513281763, "mae": 0.016240857541561127, "mse": 0.00047712682862766087, "root_mean_squared_error": 0.021843232214450836, "val_loss": 0.0006696604541502893, "val_mae": 0.016741789877414703, "val_mse": 0.0004996259813196957, "val_root_mean_squared_error": 0.0223523136228323, "lr": 9.999999747378752e-06, "_runtime": 250.91408824920654, "_step": 299, "best_val_loss": 0.0006692701717838645, "best_epoch": 290, "_wandb": {"runtime": 249}}