{"graph": {"_type": "graph-file", "sha256": "dda55c62c75bb0157035c2c300744a13e4b665f426538a89651f2380cf8ece49", "size": 513, "path": "media/graph/graph_summary_dda55c62c75bb0157035.graph.json"}, "epoch": 399, "_timestamp": 1684795069.2615972, "loss": 0.0008585892501287162, "mae": 0.025226475670933723, "mse": 0.0008585892501287162, "val_loss": 0.0008061585831455886, "val_mae": 0.023974603042006493, "val_mse": 0.0008061585831455886, "lr": 9.999999747378752e-06, "_runtime": 328.2606770992279, "_step": 399, "best_val_loss": 0.0008048639865592122, "best_epoch": 0, "_wandb": {"runtime": 326}}