{"graph": {"_type": "graph-file", "sha256": "e6a343afe123b34d9978ca10ce6339b1a7c1a890bfdc26f0d786b46df91b410c", "size": 1162, "path": "media/graph/graph_summary_e6a343afe123b34d9978.graph.json"}, "epoch": 49, "_timestamp": 1681306202.4459462, "loss": 0.0019143508980050683, "mae": 0.03787131607532501, "mse": 0.0019143508980050683, "val_loss": 0.0019500133348628879, "val_mae": 0.03830047324299812, "val_mse": 0.0019500133348628879, "lr": 9.999999747378752e-06, "_runtime": 24.06930422782898, "_step": 49, "best_val_loss": 0.0019496104214340448, "best_epoch": 6, "_wandb": {"runtime": 22}}