{"graph": {"_type": "graph-file", "sha256": "5c37bc0f69694c32b66c136b737fd634bdf80f1327ad848ea4e0f460930cf092", "size": 1030, "path": "media/graph/graph_summary_5c37bc0f69694c32b66c.graph.json"}, "epoch": 49, "_timestamp": 1680959309.9340653, "loss": 0.0011993114603683352, "mae": 0.026445237919688225, "mse": 0.0009815058438107371, "val_loss": 0.0010848349193111062, "val_mae": 0.02565336599946022, "val_mse": 0.0008681290200911462, "lr": 9.999999747378752e-06, "_runtime": 203.7180633544922, "_step": 49, "best_val_loss": 0.0010843061609193683, "best_epoch": 48, "_wandb": {"runtime": 202}}