{"graph": {"_type": "graph-file", "sha256": "5fcd1e487d1764ad15de2fa098e80a5c18120f4192d62db19268193cab9e3e8a", "size": 513, "path": "media/graph/graph_summary_5fcd1e487d1764ad15de.graph.json"}, "epoch": 149, "_timestamp": 1683112006.848435, "loss": 1.330806753685465e-06, "mae": 0.0008641699678264558, "mse": 1.330806753685465e-06, "root_mean_squared_error": 0.0011536059901118279, "val_loss": 1.4711864650962525e-06, "val_mae": 0.0009197077015414834, "val_mse": 1.4711864650962525e-06, "val_root_mean_squared_error": 0.0012129247188568115, "lr": 0.0002693750138860196, "_runtime": 3615.532945871353, "_step": 149, "best_val_loss": 1.408100729349826e-06, "best_epoch": 145, "_wandb": {"runtime": 3613}}