{"graph": {"_type": "graph-file", "sha256": "74eb4da14a7946959beab73ae4b7d6b7e56fceec427c0e71a986e6b2ab3ab4cb", "size": 579, "path": "media/graph/graph_summary_74eb4da14a7946959bea.graph.json"}, "epoch": 99, "_timestamp": 1684421187.170143, "loss": 13218.7470703125, "mae": 99.1065673828125, "mse": 13218.7451171875, "root_mean_squared_error": 114.9728012084961, "val_loss": 13159.59765625, "val_mae": 98.8173599243164, "val_mse": 13159.5966796875, "val_root_mean_squared_error": 114.71528625488281, "lr": 9.999999747378752e-06, "_runtime": 103.58357095718384, "_step": 99, "best_val_loss": 13159.59765625, "best_epoch": 50, "_wandb": {"runtime": 102}}