{"graph": {"_type": "graph-file", "sha256": "270d7efe005ab41e3f1a950e1ff63d7588c75044119188123434a2b8ab028922", "size": 593, "path": "media/graph/graph_summary_270d7efe005ab41e3f1a.graph.json"}, "epoch": 299, "_timestamp": 1684430176.8871648, "loss": 0.002621840452775359, "mae": 0.03826092928647995, "mse": 0.0024272752925753593, "root_mean_squared_error": 0.04926738515496254, "val_loss": 0.0027359062805771828, "val_mae": 0.03925362601876259, "val_mse": 0.0025413285475224257, "val_root_mean_squared_error": 0.050411589443683624, "lr": 9.999999747378752e-06, "_runtime": 176.19838786125183, "_step": 299, "best_val_loss": 0.0027351551689207554, "best_epoch": 280, "_wandb": {"runtime": 174}}