{"graph": {"_type": "graph-file", "sha256": "e69dad264e70d5b54e07e1a9225fd75d5e30853f78f90278e365c352554c5dd6", "size": 593, "path": "media/graph/graph_summary_e69dad264e70d5b54e07.graph.json"}, "epoch": 19, "_timestamp": 1681743569.0156379, "loss": 0.0019172081956639886, "mae": 0.037877753376960754, "mse": 0.0019154456676915288, "val_loss": 0.001950298435986042, "val_mae": 0.03830225393176079, "val_mse": 0.0019498663023114204, "lr": 0.0028487916570156813, "_runtime": 32.67820191383362, "_step": 179, "best_val_loss": 0.001950298435986042, "best_epoch": 19, "_wandb": {"runtime": 32}}