{"graph": {"_type": "graph-file", "sha256": "f6ba4cbf2d69b51e419d887c1f56c3a5440810c1cbbc934e822ddc5e2528592d", "size": 437, "path": "media/graph/graph_summary_f6ba4cbf2d69b51e419d.graph.json"}, "epoch": 149, "_timestamp": 1683414916.1035478, "loss": 0.0017244578339159489, "mae": 0.031167246401309967, "mse": 0.0017244578339159489, "root_mean_squared_error": 0.041526589542627335, "val_loss": 0.0017898863879963756, "val_mae": 0.03178516775369644, "val_mse": 0.0017898863879963756, "val_root_mean_squared_error": 0.042307049036026, "lr": 0.0006928765214979649, "_runtime": 13130.245540857315, "_step": 1499, "best_val_loss": 0.0017898863879963756, "best_epoch": 149, "_wandb": {"runtime": 13132}}