{"graph": {"_type": "graph-file", "sha256": "62adf72a846d167414421c26f61a059263e9d3957c36b4e12fb587a4b3a0b101", "size": 593, "path": "media/graph/graph_summary_62adf72a846d16741442.graph.json"}, "epoch": 299, "_timestamp": 1684501429.768908, "loss": 0.002003605244681239, "mae": 0.031146354973316193, "mse": 0.0016246662707999349, "root_mean_squared_error": 0.04030714929103851, "val_loss": 0.0018121368484571576, "val_mae": 0.029539452865719795, "val_mse": 0.001433196128346026, "val_root_mean_squared_error": 0.037857577204704285, "lr": 9.999999747378752e-06, "_runtime": 93.21349811553955, "_step": 299, "best_val_loss": 0.0018118402222171426, "best_epoch": 294, "_wandb": {"runtime": 91}}