{"graph": {"_type": "graph-file", "sha256": "b493978e282bf903f522eb15969b49623e73b3aa7d5549559c605619e56c974c", "size": 593, "path": "media/graph/graph_summary_b493978e282bf903f522.graph.json"}, "epoch": 149, "_timestamp": 1682022711.3927026, "loss": 0.0008578483248129487, "mae": 0.022238796576857567, "mse": 0.0007757486891932786, "val_loss": 0.0008552257786504924, "val_mae": 0.022515395656228065, "val_mse": 0.0007727022748440504, "lr": 2.938060788437724e-05, "_runtime": 985.2899956703186, "_step": 1349, "best_val_loss": 0.0005551418289542198, "best_epoch": 119, "_wandb": {"runtime": 984}}