{"graph": {"_type": "graph-file", "sha256": "5f56c0edaf85e6bd1f57edb0af2384d12336ecb374c60fcee654632d724aeb68", "size": 515, "path": "media/graph/graph_summary_5f56c0edaf85e6bd1f57.graph.json"}, "epoch": 19, "_timestamp": 1683158222.1960924, "loss": 0.0034010838717222214, "mae": 0.0504770427942276, "mse": 0.0034010838717222214, "root_mean_squared_error": 0.05831880867481232, "val_loss": 0.0033997076097875834, "val_mae": 0.050543300807476044, "val_mse": 0.0033997076097875834, "val_root_mean_squared_error": 0.05830701068043709, "lr": 0.021524274721741676, "_runtime": 2424.3474204540253, "_step": 199, "best_val_loss": 0.0033976018894463778, "best_epoch": 14, "_wandb": {"runtime": 2423}}