{"graph": {"_type": "graph-file", "sha256": "bc532182e840db4ae26b0ac3c9a5c0a207203a87ba3629ae9ab6d48990f0f50b", "size": 512, "path": "media/graph/graph_summary_bc532182e840db4ae26b.graph.json"}, "epoch": 19, "_timestamp": 1682617643.5664566, "loss": 0.0019222601549699903, "mae": 0.03795792907476425, "mse": 0.0019222601549699903, "root_mean_squared_error": 0.0438435859978199, "val_loss": 0.0019580596126616, "val_mae": 0.03838963061571121, "val_mse": 0.0019580596126616, "val_root_mean_squared_error": 0.044249966740608215, "lr": 0.015286337584257126, "_runtime": 769.3535466194153, "_step": 179, "best_val_loss": 0.0019453366985544562, "best_epoch": 18, "_wandb": {"runtime": 768}}