{"graph": {"_type": "graph-file", "sha256": "4a961c34c93686fe0f528dc4c678cbb358101a74adfbbb7fc449d08df6272787", "size": 439, "path": "media/graph/graph_summary_4a961c34c93686fe0f52.graph.json"}, "epoch": 49, "_timestamp": 1682562376.3277686, "loss": 0.0001015368543448858, "mae": 0.007897475734353065, "mse": 0.0001015368543448858, "root_mean_squared_error": 0.010076549835503101, "val_loss": 0.00010618235683068633, "val_mae": 0.007760056294500828, "val_mse": 0.00010618235683068633, "val_root_mean_squared_error": 0.010304482653737068, "lr": 0.002883818931877613, "_runtime": 916.756180524826, "_step": 449, "best_val_loss": 2.428592324577039e-06, "best_epoch": 49, "_wandb": {"runtime": 915}}