{"graph": {"_type": "graph-file", "sha256": "2c80ad9077b01fc9ad87dc091bf813ef7b287383e68f4bb4b9d026a5175c0201", "size": 593, "path": "media/graph/graph_summary_2c80ad9077b01fc9ad87.graph.json"}, "epoch": 199, "_timestamp": 1682935232.2464354, "loss": 0.0019442496122792363, "mae": 0.03237535431981087, "mse": 0.0017382883233949542, "root_mean_squared_error": 0.041692785918712616, "val_loss": 0.001983008347451687, "val_mae": 0.03273240476846695, "val_mse": 0.001776630524545908, "val_root_mean_squared_error": 0.042150095105171204, "lr": 9.999999747378752e-06, "_runtime": 1317.6491672992706, "_step": 1999, "best_val_loss": 0.001574238995090127, "best_epoch": 199, "_wandb": {"runtime": 1316}}