{"graph": {"_type": "graph-file", "sha256": "1334b8fd63645a0f2b98a61d5f53e5b66a54de58ba8ab06b9a2b348ce23878c7", "size": 886, "path": "media/graph/graph_summary_1334b8fd63645a0f2b98.graph.json"}, "epoch": 49, "_timestamp": 1681068607.4777555, "loss": 0.0019144556717947125, "mae": 0.03787185624241829, "mse": 0.0019144269172102213, "val_loss": 0.001950063626281917, "val_mae": 0.03830024600028992, "val_mse": 0.0019500351045280695, "lr": 9.999999747378752e-06, "_runtime": 131.22190260887146, "_step": 49, "best_val_loss": 0.0019499140325933695, "best_epoch": 33, "_wandb": {"runtime": 130}}