{"graph": {"_type": "graph-file", "sha256": "0aefe818bd72f5996af43d11f603b720f44ba087f2d08bd572ce3fd873a74083", "size": 593, "path": "media/graph/graph_summary_0aefe818bd72f5996af4.graph.json"}, "epoch": 29, "_timestamp": 1681745701.3679657, "loss": 0.0019145620753988624, "mae": 0.037872038781642914, "mse": 0.00191453006118536, "val_loss": 0.0019498324254527688, "val_mae": 0.038302890956401825, "val_mse": 0.001949822180904448, "lr": 0.000187950354302302, "_runtime": 91.3088927268982, "_step": 269, "best_val_loss": 0.001949687022715807, "best_epoch": 20, "_wandb": {"runtime": 90}}