{"graph": {"_type": "graph-file", "sha256": "515d2e6ad6543b294222d622482dfd5f69d3afbc6cc7c8fc117883c40b27be18", "size": 562, "path": "media/graph/graph_summary_515d2e6ad6543b294222.graph.json"}, "epoch": 49, "_timestamp": 1680961499.2793815, "loss": 0.0011249880772083998, "mae": 0.02775648422539234, "mse": 0.0011249880772083998, "val_loss": 0.001175007550045848, "val_mae": 0.02879658341407776, "val_mse": 0.001175007550045848, "lr": 0.00015624999650754035, "_runtime": 41.01177644729614, "_step": 49, "best_val_loss": 0.001175007550045848, "best_epoch": 49, "_wandb": {"runtime": 41}}