{"graph": {"_type": "graph-file", "sha256": "6e7774e3fdb1eda9cfd090d316871433f807c68e02aba0aec6eb73f1b1189884", "size": 513, "path": "media/graph/graph_summary_6e7774e3fdb1eda9cfd0.graph.json"}, "epoch": 149, "_timestamp": 1683527363.9687185, "loss": 3.2415890018455684e-05, "mae": 0.0037900928873568773, "mse": 3.2415890018455684e-05, "root_mean_squared_error": 0.005693495273590088, "val_loss": 3.6735851608682424e-05, "val_mae": 0.0038978334050625563, "val_mse": 3.6735851608682424e-05, "val_root_mean_squared_error": 0.006061010528355837, "lr": 0.0002693750138860196, "_runtime": 4720.539050579071, "_step": 149, "best_val_loss": 3.444335743552074e-05, "best_epoch": 137, "_wandb": {"runtime": 4719}}