{"graph": {"_type": "graph-file", "sha256": "91f8bef3c495d17b89db08c47be15cef4e2021e8d5e3bbd7b314fbd0a4e632fd", "size": 583, "path": "media/graph/graph_summary_91f8bef3c495d17b89db.graph.json"}, "epoch": 49, "_timestamp": 1680961874.1818175, "loss": 0.0008026743307709694, "mae": 0.02440517395734787, "mse": 0.0008026743307709694, "val_loss": 0.0008534049266017973, "val_mae": 0.025430718436837196, "val_mse": 0.0008534049266017973, "lr": 9.999999747378752e-06, "_runtime": 34.372963428497314, "_step": 49, "best_val_loss": 0.0008534046355634928, "best_epoch": 43, "_wandb": {"runtime": 33}}