{"graph": {"_type": "graph-file", "sha256": "5d205a962f0612db9520347fcb51e42ca107c91cbaadb882b8981e96232dd004", "size": 593, "path": "media/graph/graph_summary_5d205a962f0612db9520.graph.json"}, "epoch": 199, "_timestamp": 1682028136.8907213, "loss": 0.000986429862678051, "mae": 0.0241387952119112, "mse": 0.0009177723550237715, "val_loss": 0.0009631328866817057, "val_mae": 0.02409006468951702, "val_mse": 0.0008944667060859501, "lr": 9.999999747378752e-06, "_runtime": 1712.4380843639374, "_step": 1799, "best_val_loss": 0.0005110818892717361, "best_epoch": 64, "_wandb": {"runtime": 1711}}