{"graph": {"_type": "graph-file", "sha256": "15f10a2f1ee81b4e04a9a4c45e947f0b1a6868c51ff24b4165c73be2827af22f", "size": 772, "path": "media/graph/graph_summary_15f10a2f1ee81b4e04a9.graph.json"}, "epoch": 149, "_timestamp": 1682705329.0770988, "loss": 0.007567142602056265, "mae": 0.07518516480922699, "mse": 0.007567142602056265, "root_mean_squared_error": 0.08698932826519012, "val_loss": 0.007510020863264799, "val_mae": 0.07456816732883453, "val_mse": 0.007510020863264799, "val_root_mean_squared_error": 0.08666037768125534, "lr": 0.00013625524297822267, "_runtime": 710.5027499198914, "_step": 1349, "best_val_loss": 0.007510020863264799, "best_epoch": 0, "_wandb": {"runtime": 709}}