{"graph": {"_type": "graph-file", "sha256": "e69dad264e70d5b54e07e1a9225fd75d5e30853f78f90278e365c352554c5dd6", "size": 593, "path": "media/graph/graph_summary_e69dad264e70d5b54e07.graph.json"}, "epoch": 49, "_timestamp": 1681919939.8324142, "loss": 0.0014158060075715184, "mae": 0.030017245560884476, "mse": 0.00130661076400429, "val_loss": 0.0014238300500437617, "val_mae": 0.03060571290552616, "val_mse": 0.0013286371249705553, "lr": 0.008357328362762928, "_runtime": 64.29023504257202, "_step": 449, "best_val_loss": 0.0009150291443802416, "best_epoch": 49, "_wandb": {"runtime": 63}}