{"graph": {"_type": "graph-file", "sha256": "2910eba9003358c5f98da7e9c12e27bbd61ff5182315926c931febaf8b665ab2", "size": 722, "path": "media/graph/graph_summary_2910eba9003358c5f98d.graph.json"}, "epoch": 0, "_timestamp": 1680802221.072837, "loss": 9.78895378112793, "mae": 0.025513919070363045, "mse": 0.0011986049357801676, "val_loss": 7.168456554412842, "val_mae": 0.03374580293893814, "val_mse": 0.0016980489017441869, "lr": 0.0010000000474974513, "_runtime": 2.5313870906829834, "_step": 0, "best_val_loss": 7.168456554412842, "best_epoch": 0, "_wandb": {"runtime": 2}}