{"graph": {"_type": "graph-file", "sha256": "176169cf2e260c4e7952ee4b83eff6f50cad3ac87c622524399efdf7ec9ca59a", "size": 593, "path": "media/graph/graph_summary_176169cf2e260c4e7952.graph.json"}, "epoch": 249, "_timestamp": 1684522552.3763206, "loss": 0.000654140894766897, "mae": 0.02033991552889347, "mse": 0.0005995325045660138, "root_mean_squared_error": 0.024485353380441666, "val_loss": 0.0006986485095694661, "val_mae": 0.021326281130313873, "val_mse": 0.0006440408760681748, "val_root_mean_squared_error": 0.02537796087563038, "lr": 9.999999747378752e-06, "_runtime": 212.584228515625, "_step": 249, "best_val_loss": 0.0006986485095694661, "best_epoch": 249, "_wandb": {"runtime": 212}}