{"graph": {"_type": "graph-file", "sha256": "795a88715d0aba0a3961b5d20f80a2040d1a10798dad2df4eba6a425a54b311f", "size": 590, "path": "media/graph/graph_summary_795a88715d0aba0a3961.graph.json"}, "epoch": 49, "_timestamp": 1680962439.026405, "loss": 0.0007685201708227396, "mae": 0.023888051509857178, "mse": 0.0007685201708227396, "val_loss": 0.0008151204092428088, "val_mae": 0.024841416627168655, "val_mse": 0.0008151204092428088, "lr": 9.999999747378752e-06, "_runtime": 32.63675498962402, "_step": 49, "best_val_loss": 0.0008151203510351479, "best_epoch": 34, "_wandb": {"runtime": 31}}