{"graph": {"_type": "graph-file", "sha256": "0efca3fad46de98b1536a47803916b90aefc68391323e2569b408868cb4128b3", "size": 590, "path": "media/graph/graph_summary_0efca3fad46de98b1536.graph.json"}, "epoch": 49, "_timestamp": 1681066370.8635054, "loss": 0.0018746431451290846, "mae": 0.03742653876543045, "mse": 0.0018746431451290846, "val_loss": 0.0019142378587275743, "val_mae": 0.03789681941270828, "val_mse": 0.0019142378587275743, "lr": 9.999999747378752e-06, "_runtime": 40.77786636352539, "_step": 49, "best_val_loss": 0.0019142376258969307, "best_epoch": 48, "_wandb": {"runtime": 39}}