{"graph": {"_type": "graph-file", "sha256": "dda55c62c75bb0157035c2c300744a13e4b665f426538a89651f2380cf8ece49", "size": 513, "path": "media/graph/graph_summary_dda55c62c75bb0157035.graph.json"}, "epoch": 149, "_timestamp": 1683564619.8360488, "loss": 0.00027948911883868277, "mae": 0.011286826804280281, "mse": 0.00027948911883868277, "root_mean_squared_error": 0.016717927530407906, "val_loss": 0.0002639302983880043, "val_mae": 0.011104889214038849, "val_mse": 0.0002639302983880043, "val_root_mean_squared_error": 0.016245931386947632, "lr": 0.0005387500277720392, "_runtime": 7007.388909816742, "_step": 149, "best_val_loss": 0.0002624211774673313, "best_epoch": 146, "_wandb": {"runtime": 7006}}