{"graph": {"_type": "graph-file", "sha256": "0307e966be2421b4c862cd0c7d1ff47815175b91cc7e48dde1705a7485896e12", "size": 593, "path": "media/graph/graph_summary_0307e966be2421b4c862.graph.json"}, "epoch": 9, "_timestamp": 1681748538.4290469, "loss": 0.008230135776102543, "mae": 0.03655489161610603, "mse": 0.0018035548273473978, "val_loss": 0.007669172715395689, "val_mae": 0.03696730360388756, "val_mse": 0.001842387137003243, "lr": 0.0002500000118743628, "_runtime": 16.85108995437622, "_step": 9, "best_val_loss": 0.007669172715395689, "best_epoch": 9, "_wandb": {"runtime": 16}}