{"epoch": 138, "_timestamp": 1682710303.0089538, "loss": 0.3327522575855255, "mae": 0.5751851201057434, "mse": 0.3327522575855255, "root_mean_squared_error": 0.5768467783927917, "val_loss": 0.33207815885543823, "val_mae": 0.5745682120323181, "val_mse": 0.33207815885543823, "val_root_mean_squared_error": 0.5762622356414795, "lr": 9.999999747378752e-06, "_runtime": 194.92696285247803, "_step": 588}