{"graph": {"_type": "graph-file", "sha256": "c9b8455352c6576033a42d0639483f34d79514cf92cfc4ab463692e25de23689", "size": 586, "path": "media/graph/graph_summary_c9b8455352c6576033a4.graph.json"}, "epoch": 99, "_timestamp": 1684423747.2053003, "loss": 0.0017454269109293818, "mae": 0.02903655730187893, "mse": 0.00155340984929353, "root_mean_squared_error": 0.039413321763277054, "val_loss": 0.0016743984306231141, "val_mae": 0.02881867066025734, "val_mse": 0.0014766285894438624, "val_root_mean_squared_error": 0.038426924496889114, "lr": 0.0006671875016763806, "_runtime": 129.23948740959167, "_step": 99, "best_val_loss": 0.0016743984306231141, "best_epoch": 99, "_wandb": {"runtime": 128}}