{"graph": {"_type": "graph-file", "sha256": "9ddb5ce411971f1d49672a7c8823691761f6e113ffb2ba88f02fb4e834056542", "size": 729, "path": "media/graph/graph_summary_9ddb5ce411971f1d4967.graph.json"}, "epoch": 0, "_timestamp": 1680779729.5870454, "loss": 10.013154029846191, "mae": 0.03368816152215004, "mse": 0.0024435727391391993, "val_loss": 7.359969615936279, "val_mae": 0.031389545649290085, "val_mse": 0.0015054807299748063, "lr": 0.0010000000474974513, "_runtime": 2.992382526397705, "_step": 0, "best_val_loss": 7.359969615936279, "best_epoch": 0}