{"graph": {"_type": "graph-file", "sha256": "0f6e11124b825ed7bbfc5bbafc0a3f4b01349a9cfea975b4a80447e3adf778aa", "size": 1040, "path": "media/graph/graph_summary_0f6e11124b825ed7bbfc.graph.json"}, "epoch": 299, "_timestamp": 1684873183.7330496, "loss": 0.00022119403001852334, "mae": 0.012864619493484497, "mse": 0.00022119403001852334, "root_mean_squared_error": 0.014872593805193901, "val_loss": 0.00024026751634664834, "val_mae": 0.013541433960199356, "val_mse": 0.00024026751634664834, "val_root_mean_squared_error": 0.015500565990805626, "lr": 9.999999747378752e-06, "_runtime": 67.35325455665588, "_step": 299, "best_val_loss": 0.0002401111414656043, "best_epoch": 80, "_wandb": {"runtime": 66}}