{"graph": {"_type": "graph-file", "sha256": "00ba84b5b80064de14c15dc66ab6c65c3e81717400a83b76d23583317d2f6a44", "size": 1096, "path": "media/graph/graph_summary_00ba84b5b80064de14c1.graph.json"}, "epoch": 149, "_timestamp": 1684871600.5317173, "loss": 3.6725243262480944e-05, "mae": 0.004823858849704266, "mse": 3.6725243262480944e-05, "root_mean_squared_error": 0.006060135085135698, "val_loss": 3.647948688012548e-05, "val_mae": 0.004889094736427069, "val_mse": 3.647948688012548e-05, "val_root_mean_squared_error": 0.006039825268089771, "lr": 0.00010451585694681853, "_runtime": 215.71213030815125, "_step": 149, "best_val_loss": 3.647948688012548e-05, "best_epoch": 149, "_wandb": {"runtime": 216}}