{"graph": {"_type": "graph-file", "sha256": "e7c8e89d361da26335ec9ae9059f66e98201c19a417f362cdefb5d10fc51a7b7", "size": 1078, "path": "media/graph/graph_summary_e7c8e89d361da26335ec.graph.json"}, "epoch": 149, "_timestamp": 1684866284.8284006, "loss": 0.007588961627334356, "mae": 0.07538831233978271, "mse": 0.007588961627334356, "root_mean_squared_error": 0.08711464703083038, "val_loss": 0.0076460037380456924, "val_mae": 0.07594510912895203, "val_mse": 0.0076460037380456924, "val_root_mean_squared_error": 0.08744142949581146, "lr": 2.6128964236704633e-05, "_runtime": 168.2100636959076, "_step": 149, "best_val_loss": 0.007644085679203272, "best_epoch": 14, "_wandb": {"runtime": 166}}