{"graph": {"_type": "graph-file", "sha256": "56e217544f21a50892e002ec60cc726378bdbd48128a3adde6caea39662d7103", "size": 1010, "path": "media/graph/graph_summary_56e217544f21a50892e0.graph.json"}, "epoch": 14, "_timestamp": 1680881170.0733783, "loss": 0.37104830145835876, "mae": 0.024343445897102356, "mse": 0.0007969898288138211, "val_loss": 0.3604506254196167, "val_mae": 0.025366391986608505, "val_mse": 0.0008498711977154016, "lr": 6.25000029685907e-05, "_runtime": 31.906281232833862, "_step": 14, "best_val_loss": 0.3604506254196167, "best_epoch": 14, "_wandb": {"runtime": 32}}