{"graph": {"_type": "graph-file", "sha256": "515d2e6ad6543b294222d622482dfd5f69d3afbc6cc7c8fc117883c40b27be18", "size": 562, "path": "media/graph/graph_summary_515d2e6ad6543b294222.graph.json"}, "epoch": 49, "_timestamp": 1680962807.538069, "loss": 0.0008297396707348526, "mae": 0.02490745112299919, "mse": 0.0008297396707348526, "val_loss": 0.0008787749684415758, "val_mae": 0.025917114689946175, "val_mse": 0.0008787749684415758, "lr": 9.999999747378752e-06, "_runtime": 61.7304151058197, "_step": 49, "best_val_loss": 0.0008787749684415758, "best_epoch": 49, "_wandb": {"runtime": 62}}