{"graph": {"_type": "graph-file", "sha256": "dda55c62c75bb0157035c2c300744a13e4b665f426538a89651f2380cf8ece49", "size": 513, "path": "media/graph/graph_summary_dda55c62c75bb0157035.graph.json"}, "epoch": 149, "_timestamp": 1684008628.6303103, "loss": 4.331420495873317e-05, "mae": 0.0048451898619532585, "mse": 4.331420495873317e-05, "root_mean_squared_error": 0.006581353023648262, "val_loss": 4.2762967495946214e-05, "val_mae": 0.00488851685076952, "val_mse": 4.2762967495946214e-05, "val_root_mean_squared_error": 0.006539340130984783, "lr": 0.0005387500277720392, "_runtime": 7440.411830186844, "_step": 149, "best_val_loss": 4.202124910079874e-05, "best_epoch": 147, "_wandb": {"runtime": 7439}}