{"graph": {"_type": "graph-file", "sha256": "176169cf2e260c4e7952ee4b83eff6f50cad3ac87c622524399efdf7ec9ca59a", "size": 593, "path": "media/graph/graph_summary_176169cf2e260c4e7952.graph.json"}, "epoch": 499, "_timestamp": 1684494843.9327605, "loss": 0.0014890175079926848, "mae": 0.02623891271650791, "mse": 0.0009038670687004924, "root_mean_squared_error": 0.030064381659030914, "val_loss": 0.0014134327648207545, "val_mae": 0.02447333000600338, "val_mse": 0.000828305259346962, "val_root_mean_squared_error": 0.028780292719602585, "lr": 9.999999747378752e-06, "_runtime": 519.2328634262085, "_step": 499, "best_val_loss": 0.0014134327648207545, "best_epoch": 499, "_wandb": {"runtime": 518}}