{"graph": {"_type": "graph-file", "sha256": "0f6e11124b825ed7bbfc5bbafc0a3f4b01349a9cfea975b4a80447e3adf778aa", "size": 1040, "path": "media/graph/graph_summary_0f6e11124b825ed7bbfc.graph.json"}, "epoch": 149, "_timestamp": 1684870201.938108, "loss": 2.2936654204386286e-05, "mae": 0.003206841414794326, "mse": 2.2936654204386286e-05, "root_mean_squared_error": 0.004789222963154316, "val_loss": 2.4430215489701368e-05, "val_mae": 0.0031824358738958836, "val_mse": 2.4430215489701368e-05, "val_root_mean_squared_error": 0.004942693281918764, "lr": 2.6128964236704633e-05, "_runtime": 105.25371098518372, "_step": 149, "best_val_loss": 2.4430215489701368e-05, "best_epoch": 149, "_wandb": {"runtime": 105}}