{"graph": {"_type": "graph-file", "sha256": "b0ae522ab3bfb4a8aec4577bda3fffd089125f4f26b5fef302a533d9fa72e7de", "size": 770, "path": "media/graph/graph_summary_b0ae522ab3bfb4a8aec4.graph.json"}, "epoch": 29, "_timestamp": 1682255711.1591084, "loss": 0.007567142602056265, "mae": 0.07518517225980759, "mse": 0.007567142602056265, "val_loss": 0.0075100199319422245, "val_mae": 0.07456816732883453, "val_mse": 0.0075100199319422245, "lr": 0.0007596897194162011, "_runtime": 84.28390645980835, "_step": 269, "best_val_loss": 0.0075100199319422245, "best_epoch": 0, "_wandb": {"runtime": 83}}