{"graph": {"_type": "graph-file", "sha256": "453629ece7c19dc579d6470d7dfbed534b7e4f78ce823592f211637e80f18864", "size": 586, "path": "media/graph/graph_summary_453629ece7c19dc579d6.graph.json"}, "epoch": 5, "_timestamp": 1681923773.1867363, "loss": 0.002106553176417947, "mae": 0.03819693252444267, "mse": 0.001965852454304695, "val_loss": 0.002246818970888853, "val_mae": 0.03940415009856224, "val_mse": 0.0021408353932201862, "lr": 0.09925000369548798, "_runtime": 3.861070394515991, "_step": 5, "best_val_loss": 0.0019811701495200396, "best_epoch": 0, "_wandb": {"runtime": 2}}