{"graph": {"_type": "graph-file", "sha256": "b355f792e7c11b43ece1359a8046b24730837eb1d31f45f522e23d688fa07d6e", "size": 487, "path": "media/graph/graph_summary_b355f792e7c11b43ece1.graph.json"}, "epoch": 49, "_timestamp": 1682451587.3846798, "loss": 0.0008493331843055785, "mae": 0.023238303139805794, "mse": 0.0008493331843055785, "root_mean_squared_error": 0.0291433222591877, "val_loss": 0.001022362383082509, "val_mae": 0.023277420550584793, "val_mse": 0.001022362383082509, "val_root_mean_squared_error": 0.03197440132498741, "lr": 0.03448000177741051, "_runtime": 186.7099528312683, "_step": 49, "best_val_loss": 0.0007686421740800142, "best_epoch": 47, "_wandb": {"runtime": 185}}