{"graph": {"_type": "graph-file", "sha256": "e69dad264e70d5b54e07e1a9225fd75d5e30853f78f90278e365c352554c5dd6", "size": 593, "path": "media/graph/graph_summary_e69dad264e70d5b54e07.graph.json"}, "epoch": 49, "_timestamp": 1681920064.4521775, "loss": 0.0012487585190683603, "mae": 0.0278631504625082, "mse": 0.0011616721749305725, "val_loss": 0.0012147774687036872, "val_mae": 0.02804875373840332, "val_mse": 0.0011374952737241983, "lr": 0.02264387719333172, "_runtime": 66.0290105342865, "_step": 449, "best_val_loss": 0.000590540177654475, "best_epoch": 49, "_wandb": {"runtime": 65}}