{"graph": {"_type": "graph-file", "sha256": "883fe32725dd652e0e373402b78d47f9fa8dfd5364bfc46ad41e8ac9106a3ceb", "size": 488, "path": "media/graph/graph_summary_883fe32725dd652e0e37.graph.json"}, "epoch": 29, "_timestamp": 1682432663.8981023, "loss": 0.001913127489387989, "mae": 0.03788597881793976, "mse": 0.001913127489387989, "root_mean_squared_error": 0.04373931139707565, "R2": -0.03660580888390541, "val_loss": 0.001947723445482552, "val_mae": 0.03831540793180466, "val_mse": 0.001947723445482552, "val_root_mean_squared_error": 0.0441330187022686, "val_R2": -905.26416015625, "lr": 0.0043733855709433556, "_runtime": 120.91571617126465, "_step": 269, "best_val_loss": 0.001133533543907106, "best_epoch": 28, "_wandb": {"runtime": 120}}