{"graph": {"_type": "graph-file", "sha256": "4c8185c8f5e04e39cd8f5552d04239b6d1cd9a5441834b2fc4ce30fde6208e51", "size": 740, "path": "media/graph/graph_summary_4c8185c8f5e04e39cd8f.graph.json"}, "epoch": 9, "_timestamp": 1680779387.5769136, "loss": 8.364269256591797, "mae": 0.02077747881412506, "mse": 0.0006259274668991566, "val_loss": 8.261695861816406, "val_mae": 0.02179623767733574, "val_mse": 0.0006414640811271966, "lr": 4.999999873689376e-05, "_runtime": 21.440491676330566, "_step": 9, "best_val_loss": 8.261695861816406, "best_epoch": 9, "_wandb": {"runtime": 21}}