{"graph": {"_type": "graph-file", "sha256": "2910eba9003358c5f98da7e9c12e27bbd61ff5182315926c931febaf8b665ab2", "size": 722, "path": "media/graph/graph_summary_2910eba9003358c5f98d.graph.json"}, "epoch": 99, "_timestamp": 1680789686.7597175, "loss": 0.0008192707900889218, "mae": 0.024716347455978394, "mse": 0.0008192427339963615, "val_loss": 0.0008652681135572493, "val_mae": 0.025662735104560852, "val_mse": 0.0008652391843497753, "lr": 9.999999747378752e-06, "_runtime": 154.59840154647827, "_step": 99, "best_val_loss": 0.0008652645046822727, "best_epoch": 44, "_wandb": {"runtime": 153}}