{"graph": {"_type": "graph-file", "sha256": "57dc9c741263a94e97f3876461adb92051b7ba93b27045a5f1cd3f0a0e2c6380", "size": 487, "path": "media/graph/graph_summary_57dc9c741263a94e97f3.graph.json"}, "epoch": 19, "_timestamp": 1682440112.477386, "loss": 0.00031238680821843445, "mae": 0.013157828710973263, "mse": 0.00031238680821843445, "root_mean_squared_error": 0.017674468457698822, "val_loss": 0.0004900153144262731, "val_mae": 0.019199229776859283, "val_mse": 0.0004900153144262731, "val_root_mean_squared_error": 0.02213629148900509, "lr": 0.06896000355482101, "_runtime": 29.780894994735718, "_step": 19, "best_val_loss": 0.00015811892808414996, "best_epoch": 18, "_wandb": {"runtime": 28}}