{"graph": {"_type": "graph-file", "sha256": "270d7efe005ab41e3f1a950e1ff63d7588c75044119188123434a2b8ab028922", "size": 593, "path": "media/graph/graph_summary_270d7efe005ab41e3f1a.graph.json"}, "epoch": 499, "_timestamp": 1684529022.0248728, "loss": 0.0006305655697360635, "mae": 0.015149351209402084, "mse": 0.00043877362622879446, "root_mean_squared_error": 0.0209469236433506, "val_loss": 0.0006527169025503099, "val_mae": 0.01547312457114458, "val_mse": 0.0004609099414665252, "val_root_mean_squared_error": 0.021468812599778175, "lr": 9.999999747378752e-06, "_runtime": 384.45922589302063, "_step": 499, "best_val_loss": 0.0006527169025503099, "best_epoch": 499, "_wandb": {"runtime": 383}}