{"graph": {"_type": "graph-file", "sha256": "4c8185c8f5e04e39cd8f5552d04239b6d1cd9a5441834b2fc4ce30fde6208e51", "size": 740, "path": "media/graph/graph_summary_4c8185c8f5e04e39cd8f.graph.json"}, "epoch": 99, "_timestamp": 1680787687.1132016, "loss": 5.489777088165283, "mae": 0.017333395779132843, "mse": 0.00046557208406738937, "val_loss": 5.479668617248535, "val_mae": 0.018963975831866264, "val_mse": 0.0006132019334472716, "lr": 9.999999747378752e-06, "_runtime": 116.43223357200623, "_step": 99, "best_val_loss": 5.479668617248535, "best_epoch": 99, "_wandb": {"runtime": 115}}