{"graph": {"_type": "graph-file", "sha256": "9fdadea04f97c244281d1390e713a9001a69b44f650af0887f6f90b1184abec1", "size": 1098, "path": "media/graph/graph_summary_9fdadea04f97c244281d.graph.json"}, "epoch": 29, "_timestamp": 1682748073.5346658, "loss": 0.001917420420795679, "mae": 0.03789512440562248, "mse": 0.001917420420795679, "root_mean_squared_error": 0.0437883585691452, "val_loss": 0.0019499348709359765, "val_mae": 0.03831750154495239, "val_mse": 0.0019499348709359765, "val_root_mean_squared_error": 0.04415806755423546, "lr": 0.010110866278409958, "_runtime": 113.3535008430481, "_step": 269, "best_val_loss": 0.00026439072098582983, "best_epoch": 21, "_wandb": {"runtime": 112}}