{"graph": {"_type": "graph-file", "sha256": "62adf72a846d167414421c26f61a059263e9d3957c36b4e12fb587a4b3a0b101", "size": 593, "path": "media/graph/graph_summary_62adf72a846d16741442.graph.json"}, "epoch": 299, "_timestamp": 1684439715.8586578, "loss": 0.0009440819267183542, "mae": 0.018792102113366127, "mse": 0.0006910464144311845, "root_mean_squared_error": 0.026287760585546494, "val_loss": 0.0009807575261220336, "val_mae": 0.01934758946299553, "val_mse": 0.000727734761312604, "val_root_mean_squared_error": 0.026976559311151505, "lr": 9.999999747378752e-06, "_runtime": 257.2590718269348, "_step": 299, "best_val_loss": 0.0009806010639294982, "best_epoch": 295, "_wandb": {"runtime": 255}}