{"graph": {"_type": "graph-file", "sha256": "b742085c3212d7e66867272024ed2be0a65139458aed034cb70ac96d44debbbd", "size": 487, "path": "media/graph/graph_summary_b742085c3212d7e66867.graph.json"}, "epoch": 19, "_timestamp": 1682440073.6106453, "loss": 0.00039446691516786814, "mae": 0.014687277376651764, "mse": 0.00039446691516786814, "root_mean_squared_error": 0.019861191511154175, "val_loss": 0.00040716654621064663, "val_mae": 0.014490890316665173, "val_mse": 0.00040716654621064663, "val_root_mean_squared_error": 0.02017836831510067, "lr": 0.06896000355482101, "_runtime": 30.766141176223755, "_step": 19, "best_val_loss": 0.00026387200341559947, "best_epoch": 16, "_wandb": {"runtime": 29}}