{"graph": {"_type": "graph-file", "sha256": "c32428d287406381d2718861ee671115bb1e128e3ce39d0ddf9f33cb16f978fd", "size": 740, "path": "media/graph/graph_summary_c32428d287406381d271.graph.json"}, "epoch": 49, "_timestamp": 1680965182.8449345, "loss": 0.0008388101123273373, "mae": 0.024719512090086937, "mse": 0.0008194708498194814, "val_loss": 0.0008846165728755295, "val_mae": 0.025660503655672073, "val_mse": 0.0008652348769828677, "lr": 9.999999747378752e-06, "_runtime": 39.632577419281006, "_step": 49, "best_val_loss": 0.0008846165728755295, "best_epoch": 49, "_wandb": {"runtime": 39}}