{"graph": {"_type": "graph-file", "sha256": "b0e991419d33b8f9c145667fc3dc680a07142ed57013a1d3ab881f78806acf0c", "size": 593, "path": "media/graph/graph_summary_b0e991419d33b8f9c145.graph.json"}, "epoch": 49, "_timestamp": 1681893283.993198, "loss": 0.004898956045508385, "mae": 0.039974916726350784, "mse": 0.0022270469926297665, "val_loss": 0.004956487100571394, "val_mae": 0.040306586772203445, "val_mse": 0.002284686779603362, "lr": 3.290459790150635e-05, "_runtime": 124.80293703079224, "_step": 449, "best_val_loss": 0.004956487100571394, "best_epoch": 49, "_wandb": {"runtime": 124}}