{"graph": {"_type": "graph-file", "sha256": "428d43ed4ba55bd25f52d194ff345c5907a27f8043c5b04fe59c6e24e8072621", "size": 569, "path": "media/graph/graph_summary_428d43ed4ba55bd25f52.graph.json"}, "epoch": 9, "_timestamp": 1682700169.5856812, "loss": 0.0028457650914788246, "mae": 0.03826518729329109, "mse": 0.0019791461527347565, "val_loss": 0.0027588398661464453, "val_mae": 0.0385526642203331, "val_mse": 0.0019794818945229053, "lr": 0.0010000000474974513, "_runtime": 38.35213923454285, "_step": 9, "best_val_loss": 0.0027588398661464453, "best_epoch": 9, "_wandb": {"runtime": 39}}