{"graph": {"_type": "graph-file", "sha256": "aa6b37f1a81d9d733d7c7aa1b6a1c366144faa804bfaaded310267b734d6ef7f", "size": 513, "path": "media/graph/graph_summary_aa6b37f1a81d9d733d7c.graph.json"}, "epoch": 199, "_timestamp": 1683917176.7079918, "loss": 1.2840624549426138e-05, "mae": 0.002721004420891404, "mse": 1.2840624549426138e-05, "root_mean_squared_error": 0.003583381650969386, "val_loss": 1.3094479982100893e-05, "val_mae": 0.002767304191365838, "val_mse": 1.3094479982100893e-05, "val_root_mean_squared_error": 0.0036186296492815018, "lr": 3.367187673575245e-05, "_runtime": 10664.147094726562, "_step": 199, "best_val_loss": 1.3043105354881845e-05, "best_epoch": 198, "_wandb": {"runtime": 10662}}