{"graph": {"_type": "graph-file", "sha256": "1a9cd699cf568f906fb8275ec4a2707bd31ef192849813287836dab385cae553", "size": 964, "path": "media/graph/graph_summary_1a9cd699cf568f906fb8.graph.json"}, "epoch": 49, "_timestamp": 1682676003.5986555, "loss": 0.007567142136394978, "mae": 0.07518517225980759, "mse": 0.007567142136394978, "root_mean_squared_error": 0.08698932081460953, "val_loss": 0.007510020863264799, "val_mae": 0.07456815987825394, "val_mse": 0.007510020863264799, "val_root_mean_squared_error": 0.08666037768125534, "lr": 6.298658990999684e-05, "_runtime": 2267.303071498871, "_step": 449, "best_val_loss": 0.007510020863264799, "best_epoch": 0, "_wandb": {"runtime": 2266}}