{"graph": {"_type": "graph-file", "sha256": "7320d7e6b5a1493b29707f06be9492051a1141cdeca51337bd733370daf2eec2", "size": 430, "path": "media/graph/graph_summary_7320d7e6b5a1493b2970.graph.json"}, "epoch": 19, "_timestamp": 1682584282.6798284, "loss": 0.0019156653434038162, "mae": 0.037886153906583786, "mse": 0.0019156653434038162, "root_mean_squared_error": 0.04376831278204918, "val_loss": 0.0019524004310369492, "val_mae": 0.038292594254016876, "val_mse": 0.0019524004310369492, "val_root_mean_squared_error": 0.04418597370386124, "lr": 0.02814456820487976, "_runtime": 312.3317964076996, "_step": 179, "best_val_loss": 0.0019479967886582017, "best_epoch": 9, "_wandb": {"runtime": 311}}