{"graph": {"_type": "graph-file", "sha256": "176169cf2e260c4e7952ee4b83eff6f50cad3ac87c622524399efdf7ec9ca59a", "size": 593, "path": "media/graph/graph_summary_176169cf2e260c4e7952.graph.json"}, "epoch": 99, "_timestamp": 1684424923.192443, "loss": 0.000588634458836168, "mae": 0.018965383991599083, "mse": 0.0005370719009079039, "root_mean_squared_error": 0.023174811154603958, "val_loss": 0.0006023676251061261, "val_mae": 0.019436858594417572, "val_mse": 0.0005510487244464457, "val_root_mean_squared_error": 0.023474426940083504, "lr": 8.339843770954758e-05, "_runtime": 69.90713095664978, "_step": 99, "best_val_loss": 0.0006023676251061261, "best_epoch": 99, "_wandb": {"runtime": 69}}