{"graph": {"_type": "graph-file", "sha256": "94c733ce707910bdd28be3d32db6770bfae40c9203e3a011d804cea187449181", "size": 766, "path": "media/graph/graph_summary_94c733ce707910bdd28b.graph.json"}, "epoch": 149, "_timestamp": 1682786333.8915963, "loss": 0.007567140273749828, "mae": 0.07518519461154938, "mse": 0.007567140273749828, "root_mean_squared_error": 0.08698931336402893, "val_loss": 0.0075100199319422245, "val_mae": 0.07456815987825394, "val_mse": 0.0075100199319422245, "val_root_mean_squared_error": 0.08666037023067474, "lr": 9.999999747378752e-06, "_runtime": 2480.7406063079834, "_step": 1349, "best_val_loss": 0.0075100199319422245, "best_epoch": 0, "_wandb": {"runtime": 2479}}