{"graph": {"_type": "graph-file", "sha256": "39c128fae6b8daea27f373be9d1c627eee471dbe14be20e79812ffd5a41a2e93", "size": 593, "path": "media/graph/graph_summary_39c128fae6b8daea27f3.graph.json"}, "epoch": 49, "_timestamp": 1682950119.2649603, "loss": 0.0026588072068989277, "mae": 0.04044604301452637, "mse": 0.002418105024844408, "root_mean_squared_error": 0.0491742305457592, "val_loss": 0.0026100571267306805, "val_mae": 0.04052680730819702, "val_mse": 0.002390896202996373, "val_root_mean_squared_error": 0.04889678955078125, "lr": 0.00314259622246027, "_runtime": 205.48680019378662, "_step": 499, "best_val_loss": 0.0026100571267306805, "best_epoch": 49, "_wandb": {"runtime": 205}}