{"graph": {"_type": "graph-file", "sha256": "13cc9d213ce53f9451335d5160382a418665b1d4ed7ef7535b4bec399b0c6331", "size": 770, "path": "media/graph/graph_summary_13cc9d213ce53f945133.graph.json"}, "epoch": 149, "_timestamp": 1682280003.0455525, "loss": 0.007567143067717552, "mae": 0.07518515735864639, "mse": 0.007567143067717552, "val_loss": 0.0075100199319422245, "val_mae": 0.07456815987825394, "val_mse": 0.0075100199319422245, "lr": 0.0001868171093519777, "_runtime": 774.421035528183, "_step": 1349, "best_val_loss": 0.0075100199319422245, "best_epoch": 0, "_wandb": {"runtime": 773}}