{"graph": {"_type": "graph-file", "sha256": "9ddb5ce411971f1d49672a7c8823691761f6e113ffb2ba88f02fb4e834056542", "size": 729, "path": "media/graph/graph_summary_9ddb5ce411971f1d4967.graph.json"}, "epoch": 9, "_timestamp": 1680778078.2309453, "loss": 8.347516059875488, "mae": 0.017735006287693977, "mse": 0.00048694456927478313, "val_loss": 8.290816307067871, "val_mae": 0.018972311168909073, "val_mse": 0.0005366408149711788, "lr": 2.499999936844688e-05, "_runtime": 16.924907445907593, "_step": 9, "best_val_loss": 8.290816307067871, "best_epoch": 9, "_wandb": {"runtime": 16}}