{"graph": {"_type": "graph-file", "sha256": "b7d3b80fc904f19de8acf181ba06f9373fdbfdc8f8ebffd38b4f10e46f527edf", "size": 593, "path": "media/graph/graph_summary_b7d3b80fc904f19de8ac.graph.json"}, "epoch": 49, "_timestamp": 1682019981.6604333, "loss": 0.0013028288958594203, "mae": 0.028458457440137863, "mse": 0.0012036805273965001, "val_loss": 0.0013029775582253933, "val_mae": 0.02874194085597992, "val_mse": 0.001204119878821075, "lr": 9.999999747378752e-06, "_runtime": 265.52750635147095, "_step": 449, "best_val_loss": 0.0009066027123481035, "best_epoch": 39, "_wandb": {"runtime": 264}}