{"graph": {"_type": "graph-file", "sha256": "06dc55d30125bc215d1468834d3fefe11dbe6cc75c5bfe3c7b6a5bc55d6712bf", "size": 771, "path": "media/graph/graph_summary_06dc55d30125bc215d14.graph.json"}, "epoch": 149, "_timestamp": 1682796927.5954027, "loss": 0.007567143067717552, "mae": 0.07518516480922699, "mse": 0.007567143067717552, "root_mean_squared_error": 0.08698932826519012, "val_loss": 0.007510020863264799, "val_mae": 0.07456816732883453, "val_mse": 0.007510020863264799, "val_root_mean_squared_error": 0.08666037768125534, "lr": 9.999999747378752e-06, "_runtime": 619.9868776798248, "_step": 1349, "best_val_loss": 0.007510020863264799, "best_epoch": 0, "_wandb": {"runtime": 618}}