{"graph": {"_type": "graph-file", "sha256": "08d7eb72a693c79e26d17b105bcb99360750accc235437223a041c03f65884c3", "size": 770, "path": "media/graph/graph_summary_08d7eb72a693c79e26d1.graph.json"}, "epoch": 199, "_timestamp": 1682263956.3326986, "loss": 0.007567144464701414, "mae": 0.0751851424574852, "mse": 0.007567144464701414, "val_loss": 0.0075100199319422245, "val_mae": 0.07456815987825394, "val_mse": 0.0075100199319422245, "lr": 1.2106424946978223e-05, "_runtime": 1466.4910717010498, "_step": 1799, "best_val_loss": 0.0075100199319422245, "best_epoch": 0, "_wandb": {"runtime": 1465}}