{"graph": {"_type": "graph-file", "sha256": "15db8cdd050733c2dba1b683315eb383e401c61a574b264902bd0527e8d872f7", "size": 441, "path": "media/graph/graph_summary_15db8cdd050733c2dba1.graph.json"}, "epoch": 149, "_timestamp": 1682541151.9018476, "loss": 5.6861219491111115e-05, "mae": 0.005256684496998787, "mse": 5.6861219491111115e-05, "root_mean_squared_error": 0.007540637627243996, "val_loss": 5.9063768276246265e-05, "val_mae": 0.005371068138629198, "val_mse": 5.9063768276246265e-05, "val_root_mean_squared_error": 0.007685295306146145, "lr": 9.999999747378752e-06, "_runtime": 2270.675744533539, "_step": 1349, "best_val_loss": 3.691654058002314e-07, "best_epoch": 140, "_wandb": {"runtime": 2269}}