{"graph": {"_type": "graph-file", "sha256": "9be8dcfc3bf3ab609eb49f548f65716c42ea887fdfbca8b8de23d07cc1dabad3", "size": 593, "path": "media/graph/graph_summary_9be8dcfc3bf3ab609eb4.graph.json"}, "epoch": 199, "_timestamp": 1682068592.532754, "loss": 0.20593470335006714, "mae": 0.4525294601917267, "mse": 0.20593470335006714, "val_loss": 0.20654909312725067, "val_mae": 0.4531945288181305, "val_mse": 0.20654909312725067, "lr": 9.999999747378752e-06, "_runtime": 387.8751299381256, "_step": 1799, "best_val_loss": 0.001958712935447693, "best_epoch": 63, "_wandb": {"runtime": 387}}