{"graph": {"_type": "graph-file", "sha256": "49e24d897ff9d59e6595cf7f046389bfd29df9444b043576fa3b59df387dd43e", "size": 438, "path": "media/graph/graph_summary_49e24d897ff9d59e6595.graph.json"}, "epoch": 149, "_timestamp": 1683421174.6305609, "loss": 0.0010152856120839715, "mae": 0.022661542519927025, "mse": 0.0010152856120839715, "root_mean_squared_error": 0.03186354413628578, "val_loss": 0.0010954028693959117, "val_mae": 0.023355798795819283, "val_mse": 0.0010954028693959117, "val_root_mean_squared_error": 0.03309687227010727, "lr": 0.0018330130260437727, "_runtime": 6239.3610508441925, "_step": 1499, "best_val_loss": 0.0008181766606867313, "best_epoch": 133, "_wandb": {"runtime": 6238}}