{"graph": {"_type": "graph-file", "sha256": "9ddb5ce411971f1d49672a7c8823691761f6e113ffb2ba88f02fb4e834056542", "size": 729, "path": "media/graph/graph_summary_9ddb5ce411971f1d4967.graph.json"}, "epoch": 0, "_timestamp": 1681052512.0788453, "loss": 10.034628868103027, "mae": 0.034934502094984055, "mse": 0.002769523300230503, "val_loss": 7.3833489418029785, "val_mae": 0.02533724531531334, "val_mse": 0.0008479125099256635, "lr": 0.0010000000474974513, "_runtime": 3.1838362216949463, "_step": 0, "best_val_loss": 7.3833489418029785, "best_epoch": 0, "_wandb": {"runtime": 4}}