{"graph": {"_type": "graph-file", "sha256": "8e18fd04a220e4d3d34782b87960db70a0a893e71852a84800e5c44201f8b8fd", "size": 593, "path": "media/graph/graph_summary_8e18fd04a220e4d3d347.graph.json"}, "epoch": 6, "_timestamp": 1681923820.0503397, "loss": 0.002039374550804496, "mae": 0.03779084235429764, "mse": 0.0019308748887851834, "val_loss": 0.0019706240855157375, "val_mae": 0.038261763751506805, "val_mse": 0.0019509512931108475, "lr": 0.09925000369548798, "_runtime": 8.029624700546265, "_step": 6, "best_val_loss": 0.0019706240855157375, "best_epoch": 6, "_wandb": {"runtime": 7}}