{"graph": {"_type": "graph-file", "sha256": "69b6572f0a52d88e4aeb924ef68b42dca0245ff8efeb256d178053a1bcef3e69", "size": 774, "path": "media/graph/graph_summary_69b6572f0a52d88e4aeb.graph.json"}, "epoch": 199, "_timestamp": 1682282069.8503022, "loss": 0.007567143067717552, "mae": 0.0751851499080658, "mse": 0.007567143067717552, "val_loss": 0.007510020397603512, "val_mae": 0.07456815987825394, "val_mse": 0.007510020397603512, "lr": 9.999999747378752e-06, "_runtime": 549.8395981788635, "_step": 1799, "best_val_loss": 0.007510020397603512, "best_epoch": 0, "_wandb": {"runtime": 549}}