{"graph": {"_type": "graph-file", "sha256": "c43a6a08b8d95bcf8fd69640763fc6156f983d2fce3ea520ce9c63c2dc6a05bf", "size": 565, "path": "media/graph/graph_summary_c43a6a08b8d95bcf8fd6.graph.json"}, "epoch": 299, "_timestamp": 1684437511.9973197, "loss": 0.0002621056046336889, "mae": 0.011957387439906597, "mse": 0.00019799442088697106, "root_mean_squared_error": 0.01407104916870594, "val_loss": 0.0002782165538519621, "val_mae": 0.012490374967455864, "val_mse": 0.00021410691260825843, "val_root_mean_squared_error": 0.01463239174336195, "lr": 9.999999747378752e-06, "_runtime": 160.57463479042053, "_step": 299, "best_val_loss": 0.0002781696093734354, "best_epoch": 297, "_wandb": {"runtime": 159}}