{"graph": {"_type": "graph-file", "sha256": "47ea51b8d45914f1be389dc66ccad836d0a7d1634726b774506c03578821bf83", "size": 734, "path": "media/graph/graph_summary_47ea51b8d45914f1be38.graph.json"}, "epoch": 49, "_timestamp": 1681898795.0619903, "loss": 0.001914338325150311, "mae": 0.037871114909648895, "mse": 0.001914338325150311, "val_loss": 0.0019499881891533732, "val_mae": 0.038300756365060806, "val_mse": 0.0019499881891533732, "lr": 9.999999747378752e-06, "_runtime": 235.2494661808014, "_step": 449, "best_val_loss": 0.0019496164750307798, "best_epoch": 20, "_wandb": {"runtime": 234}}