{"graph": {"_type": "graph-file", "sha256": "515d2e6ad6543b294222d622482dfd5f69d3afbc6cc7c8fc117883c40b27be18", "size": 562, "path": "media/graph/graph_summary_515d2e6ad6543b294222.graph.json"}, "epoch": 43, "_timestamp": 1680961310.088594, "loss": 0.0008347959956154227, "mae": 0.024938147515058517, "mse": 0.0008347959956154227, "val_loss": 0.0008845247211866081, "val_mae": 0.026006242260336876, "val_mse": 0.0008845247211866081, "lr": 9.999999747378752e-06, "_runtime": 45.741512060165405, "_step": 43, "best_val_loss": 0.0008845247211866081, "best_epoch": 43}