{"graph": {"_type": "graph-file", "sha256": "84cdac1d463e87c8b2dc52e27902c7c21fd457c998ad92f5350f84f4ce3d9c12", "size": 588, "path": "media/graph/graph_summary_84cdac1d463e87c8b2dc.graph.json"}, "epoch": 49, "_timestamp": 1681581310.7259576, "loss": 0.0045218993909657, "mae": 0.035032931715250015, "mse": 0.0016694681253284216, "val_loss": 0.0044984277337789536, "val_mae": 0.035532146692276, "val_mse": 0.0017104509752243757, "lr": 9.999999747378752e-06, "_runtime": 79.56430673599243, "_step": 49, "best_val_loss": 0.0044984277337789536, "best_epoch": 49, "_wandb": {"runtime": 79}}