{"graph": {"_type": "graph-file", "sha256": "f48758476fd6803f133e36d9f510a925c74c7cfea18f2947c14449909f4cfe0a", "size": 768, "path": "media/graph/graph_summary_f48758476fd6803f133e.graph.json"}, "epoch": 49, "_timestamp": 1682783433.334782, "loss": 0.8115811347961426, "mae": 0.8998148441314697, "mse": 0.8115811347961426, "root_mean_squared_error": 0.9008780717849731, "val_loss": 0.812727153301239, "val_mae": 0.9004319906234741, "val_mse": 0.812727153301239, "val_root_mean_squared_error": 0.9015136957168579, "lr": 9.999999747378752e-06, "_runtime": 202.52774596214294, "_step": 449, "best_val_loss": 0.004492977634072304, "best_epoch": 7, "_wandb": {"runtime": 201}}