{"graph": {"_type": "graph-file", "sha256": "8daf7e86f159484d71e9f7b752a36cceda20c4c5aba79e1280e99f4f67d66bb9", "size": 593, "path": "media/graph/graph_summary_8daf7e86f159484d71e9.graph.json"}, "epoch": 699, "_timestamp": 1684448628.888319, "loss": 0.0022766697220504284, "mae": 0.03527776524424553, "mse": 0.002126803621649742, "root_mean_squared_error": 0.046117279678583145, "val_loss": 0.0024036301765590906, "val_mae": 0.0365351065993309, "val_mse": 0.0022537573240697384, "val_root_mean_squared_error": 0.04747375473380089, "lr": 9.999999747378752e-06, "_runtime": 462.76601910591125, "_step": 699, "best_val_loss": 0.0024031749926507473, "best_epoch": 697, "_wandb": {"runtime": 460}}