{"graph": {"_type": "graph-file", "sha256": "9eb265a373347b90d3a078cbf2eba6f3621443bec68c0a4c0b554fa5c3bf99fa", "size": 740, "path": "media/graph/graph_summary_9eb265a373347b90d3a0.graph.json"}, "epoch": 0, "_timestamp": 1681055211.9189594, "loss": 8.991166114807129, "mae": 0.0524926483631134, "mse": 0.006837107241153717, "val_loss": 6.197775840759277, "val_mae": 0.04710732027888298, "val_mse": 0.0031879351008683443, "lr": 0.0010000000474974513, "_runtime": 3.2210543155670166, "_step": 0, "best_val_loss": 6.197775840759277, "best_epoch": 0, "_wandb": {"runtime": 3}}