{"graph": {"_type": "graph-file", "sha256": "7c1c8d20138390a9805916cdc1805e851574bf90eb153866ef7f9ee2edd7a654", "size": 593, "path": "media/graph/graph_summary_7c1c8d20138390a98059.graph.json"}, "epoch": 149, "_timestamp": 1681925033.1114473, "loss": 0.000641543185338378, "mae": 0.018270282074809074, "mse": 0.0005714582512155175, "val_loss": 0.000659604265820235, "val_mae": 0.018681831657886505, "val_mse": 0.0005896760267205536, "lr": 2.4230957933468744e-05, "_runtime": 85.45436334609985, "_step": 149, "best_val_loss": 0.0006576452869921923, "best_epoch": 136, "_wandb": {"runtime": 84}}