{"graph": {"_type": "graph-file", "sha256": "c9b8455352c6576033a42d0639483f34d79514cf92cfc4ab463692e25de23689", "size": 586, "path": "media/graph/graph_summary_c9b8455352c6576033a4.graph.json"}, "epoch": 249, "_timestamp": 1684520031.8635404, "loss": 0.0007031007553450763, "mae": 0.015954159200191498, "mse": 0.0005147877964191139, "root_mean_squared_error": 0.022688934579491615, "val_loss": 0.0006702117389068007, "val_mae": 0.01571439765393734, "val_mse": 0.0004819111491087824, "val_root_mean_squared_error": 0.021952474489808083, "lr": 9.999999747378752e-06, "_runtime": 205.39165449142456, "_step": 249, "best_val_loss": 0.0006702117389068007, "best_epoch": 249, "_wandb": {"runtime": 204}}