{"graph": {"_type": "graph-file", "sha256": "0aefe818bd72f5996af43d11f603b720f44ba087f2d08bd572ce3fd873a74083", "size": 593, "path": "media/graph/graph_summary_0aefe818bd72f5996af4.graph.json"}, "epoch": 15, "_timestamp": 1681923857.4302628, "loss": 0.0014540796400979161, "mae": 0.028963008895516396, "mse": 0.0012578725581988692, "val_loss": 0.001808606437407434, "val_mae": 0.029181038960814476, "val_mse": 0.0014713057316839695, "lr": 0.09925000369548798, "_runtime": 8.386871814727783, "_step": 15, "best_val_loss": 0.0013180216774344444, "best_epoch": 12, "_wandb": {"runtime": 7}}