{"graph": {"_type": "graph-file", "sha256": "3fa27562db42276a3c6c80b889eb3cb519769741f21b9336a997c0d3855809d1", "size": 988, "path": "media/graph/graph_summary_3fa27562db42276a3c6c.graph.json"}, "epoch": 1, "_timestamp": 1680881840.1913645, "loss": 6.0318474769592285, "mae": 0.02542928233742714, "mse": 0.0008892688201740384, "val_loss": 4.994050979614258, "val_mae": 0.026259783655405045, "val_mse": 0.0009185592643916607, "lr": 0.0010000000474974513, "_runtime": 4.450082540512085, "_step": 1, "best_val_loss": 4.994050979614258, "best_epoch": 1, "_wandb": {"runtime": 4}}