{"graph": {"_type": "graph-file", "sha256": "4c8185c8f5e04e39cd8f5552d04239b6d1cd9a5441834b2fc4ce30fde6208e51", "size": 740, "path": "media/graph/graph_summary_4c8185c8f5e04e39cd8f.graph.json"}, "epoch": 0, "_timestamp": 1681055238.3634784, "loss": 9.134175300598145, "mae": 0.07463984191417694, "mse": 0.014955617487430573, "val_loss": 6.312169551849365, "val_mae": 0.06315045058727264, "val_mse": 0.005854123272001743, "lr": 0.0010000000474974513, "_runtime": 3.3702805042266846, "_step": 0, "best_val_loss": 6.312169551849365, "best_epoch": 0, "_wandb": {"runtime": 3}}