{"graph": {"_type": "graph-file", "sha256": "dda55c62c75bb0157035c2c300744a13e4b665f426538a89651f2380cf8ece49", "size": 513, "path": "media/graph/graph_summary_dda55c62c75bb0157035.graph.json"}, "epoch": 149, "_timestamp": 1683104703.9912214, "loss": 9.897315612761304e-05, "mae": 0.006865308154374361, "mse": 9.897315612761304e-05, "root_mean_squared_error": 0.009948525577783585, "val_loss": 9.099086310015991e-05, "val_mae": 0.006916541140526533, "val_mse": 9.099086310015991e-05, "val_root_mean_squared_error": 0.009538913145661354, "lr": 0.0005387500277720392, "_runtime": 3466.4781744480133, "_step": 149, "best_val_loss": 9.025041799759492e-05, "best_epoch": 142, "_wandb": {"runtime": 3464}}