{"graph": {"_type": "graph-file", "sha256": "edb43287dce377d98f2aaf1381c3ce628466e3596abe716655f2628c6cc8a006", "size": 487, "path": "media/graph/graph_summary_edb43287dce377d98f2a.graph.json"}, "epoch": 49, "_timestamp": 1682451382.3281856, "loss": 0.0001538775977678597, "mae": 0.009459746070206165, "mse": 0.0001538775977678597, "root_mean_squared_error": 0.012404740788042545, "val_loss": 8.451753092231229e-05, "val_mae": 0.006961044855415821, "val_mse": 8.451753092231229e-05, "val_root_mean_squared_error": 0.009193341247737408, "lr": 0.03448000177741051, "_runtime": 204.71639561653137, "_step": 49, "best_val_loss": 8.451753092231229e-05, "best_epoch": 49, "_wandb": {"runtime": 209}}