{"graph": {"_type": "graph-file", "sha256": "e9684d89b3320760bc02fdeff3f09ae7ad65b5ba3e67041bf3bed70f8a932a4e", "size": 586, "path": "media/graph/graph_summary_e9684d89b3320760bc02.graph.json"}, "epoch": 9, "_timestamp": 1681748466.8307798, "loss": 0.013295174576342106, "mae": 0.03626309707760811, "mse": 0.0017726416699588299, "val_loss": 0.01216568797826767, "val_mae": 0.03680857643485069, "val_mse": 0.0018148081144317985, "lr": 0.0002500000118743628, "_runtime": 15.931373834609985, "_step": 9, "best_val_loss": 0.01216568797826767, "best_epoch": 9, "_wandb": {"runtime": 15}}