{"graph": {"_type": "graph-file", "sha256": "6e7774e3fdb1eda9cfd090d316871433f807c68e02aba0aec6eb73f1b1189884", "size": 513, "path": "media/graph/graph_summary_6e7774e3fdb1eda9cfd0.graph.json"}, "epoch": 199, "_timestamp": 1683933574.789619, "loss": 2.3328548195422627e-05, "mae": 0.0032193490769714117, "mse": 2.3328548195422627e-05, "root_mean_squared_error": 0.00482996366918087, "val_loss": 2.7884017981705256e-05, "val_mae": 0.003463840577751398, "val_mse": 2.7884017981705256e-05, "val_root_mean_squared_error": 0.005280531942844391, "lr": 1.6835938367876224e-05, "_runtime": 6634.665830850601, "_step": 199, "best_val_loss": 2.7757447242038324e-05, "best_epoch": 182, "_wandb": {"runtime": 6632}}