{"graph": {"_type": "graph-file", "sha256": "d21a6d221035a4e2faa1fe2c38a9dbcdd075891c704e483907f4254c1d82478f", "size": 593, "path": "media/graph/graph_summary_d21a6d221035a4e2faa1.graph.json"}, "epoch": 49, "_timestamp": 1681577199.5928302, "loss": 0.00558503856882453, "mae": 0.0378141850233078, "mse": 0.001909406972117722, "val_loss": 0.005576897878199816, "val_mae": 0.03823987767100334, "val_mse": 0.0019457765156403184, "lr": 9.999999747378752e-06, "_runtime": 88.70310425758362, "_step": 49, "best_val_loss": 0.005576897878199816, "best_epoch": 49, "_wandb": {"runtime": 88}}