{"graph": {"_type": "graph-file", "sha256": "d286505d8d533a00c71363eed3b7869181d7d5ecd668f7dff0f4fa34e63fbd50", "size": 576, "path": "media/graph/graph_summary_d286505d8d533a00c713.graph.json"}, "epoch": 49, "_timestamp": 1681575425.9268665, "loss": 0.003962107002735138, "mae": 0.04961521178483963, "mse": 0.0032908522989600897, "val_loss": 0.003987116273492575, "val_mae": 0.0495273619890213, "val_mse": 0.0033160068560391665, "lr": 9.999999747378752e-06, "_runtime": 77.14720559120178, "_step": 49, "best_val_loss": 0.003987116273492575, "best_epoch": 49, "_wandb": {"runtime": 77}}