{"graph": {"_type": "graph-file", "sha256": "428d43ed4ba55bd25f52d194ff345c5907a27f8043c5b04fe59c6e24e8072621", "size": 569, "path": "media/graph/graph_summary_428d43ed4ba55bd25f52.graph.json"}, "epoch": 1, "_timestamp": 1682695860.1063948, "loss": 0.9883029460906982, "mae": 0.05541050434112549, "mse": 0.004526274744421244, "val_loss": 0.7170327305793762, "val_mae": 0.05398603901267052, "val_mse": 0.0043504806235432625, "lr": 0.0010000000474974513, "_runtime": 11.921933650970459, "_step": 1, "best_val_loss": 0.7170327305793762, "best_epoch": 1, "_wandb": {"runtime": 12}}