{"graph": {"_type": "graph-file", "sha256": "9b85b03d70ca040f273a4a3721ad0c3272df23c532f4e9c7671aab7170aa79bc", "size": 593, "path": "media/graph/graph_summary_9b85b03d70ca040f273a.graph.json"}, "epoch": 19, "_timestamp": 1682067051.3155801, "loss": 0.20593494176864624, "mae": 0.4525294601917267, "mse": 0.20593488216400146, "val_loss": 0.2065494954586029, "val_mae": 0.45319461822509766, "val_mse": 0.20654945075511932, "lr": 0.0005754600861109793, "_runtime": 89.41071224212646, "_step": 179, "best_val_loss": 0.0018058957066386938, "best_epoch": 18, "_wandb": {"runtime": 88}}