{"graph": {"_type": "graph-file", "sha256": "7720df3a65c8e51ebf651dd82e09c3ce3c99e786246e0634df2fe9411d9116ec", "size": 770, "path": "media/graph/graph_summary_7720df3a65c8e51ebf65.graph.json"}, "epoch": 19, "_timestamp": 1682719168.4209154, "loss": 0.007567143067717552, "mae": 0.07518517971038818, "mse": 0.007567143067717552, "root_mean_squared_error": 0.08698932826519012, "val_loss": 0.007510020397603512, "val_mae": 0.07456815987825394, "val_mse": 0.007510020397603512, "val_root_mean_squared_error": 0.08666037023067474, "lr": 0.04731129854917526, "_runtime": 130.45444130897522, "_step": 179, "best_val_loss": 0.007510020397603512, "best_epoch": 0, "_wandb": {"runtime": 129}}