{"graph": {"_type": "graph-file", "sha256": "2910eba9003358c5f98da7e9c12e27bbd61ff5182315926c931febaf8b665ab2", "size": 722, "path": "media/graph/graph_summary_2910eba9003358c5f98d.graph.json"}, "epoch": 0, "_timestamp": 1681052498.715188, "loss": 10.142821311950684, "mae": 0.028152337297797203, "mse": 0.0013763498282060027, "val_loss": 7.4765729904174805, "val_mae": 0.03216368332505226, "val_mse": 0.0015774923376739025, "lr": 0.0010000000474974513, "_runtime": 3.0891380310058594, "_step": 0, "best_val_loss": 7.4765729904174805, "best_epoch": 0, "_wandb": {"runtime": 3}}