{"graph": {"_type": "graph-file", "sha256": "16ecfa3cac81f1273782278afab584fa57113f3a87a4b763ee360bb000c41a74", "size": 740, "path": "media/graph/graph_summary_16ecfa3cac81f1273782.graph.json"}, "epoch": 9, "_timestamp": 1680785320.6305704, "loss": 0.06723857671022415, "mae": 0.024992147460579872, "mse": 0.0008593113161623478, "val_loss": 0.04361064359545708, "val_mae": 0.025588693097233772, "val_mse": 0.0008642298635095358, "lr": 0.0005000000237487257, "_runtime": 23.526833295822144, "_step": 9, "best_val_loss": 0.04361064359545708, "best_epoch": 9, "_wandb": {"runtime": 24}}