{"graph": {"_type": "graph-file", "sha256": "b1394f6ac533335fb212020ac6f35e5421f16e5eb784a19f319fca6203007e7f", "size": 1020, "path": "media/graph/graph_summary_b1394f6ac533335fb212.graph.json"}, "epoch": 19, "_timestamp": 1681901392.4521258, "loss": 0.002376321703195572, "mae": 0.03864823654294014, "mse": 0.002024551620706916, "val_loss": 0.0024158910382539034, "val_mae": 0.03895578905940056, "val_mse": 0.0020687906071543694, "lr": 0.010419304482638836, "_runtime": 65.198983669281, "_step": 179, "best_val_loss": 0.001966275507584214, "best_epoch": 19, "_wandb": {"runtime": 64}}