{"graph": {"_type": "graph-file", "sha256": "345cb89ebd8288ff06b2e7de011291e32216f8d9ae338a55e9c8cef6372ffc12", "size": 593, "path": "media/graph/graph_summary_345cb89ebd8288ff06b2.graph.json"}, "epoch": 9, "_timestamp": 1682357677.0534878, "loss": 0.002643922343850136, "mae": 0.038346756249666214, "mse": 0.0020345987286418676, "root_mean_squared_error": 0.04510652646422386, "val_loss": 0.0023420110810548067, "val_mae": 0.03785974159836769, "val_mse": 0.0019623145926743746, "val_root_mean_squared_error": 0.044298019260168076, "lr": 0.09925000369548798, "_runtime": 6.507787704467773, "_step": 9, "best_val_loss": 0.001975167775526643, "best_epoch": 1, "_wandb": {"runtime": 5}}