{"graph": {"_type": "graph-file", "sha256": "c32428d287406381d2718861ee671115bb1e128e3ce39d0ddf9f33cb16f978fd", "size": 740, "path": "media/graph/graph_summary_c32428d287406381d271.graph.json"}, "epoch": 0, "_timestamp": 1681052587.421295, "loss": 10.051498413085938, "mae": 0.08688625693321228, "mse": 0.022523459047079086, "val_loss": 7.374756813049316, "val_mae": 0.03259116783738136, "val_mse": 0.0016674691578373313, "lr": 0.0010000000474974513, "_runtime": 4.267676830291748, "_step": 0, "best_val_loss": 7.374756813049316, "best_epoch": 0, "_wandb": {"runtime": 4}}