{"graph": {"_type": "graph-file", "sha256": "16ecfa3cac81f1273782278afab584fa57113f3a87a4b763ee360bb000c41a74", "size": 740, "path": "media/graph/graph_summary_16ecfa3cac81f1273782.graph.json"}, "epoch": 7, "_timestamp": 1680789369.913711, "loss": 0.0092883026227355, "mae": 0.02505228854715824, "mse": 0.0008623215835541487, "val_loss": 0.009373381733894348, "val_mae": 0.025806788355112076, "val_mse": 0.0008894680067896843, "lr": 0.004999999888241291, "_runtime": 7.273064136505127, "_step": 7, "best_val_loss": 0.009373381733894348, "best_epoch": 7}