{"graph": {"_type": "graph-file", "sha256": "16ecfa3cac81f1273782278afab584fa57113f3a87a4b763ee360bb000c41a74", "size": 740, "path": "media/graph/graph_summary_16ecfa3cac81f1273782.graph.json"}, "epoch": 0, "_timestamp": 1681052541.688908, "loss": 10.00742244720459, "mae": 0.049982499331235886, "mse": 0.0074916803278028965, "val_loss": 7.349853515625, "val_mae": 0.03327781334519386, "val_mse": 0.0016067069955170155, "lr": 0.0010000000474974513, "_runtime": 4.112872123718262, "_step": 0, "best_val_loss": 7.349853515625, "best_epoch": 0, "_wandb": {"runtime": 4}}