{"graph": {"_type": "graph-file", "sha256": "9ddb5ce411971f1d49672a7c8823691761f6e113ffb2ba88f02fb4e834056542", "size": 729, "path": "media/graph/graph_summary_9ddb5ce411971f1d4967.graph.json"}, "epoch": 9, "_timestamp": 1680779277.2593324, "loss": 8.383723258972168, "mae": 0.017671847715973854, "mse": 0.0004730450455099344, "val_loss": 8.326484680175781, "val_mae": 0.018814142793416977, "val_mse": 0.0005253368290141225, "lr": 2.499999936844688e-05, "_runtime": 17.148638486862183, "_step": 9, "best_val_loss": 8.326484680175781, "best_epoch": 9, "_wandb": {"runtime": 17}}