{"graph": {"_type": "graph-file", "sha256": "cd2fdc98842f75ff43805143b0ee0c63a2fbb3579c3ed7e1864999cbf9e4d162", "size": 593, "path": "media/graph/graph_summary_cd2fdc98842f75ff4380.graph.json"}, "epoch": 249, "_timestamp": 1684522851.6943355, "loss": 0.0002905160654336214, "mae": 0.01293925940990448, "mse": 0.0002238926972495392, "root_mean_squared_error": 0.014963044784963131, "val_loss": 0.00030247250106185675, "val_mae": 0.013333480805158615, "val_mse": 0.0002358567580813542, "val_root_mean_squared_error": 0.015357628464698792, "lr": 9.999999747378752e-06, "_runtime": 160.5772135257721, "_step": 249, "best_val_loss": 0.00030243702349253, "best_epoch": 246, "_wandb": {"runtime": 157}}