{"graph": {"_type": "graph-file", "sha256": "9eb265a373347b90d3a078cbf2eba6f3621443bec68c0a4c0b554fa5c3bf99fa", "size": 740, "path": "media/graph/graph_summary_9eb265a373347b90d3a0.graph.json"}, "epoch": 1, "_timestamp": 1680804581.2951245, "loss": 4.5684309005737305, "mae": 0.1645648330450058, "mse": 0.027698351070284843, "val_loss": 3.3623569011688232, "val_mae": 0.1651121973991394, "val_mse": 0.027882972732186317, "lr": 0.0010000000474974513, "_runtime": 7.488184452056885, "_step": 1, "best_val_loss": 3.3623569011688232, "best_epoch": 1, "_wandb": {"runtime": 8}}