{"graph": {"_type": "graph-file", "sha256": "d9950c34f99e3d16d0159303d1650954ff571b6393c92a0c39fa202c9ae027f3", "size": 1097, "path": "media/graph/graph_summary_d9950c34f99e3d16d015.graph.json"}, "epoch": 49, "_timestamp": 1682780504.3563085, "loss": 0.00023860418878030032, "mae": 0.012497827410697937, "mse": 0.00023860418878030032, "root_mean_squared_error": 0.015446816571056843, "val_loss": 0.00019364575564395636, "val_mae": 0.011429117061197758, "val_mse": 0.00019364575564395636, "val_root_mean_squared_error": 0.01391566451638937, "lr": 0.005855206400156021, "_runtime": 808.155017375946, "_step": 449, "best_val_loss": 2.4506873160135e-05, "best_epoch": 48, "_wandb": {"runtime": 806}}