{"graph": {"_type": "graph-file", "sha256": "237757d9f9e1d42a1c3e30bdfcc61f5287ea6731a792846f0ae91ce8275b9b9e", "size": 1036, "path": "media/graph/graph_summary_237757d9f9e1d42a1c3e.graph.json"}, "epoch": 14, "_timestamp": 1680881582.0767853, "loss": 0.004606839269399643, "mae": 0.025273405015468597, "mse": 0.0008591205696575344, "val_loss": 0.003914938308298588, "val_mae": 0.026283729821443558, "val_mse": 0.0009101175819523633, "lr": 0.0001250000059371814, "_runtime": 32.124056339263916, "_step": 14, "best_val_loss": 0.003914938308298588, "best_epoch": 14, "_wandb": {"runtime": 32}}