{"graph": {"_type": "graph-file", "sha256": "198066b829209d52e77e831c5304ac92d1c99071b0d2a69f14441d58ce1858b4", "size": 489, "path": "media/graph/graph_summary_198066b829209d52e77e.graph.json"}, "epoch": 49, "_timestamp": 1682434206.7140627, "loss": 0.007567143067717552, "mae": 0.07518518716096878, "mse": 0.007567143067717552, "root_mean_squared_error": 0.08698932081460953, "R2": -39.109886169433594, "val_loss": 0.007510021328926086, "val_mae": 0.07456818222999573, "val_mse": 0.007510021328926086, "val_root_mean_squared_error": 0.08666038513183594, "val_R2": -55.65178298950195, "lr": 0.010192536748945713, "_runtime": 452.399644613266, "_step": 449, "best_val_loss": 9.24969936022535e-06, "best_epoch": 49, "_wandb": {"runtime": 451}}