{"graph": {"_type": "graph-file", "sha256": "3ed32c7b90acb4cf8bb75b72e052485fb3f971ce59120ba0576030dfcfbbba72", "size": 586, "path": "media/graph/graph_summary_3ed32c7b90acb4cf8bb7.graph.json"}, "epoch": 9, "_timestamp": 1682436901.6074429, "loss": 0.002162436256185174, "mae": 0.038394201546907425, "mse": 0.001986874733120203, "root_mean_squared_error": 0.044574372470378876, "R2": -0.0758054107427597, "val_loss": 0.0021357808727771044, "val_mae": 0.038696032017469406, "val_mse": 0.00202562240883708, "val_root_mean_squared_error": 0.04500691592693329, "val_R2": -1127.078369140625, "lr": 0.09925000369548798, "_runtime": 7.259755849838257, "_step": 9, "best_val_loss": 0.001984027214348316, "best_epoch": 1, "_wandb": {"runtime": 5}}