{"graph": {"_type": "graph-file", "sha256": "e5918f6ff819c129f0281083bb5bf5594ab7789fdd26f3686938630538dc8217", "size": 769, "path": "media/graph/graph_summary_e5918f6ff819c129f028.graph.json"}, "epoch": 149, "_timestamp": 1682709017.7367136, "loss": 0.8115811347961426, "mae": 0.8998148441314697, "mse": 0.8115811347961426, "root_mean_squared_error": 0.9008780121803284, "val_loss": 0.8127269744873047, "val_mae": 0.9004320502281189, "val_mse": 0.8127269744873047, "val_root_mean_squared_error": 0.9015138149261475, "lr": 9.999999747378752e-06, "_runtime": 1770.3380017280579, "_step": 1349, "best_val_loss": 0.004492978565394878, "best_epoch": 0, "_wandb": {"runtime": 1769}}