{"graph": {"_type": "graph-file", "sha256": "c9b8455352c6576033a42d0639483f34d79514cf92cfc4ab463692e25de23689", "size": 586, "path": "media/graph/graph_summary_c9b8455352c6576033a4.graph.json"}, "epoch": 299, "_timestamp": 1684438748.0564363, "loss": 0.0017720130272209644, "mae": 0.028796883299946785, "mse": 0.001558089628815651, "root_mean_squared_error": 0.03947264328598976, "val_loss": 0.0017159635899588466, "val_mae": 0.028760673478245735, "val_mse": 0.0015020297141745687, "val_root_mean_squared_error": 0.038756027817726135, "lr": 9.999999747378752e-06, "_runtime": 251.52926635742188, "_step": 299, "best_val_loss": 0.0017156811663880944, "best_epoch": 290, "_wandb": {"runtime": 249}}