{"graph": {"_type": "graph-file", "sha256": "bcd5ffc01127c2eeed43cbdabaf6e9a2c7d24ea94c65c850c2532c291bdad3df", "size": 467, "path": "media/graph/graph_summary_bcd5ffc01127c2eeed43.graph.json"}, "epoch": 14, "_timestamp": 1682496478.7686484, "loss": 0.0023539632093161345, "mae": 0.04085586220026016, "mse": 0.0023539632093161345, "root_mean_squared_error": 0.048517659306526184, "val_loss": 0.0033310099970549345, "val_mae": 0.04729758948087692, "val_mse": 0.0033310099970549345, "val_root_mean_squared_error": 0.057714901864528656, "lr": 0.06896000355482101, "_runtime": 99.10787439346313, "_step": 14, "best_val_loss": 0.001949622412212193, "best_epoch": 12, "_wandb": {"runtime": 100}}