{"graph": {"_type": "graph-file", "sha256": "15d7a326b47a75a5500aafed5954d168c8dc171e06a76a541a38000c4025cb8c", "size": 1361, "path": "media/graph/graph_summary_15d7a326b47a75a5500a.graph.json"}, "epoch": 299, "_timestamp": 1684953876.2372692, "loss": 0.0024720984511077404, "mae": 0.04137474671006203, "mse": 0.0024720984511077404, "root_mean_squared_error": 0.04972019046545029, "val_loss": 0.002444955985993147, "val_mae": 0.04038389027118683, "val_mse": 0.002444955985993147, "val_root_mean_squared_error": 0.04944649338722229, "lr": 9.999999747378752e-06, "_runtime": 122.19894313812256, "_step": 299, "best_val_loss": 0.0024449555203318596, "best_epoch": 1, "_wandb": {"runtime": 120}}