{"graph": {"_type": "graph-file", "sha256": "21ab4cb7198b733ba0725e608224cc7e58ef65bf691e07e1a2462197a9a1239b", "size": 514, "path": "media/graph/graph_summary_21ab4cb7198b733ba072.graph.json"}, "epoch": 149, "_timestamp": 1684769180.7103882, "loss": 3.947593359043822e-05, "mae": 0.004468937870115042, "mse": 3.947593359043822e-05, "val_loss": 3.9787133573554456e-05, "val_mae": 0.004537852015346289, "val_mse": 3.9787133573554456e-05, "lr": 0.0010775000555440784, "_runtime": 5045.3841252326965, "_step": 149, "best_val_loss": 3.957454828196205e-05, "best_epoch": 144, "_wandb": {"runtime": 5043}}