{"graph": {"_type": "graph-file", "sha256": "e7c8e89d361da26335ec9ae9059f66e98201c19a417f362cdefb5d10fc51a7b7", "size": 1078, "path": "media/graph/graph_summary_e7c8e89d361da26335ec.graph.json"}, "epoch": 299, "_timestamp": 1684873751.266068, "loss": 0.00019768826314248145, "mae": 0.010338617488741875, "mse": 0.00019768826314248145, "root_mean_squared_error": 0.014060167595744133, "val_loss": 0.00020827357366215438, "val_mae": 0.010636534541845322, "val_mse": 0.00020827357366215438, "val_root_mean_squared_error": 0.014431688003242016, "lr": 9.999999747378752e-06, "_runtime": 279.1377229690552, "_step": 299, "best_val_loss": 0.00020799222693312913, "best_epoch": 290, "_wandb": {"runtime": 277}}