{"graph": {"_type": "graph-file", "sha256": "d16f2a8ffd9d6371d87788843ed8cfdeb4c63a3ea987e3900a671535e86c2bd6", "size": 770, "path": "media/graph/graph_summary_d16f2a8ffd9d6371d877.graph.json"}, "epoch": 49, "_timestamp": 1682262088.9704008, "loss": 0.007567142602056265, "mae": 0.07518516480922699, "mse": 0.007567142602056265, "val_loss": 0.007510020863264799, "val_mae": 0.07456815987825394, "val_mse": 0.007510020863264799, "lr": 9.999999747378752e-06, "_runtime": 53.204009771347046, "_step": 449, "best_val_loss": 0.007510020863264799, "best_epoch": 0, "_wandb": {"runtime": 52}}