{"graph": {"_type": "graph-file", "sha256": "4b8bebba67c69112d4044524e5dd200f6e7d7f4fbbd92873f26b0b59d3f2afbf", "size": 740, "path": "media/graph/graph_summary_4b8bebba67c69112d404.graph.json"}, "epoch": 0, "_timestamp": 1680802592.8718336, "loss": 10.001839637756348, "mae": 0.12945236265659332, "mse": 0.04897791147232056, "val_loss": 7.299715042114258, "val_mae": 0.06062508746981621, "val_mse": 0.007397208362817764, "lr": 0.0010000000474974513, "_runtime": 3.0260205268859863, "_step": 0, "best_val_loss": 7.299715042114258, "best_epoch": 0, "_wandb": {"runtime": 3}}