{"graph": {"_type": "graph-file", "sha256": "283a0d399e733c539477dcafe8e0b991244eb98a3d9b1dcad879a84b547aefab", "size": 1074, "path": "media/graph/graph_summary_283a0d399e733c539477.graph.json"}, "epoch": 149, "_timestamp": 1684226975.5515978, "loss": 8.210367923311424e-06, "mae": 0.0017775290179997683, "mse": 8.210367923311424e-06, "root_mean_squared_error": 0.00286537385545671, "val_loss": 8.361408617929555e-06, "val_mae": 0.0017744696233421564, "val_mse": 8.361408617929555e-06, "val_root_mean_squared_error": 0.002891609910875559, "lr": 2.612890602904372e-05, "_runtime": 158.40807175636292, "_step": 149, "best_val_loss": 8.340159183717333e-06, "best_epoch": 148, "_wandb": {"runtime": 156}}