{"graph": {"_type": "graph-file", "sha256": "87647593ec0cf08b09dc9d253e2e475668451aa027b7b99f1a0f8541bce6569b", "size": 487, "path": "media/graph/graph_summary_87647593ec0cf08b09dc.graph.json"}, "epoch": 19, "_timestamp": 1682440153.9271853, "loss": 0.00022784860630054027, "mae": 0.010858211666345596, "mse": 0.00022784860630054027, "root_mean_squared_error": 0.015094655565917492, "val_loss": 0.0001153884077211842, "val_mae": 0.006919619161635637, "val_mse": 0.0001153884077211842, "val_root_mean_squared_error": 0.010741899721324444, "lr": 0.06896000355482101, "_runtime": 32.026509284973145, "_step": 19, "best_val_loss": 0.0001153884077211842, "best_epoch": 19, "_wandb": {"runtime": 33}}