{"graph": {"_type": "graph-file", "sha256": "65a644856511e013daeeb8a86882d4dbeba9e535843d05eba135d1a1a55b0643", "size": 882, "path": "media/graph/graph_summary_65a644856511e013daee.graph.json"}, "epoch": 29, "_timestamp": 1681840556.27015, "loss": 0.002349772024899721, "mae": 0.03794896602630615, "mse": 0.0019234224455431104, "val_loss": 0.0023890696465969086, "val_mae": 0.03832921385765076, "val_mse": 0.001962793292477727, "lr": 9.999999747378752e-06, "_runtime": 92.58527302742004, "_step": 269, "best_val_loss": 0.001949880039319396, "best_epoch": 11, "_wandb": {"runtime": 91}}