{"graph": {"_type": "graph-file", "sha256": "27c5d7819ce561a5403e4afeba735456b1eb39e6f92976330971467468a118db", "size": 740, "path": "media/graph/graph_summary_27c5d7819ce561a5403e.graph.json"}, "epoch": 99, "_timestamp": 1680788478.4922483, "loss": 5.933740615844727, "mae": 0.017055530101060867, "mse": 0.0004655632365029305, "val_loss": 5.92302131652832, "val_mae": 0.018417460843920708, "val_mse": 0.000528134813066572, "lr": 9.999999747378752e-06, "_runtime": 118.95022535324097, "_step": 99, "best_val_loss": 5.92302131652832, "best_epoch": 99, "_wandb": {"runtime": 118}}