{"graph": {"_type": "graph-file", "sha256": "e9347dc24a689b0c445542772b23ba8e5aa6ace786e1ab8a498e8415afb4fe7a", "size": 1185, "path": "media/graph/graph_summary_e9347dc24a689b0c4455.graph.json"}, "epoch": 49, "_timestamp": 1681305615.772312, "loss": 0.0019143467070534825, "mae": 0.03787112236022949, "mse": 0.0019143467070534825, "val_loss": 0.001949991099536419, "val_mae": 0.03830073028802872, "val_mse": 0.001949991099536419, "lr": 9.999999747378752e-06, "_runtime": 26.42275881767273, "_step": 49, "best_val_loss": 0.0019496269524097443, "best_epoch": 24, "_wandb": {"runtime": 25}}