{"graph": {"_type": "graph-file", "sha256": "3ed32c7b90acb4cf8bb75b72e052485fb3f971ce59120ba0576030dfcfbbba72", "size": 586, "path": "media/graph/graph_summary_3ed32c7b90acb4cf8bb7.graph.json"}, "epoch": 9, "_timestamp": 1682437325.8562307, "loss": 0.002076779492199421, "mae": 0.038157928735017776, "mse": 0.0019709172192960978, "root_mean_squared_error": 0.04439501464366913, "val_loss": 0.0020632599480450153, "val_mae": 0.038425035774707794, "val_mse": 0.0019803140312433243, "val_root_mean_squared_error": 0.044500719755887985, "lr": 0.09925000369548798, "_runtime": 8.374863624572754, "_step": 9, "best_val_loss": 0.001963592367246747, "best_epoch": 1, "_wandb": {"runtime": 7}}