{"graph": {"_type": "graph-file", "sha256": "c2730f699a8815555d62030bf12fb53135040e39d629e223366690c497265135", "size": 565, "path": "media/graph/graph_summary_c2730f699a8815555d62.graph.json"}, "epoch": 9, "_timestamp": 1682358723.473852, "loss": 0.0013552907621487975, "mae": 0.0257810577750206, "mse": 0.0010718443663790822, "root_mean_squared_error": 0.03273903578519821, "val_loss": 0.0011167214252054691, "val_mae": 0.023734288290143013, "val_mse": 0.0009189483826048672, "val_root_mean_squared_error": 0.030314160510897636, "lr": 0.09925000369548798, "_runtime": 10.92966103553772, "_step": 9, "best_val_loss": 0.0011167214252054691, "best_epoch": 9, "_wandb": {"runtime": 9}}