{"graph": {"_type": "graph-file", "sha256": "75392d8990f043329e5dc2bf9fcecb097c0f5dd75d79c6dc68580d2e66643c15", "size": 708, "path": "media/graph/graph_summary_75392d8990f043329e5d.graph.json"}, "epoch": 49, "_timestamp": 1681304464.6668189, "loss": 0.026725582778453827, "mae": 0.09219219535589218, "mse": 0.019360676407814026, "val_loss": 0.026465274393558502, "val_mae": 0.09266571700572968, "val_mse": 0.019061710685491562, "lr": 0.0002500000118743628, "_runtime": 114.33685779571533, "_step": 49, "best_val_loss": 0.025800243020057678, "best_epoch": 48, "_wandb": {"runtime": 113}}