{"graph": {"_type": "graph-file", "sha256": "d02ef06038fc3ef56434565919b7079c8f6dc6c987d021fba9924e2700627981", "size": 771, "path": "media/graph/graph_summary_d02ef06038fc3ef56434.graph.json"}, "epoch": 49, "_timestamp": 1682788340.2395515, "loss": 0.007567145396023989, "mae": 0.07518515735864639, "mse": 0.007567145396023989, "root_mean_squared_error": 0.08698934316635132, "val_loss": 0.007510020863264799, "val_mae": 0.07456815987825394, "val_mse": 0.007510020863264799, "val_root_mean_squared_error": 0.08666037768125534, "lr": 0.0013859192840754986, "_runtime": 296.5036265850067, "_step": 449, "best_val_loss": 0.007510020863264799, "best_epoch": 0, "_wandb": {"runtime": 295}}