{"graph": {"_type": "graph-file", "sha256": "198c026e0cff7766b4e29e3665880b1ddb2639e3cf2a3ac9749af3dc4626d190", "size": 597, "path": "media/graph/graph_summary_198c026e0cff7766b4e2.graph.json"}, "epoch": 9, "_timestamp": 1682700504.6832993, "loss": 0.0023367577232420444, "mae": 0.038010552525520325, "mse": 0.0019357205601409078, "val_loss": 0.002326798625290394, "val_mae": 0.038315024226903915, "val_mse": 0.0019594207406044006, "lr": 0.0010000000474974513, "_runtime": 32.014416217803955, "_step": 9, "best_val_loss": 0.002326798625290394, "best_epoch": 9, "_wandb": {"runtime": 32}}