{"graph": {"_type": "graph-file", "sha256": "67e39dc95825729588e5ac36270606e1b7a4ca29510a9b637d14c325df2afab8", "size": 513, "path": "media/graph/graph_summary_67e39dc95825729588e5.graph.json"}, "epoch": 149, "_timestamp": 1683473257.649045, "loss": 6.150783156044781e-05, "mae": 0.00470851780846715, "mse": 6.150783156044781e-05, "root_mean_squared_error": 0.00784269254654646, "val_loss": 5.950309059699066e-05, "val_mae": 0.004653034266084433, "val_mse": 5.950309059699066e-05, "val_root_mean_squared_error": 0.007713824510574341, "lr": 0.0005387500277720392, "_runtime": 6767.385689973831, "_step": 149, "best_val_loss": 5.950309059699066e-05, "best_epoch": 149, "_wandb": {"runtime": 6770}}