{"graph": {"_type": "graph-file", "sha256": "34031f9cb11e6d28b20bd5f9e3717c916842297c67b9a1c3dce61c3eb20398a9", "size": 597, "path": "media/graph/graph_summary_34031f9cb11e6d28b20b.graph.json"}, "epoch": 199, "_timestamp": 1684190124.3411224, "loss": 0.050086610019207, "mae": 0.21467483043670654, "mse": 0.050086308270692825, "val_loss": 0.0508544035255909, "val_mae": 0.21652233600616455, "val_mse": 0.05085412785410881, "lr": 9.999999747378752e-06, "_runtime": 745.4180614948273, "_step": 199, "best_val_loss": 0.05085378885269165, "best_epoch": 50, "_wandb": {"runtime": 744}}