{"graph": {"_type": "graph-file", "sha256": "87647593ec0cf08b09dc9d253e2e475668451aa027b7b99f1a0f8541bce6569b", "size": 487, "path": "media/graph/graph_summary_87647593ec0cf08b09dc.graph.json"}, "epoch": 99, "_timestamp": 1682502353.0698109, "loss": 5.079758466308704e-06, "mae": 0.0015766980359330773, "mse": 5.079758466308704e-06, "root_mean_squared_error": 0.0022538318298757076, "val_loss": 5.806783974549035e-06, "val_mae": 0.0016365088522434235, "val_mse": 5.806783974549035e-06, "val_root_mean_squared_error": 0.002409726846963167, "lr": 0.004310000222176313, "_runtime": 671.6773068904877, "_step": 99, "best_val_loss": 4.225318662065547e-06, "best_epoch": 92, "_wandb": {"runtime": 669}}