{"graph": {"_type": "graph-file", "sha256": "063325fec5d42581dace24a6038478b1cffeb4d970d061b8777bffa67c80599b", "size": 767, "path": "media/graph/graph_summary_063325fec5d42581dace.graph.json"}, "epoch": 29, "_timestamp": 1682718607.4038062, "loss": 0.007567143067717552, "mae": 0.07518515735864639, "mse": 0.007567143067717552, "root_mean_squared_error": 0.08698932826519012, "val_loss": 0.0075100199319422245, "val_mae": 0.07456815987825394, "val_mse": 0.0075100199319422245, "val_root_mean_squared_error": 0.08666037023067474, "lr": 0.007902475073933601, "_runtime": 69.93734931945801, "_step": 269, "best_val_loss": 0.0075100199319422245, "best_epoch": 0, "_wandb": {"runtime": 68}}