{"graph": {"_type": "graph-file", "sha256": "81602e7d052aaaa3315d27868f95b8c79323bcec3b50eb3a2f177fff0c5f9f7e", "size": 512, "path": "media/graph/graph_summary_81602e7d052aaaa3315d.graph.json"}, "epoch": 49, "_timestamp": 1682616858.6642442, "loss": 0.0007616611546836793, "mae": 0.021050583571195602, "mse": 0.0007616611546836793, "root_mean_squared_error": 0.02759820967912674, "val_loss": 0.0009352565975859761, "val_mae": 0.02439643256366253, "val_mse": 0.0009352565975859761, "val_root_mean_squared_error": 0.030581964179873466, "lr": 0.0947958379983902, "_runtime": 1556.9731352329254, "_step": 449, "best_val_loss": 0.0005282016354613006, "best_epoch": 48, "_wandb": {"runtime": 1555}}