{"graph": {"_type": "graph-file", "sha256": "20e35673a78840d8e0b54e123f95393a3ade2a2f46ebb7dab97e4e71442de47a", "size": 487, "path": "media/graph/graph_summary_20e35673a78840d8e0b5.graph.json"}, "epoch": 149, "_timestamp": 1682870772.285507, "loss": 9.696803317638114e-06, "mae": 0.0022126594558358192, "mse": 9.696803317638114e-06, "root_mean_squared_error": 0.0031139689963310957, "val_loss": 9.884385690384079e-06, "val_mae": 0.0022764054592698812, "val_mse": 9.884385690384079e-06, "val_root_mean_squared_error": 0.003143944311887026, "lr": 0.0002693750138860196, "_runtime": 998.3583080768585, "_step": 149, "best_val_loss": 9.884385690384079e-06, "best_epoch": 149, "_wandb": {"runtime": 999}}