{"graph": {"_type": "graph-file", "sha256": "8b7931436300a9222666cf262aa1bc7406618cf0bae88355cc960ee4ad3e78b1", "size": 1383, "path": "media/graph/graph_summary_8b7931436300a9222666.graph.json"}, "epoch": 299, "_timestamp": 1684955194.9295688, "loss": 0.12306006997823715, "mae": 0.33977192640304565, "mse": 0.12306006997823715, "root_mean_squared_error": 0.35079923272132874, "val_loss": 0.12375959008932114, "val_mae": 0.34091246128082275, "val_mse": 0.12375959008932114, "val_root_mean_squared_error": 0.3517948091030121, "lr": 9.999999747378752e-06, "_runtime": 309.976708650589, "_step": 299, "best_val_loss": 0.12375957518815994, "best_epoch": 0, "_wandb": {"runtime": 308}}