{"graph": {"_type": "graph-file", "sha256": "b0e991419d33b8f9c145667fc3dc680a07142ed57013a1d3ab881f78806acf0c", "size": 593, "path": "media/graph/graph_summary_b0e991419d33b8f9c145.graph.json"}, "epoch": 149, "_timestamp": 1681917857.373202, "loss": 0.0021689962595701218, "mae": 0.038414135575294495, "mse": 0.00198719697073102, "val_loss": 0.0022149712312966585, "val_mae": 0.03876349329948425, "val_mse": 0.002033177064731717, "lr": 7.24727869965136e-05, "_runtime": 473.1862270832062, "_step": 1349, "best_val_loss": 0.0022149712312966585, "best_epoch": 149, "_wandb": {"runtime": 473}}