{"graph": {"_type": "graph-file", "sha256": "cd2fdc98842f75ff43805143b0ee0c63a2fbb3579c3ed7e1864999cbf9e4d162", "size": 593, "path": "media/graph/graph_summary_cd2fdc98842f75ff4380.graph.json"}, "epoch": 299, "_timestamp": 1684441561.2699301, "loss": 0.0002800907823257148, "mae": 0.012936422601342201, "mse": 0.000224528499529697, "root_mean_squared_error": 0.014984275214374065, "val_loss": 0.0002906931331381202, "val_mae": 0.013331545516848564, "val_mse": 0.00023512716870754957, "val_root_mean_squared_error": 0.015333856455981731, "lr": 9.999999747378752e-06, "_runtime": 223.1019902229309, "_step": 299, "best_val_loss": 0.00029067552532069385, "best_epoch": 292, "_wandb": {"runtime": 220}}