{"graph": {"_type": "graph-file", "sha256": "0aefe818bd72f5996af43d11f603b720f44ba087f2d08bd572ce3fd873a74083", "size": 593, "path": "media/graph/graph_summary_0aefe818bd72f5996af4.graph.json"}, "epoch": 149, "_timestamp": 1681925145.5349364, "loss": 0.0009350818581879139, "mae": 0.023238923400640488, "mse": 0.000856127415318042, "val_loss": 0.000921671453397721, "val_mae": 0.023323364555835724, "val_mse": 0.0008427283610217273, "lr": 2.4230957933468744e-05, "_runtime": 88.89060139656067, "_step": 149, "best_val_loss": 0.0009200678905472159, "best_epoch": 119, "_wandb": {"runtime": 87}}