{"graph": {"_type": "graph-file", "sha256": "ce2d0b35e99559c55dc45ace90e07f7e98b654e43587e590d9219e6fb835daf4", "size": 514, "path": "media/graph/graph_summary_ce2d0b35e99559c55dc4.graph.json"}, "epoch": 19, "_timestamp": 1682641901.0755126, "loss": 0.007567143067717552, "mae": 0.07518516480922699, "mse": 0.007567143067717552, "root_mean_squared_error": 0.08698932081460953, "val_loss": 0.007510020863264799, "val_mae": 0.07456815987825394, "val_mse": 0.007510020863264799, "val_root_mean_squared_error": 0.08666037768125534, "lr": 0.023197252303361893, "_runtime": 383.2498996257782, "_step": 179, "best_val_loss": 0.0007595882634632289, "best_epoch": 19, "_wandb": {"runtime": 382}}