{"graph": {"_type": "graph-file", "sha256": "69d521f11d1ea22b8448f493a02819656c23a38d687547a06ac8071a0f9f5a2c", "size": 593, "path": "media/graph/graph_summary_69d521f11d1ea22b8448.graph.json"}, "epoch": 49, "_timestamp": 1681571134.873903, "loss": 0.0018997619627043605, "mae": 0.03729028254747391, "mse": 0.001865753554739058, "val_loss": 0.0019361088052392006, "val_mae": 0.03770141676068306, "val_mse": 0.001902652089484036, "lr": 9.999999747378752e-06, "_runtime": 70.38717293739319, "_step": 49, "best_val_loss": 0.0019361088052392006, "best_epoch": 49, "_wandb": {"runtime": 70}}