{"graph": {"_type": "graph-file", "sha256": "27c5d7819ce561a5403e4afeba735456b1eb39e6f92976330971467468a118db", "size": 740, "path": "media/graph/graph_summary_27c5d7819ce561a5403e.graph.json"}, "epoch": 49, "_timestamp": 1680965275.8787756, "loss": 0.0008227785001508892, "mae": 0.024720679968595505, "mse": 0.0008194171241484582, "val_loss": 0.0008686393266543746, "val_mae": 0.02566223032772541, "val_mse": 0.0008652369142509997, "lr": 9.999999747378752e-06, "_runtime": 38.41292953491211, "_step": 49, "best_val_loss": 0.0008686227956786752, "best_epoch": 48, "_wandb": {"runtime": 35}}