{"graph": {"_type": "graph-file", "sha256": "9c2297403badc13ed46f1f3349de4c55b03b2783ff90a9225f08d8a5a1dc565a", "size": 583, "path": "media/graph/graph_summary_9c2297403badc13ed46f.graph.json"}, "epoch": 9, "_timestamp": 1682700229.8763578, "loss": 0.0037075881846249104, "mae": 0.05073083937168121, "mse": 0.003422901500016451, "val_loss": 0.0036905084270983934, "val_mae": 0.05054855719208717, "val_mse": 0.003440449945628643, "lr": 0.0010000000474974513, "_runtime": 44.83206367492676, "_step": 9, "best_val_loss": 0.0036905084270983934, "best_epoch": 9, "_wandb": {"runtime": 44}}