{"graph": {"_type": "graph-file", "sha256": "e61e9e0fe6082f59c724040cb55b7790425c52f7796885a7bbb4f86129308f32", "size": 1185, "path": "media/graph/graph_summary_e61e9e0fe6082f59c724.graph.json"}, "epoch": 49, "_timestamp": 1681069953.7318285, "loss": 0.0019144691759720445, "mae": 0.03787154704332352, "mse": 0.0019144370453432202, "val_loss": 0.0019500249763950706, "val_mae": 0.03830074146389961, "val_mse": 0.0019499894697219133, "lr": 9.999999747378752e-06, "_runtime": 84.10983443260193, "_step": 49, "best_val_loss": 0.0019499112386256456, "best_epoch": 45, "_wandb": {"runtime": 82}}