{"graph": {"_type": "graph-file", "sha256": "37778b61cbc546940bcb9b3d56d981c50605de9c29626a6f1fb45a40e0773b4a", "size": 1017, "path": "media/graph/graph_summary_37778b61cbc546940bcb.graph.json"}, "epoch": 14, "_timestamp": 1680881219.6335022, "loss": 0.38108572363853455, "mae": 0.02350623533129692, "mse": 0.0007503688684664667, "val_loss": 0.3703068792819977, "val_mae": 0.024565255269408226, "val_mse": 0.0007992421160452068, "lr": 6.25000029685907e-05, "_runtime": 32.171324253082275, "_step": 14, "best_val_loss": 0.3703068792819977, "best_epoch": 14, "_wandb": {"runtime": 32}}