{"graph": {"_type": "graph-file", "sha256": "9ed30b1f26893e460ce885adc388934cab5e77ae7884c473c6c2fa2e98b490b0", "size": 487, "path": "media/graph/graph_summary_9ed30b1f26893e460ce8.graph.json"}, "epoch": 29, "_timestamp": 1682434333.8424332, "loss": 0.001223937957547605, "mae": 0.027674095705151558, "mse": 0.001223937957547605, "root_mean_squared_error": 0.03498482331633568, "R2": 0.32242026925086975, "val_loss": 0.0013563663233071566, "val_mae": 0.027717461809515953, "val_mse": 0.0013563663233071566, "val_root_mean_squared_error": 0.03682887926697731, "val_R2": -153.95156860351562, "lr": 0.0782679095864296, "_runtime": 107.76540231704712, "_step": 269, "best_val_loss": 0.00034521528868936, "best_epoch": 25, "_wandb": {"runtime": 106}}