{"graph": {"_type": "graph-file", "sha256": "176169cf2e260c4e7952ee4b83eff6f50cad3ac87c622524399efdf7ec9ca59a", "size": 593, "path": "media/graph/graph_summary_176169cf2e260c4e7952.graph.json"}, "epoch": 99, "_timestamp": 1684422387.6964116, "loss": 901545.5625, "mae": 949.0506591796875, "mse": 901545.25, "root_mean_squared_error": 949.4973754882812, "val_loss": 901287.125, "val_mae": 948.8818359375, "val_mse": 901286.75, "val_root_mean_squared_error": 949.3612060546875, "lr": 9.999999747378752e-06, "_runtime": 54.378188610076904, "_step": 99, "best_val_loss": 901287.125, "best_epoch": 17, "_wandb": {"runtime": 52}}