{"graph": {"_type": "graph-file", "sha256": "2806361edcc2491ac9397af29333085b69587905c7dcc620ae32fa65480af696", "size": 579, "path": "media/graph/graph_summary_2806361edcc2491ac939.graph.json"}, "epoch": 49, "_timestamp": 1681576759.9598162, "loss": 0.00430611427873373, "mae": 0.05011221021413803, "mse": 0.0033567019272595644, "val_loss": 0.004327636212110519, "val_mae": 0.050028350204229355, "val_mse": 0.003379140980541706, "lr": 9.999999747378752e-06, "_runtime": 101.27949523925781, "_step": 49, "best_val_loss": 0.004327636212110519, "best_epoch": 49, "_wandb": {"runtime": 101}}