{"graph": {"_type": "graph-file", "sha256": "91cbcf33022116b3b9c2d98087da8f51ac4dd56e4b0c6c76182620485ffe7f3b", "size": 513, "path": "media/graph/graph_summary_91cbcf33022116b3b9c2.graph.json"}, "epoch": 149, "_timestamp": 1684590323.2447095, "loss": 0.00759282847866416, "mae": 0.07540649175643921, "mse": 0.00759282847866416, "val_loss": 0.007646247744560242, "val_mae": 0.07594582438468933, "val_mse": 0.007646247744560242, "lr": 0.0001346875069430098, "_runtime": 8256.443471431732, "_step": 149, "best_val_loss": 0.00764408428221941, "best_epoch": 97, "_wandb": {"runtime": 8255}}