{"graph": {"_type": "graph-file", "sha256": "2910eba9003358c5f98da7e9c12e27bbd61ff5182315926c931febaf8b665ab2", "size": 722, "path": "media/graph/graph_summary_2910eba9003358c5f98d.graph.json"}, "epoch": 49, "_timestamp": 1680964718.6114938, "loss": 0.0008192589739337564, "mae": 0.02471626177430153, "mse": 0.0008192368550226092, "val_loss": 0.000865262234583497, "val_mae": 0.02566288225352764, "val_mse": 0.0008652401738800108, "lr": 9.999999747378752e-06, "_runtime": 54.339921712875366, "_step": 49, "best_val_loss": 0.000865262234583497, "best_epoch": 49, "_wandb": {"runtime": 54}}