{"graph": {"_type": "graph-file", "sha256": "b1394f6ac533335fb212020ac6f35e5421f16e5eb784a19f319fca6203007e7f", "size": 1020, "path": "media/graph/graph_summary_b1394f6ac533335fb212.graph.json"}, "epoch": 29, "_timestamp": 1681904005.1827898, "loss": 0.0019143902463838458, "mae": 0.03787212818861008, "mse": 0.0019143781391903758, "val_loss": 0.001950209029018879, "val_mae": 0.03829868882894516, "val_mse": 0.0019501936621963978, "lr": 9.999999747378752e-06, "_runtime": 106.33079481124878, "_step": 269, "best_val_loss": 0.0019498436013236642, "best_epoch": 13, "_wandb": {"runtime": 105}}