{"graph": {"_type": "graph-file", "sha256": "d21a6d221035a4e2faa1fe2c38a9dbcdd075891c704e483907f4254c1d82478f", "size": 593, "path": "media/graph/graph_summary_d21a6d221035a4e2faa1.graph.json"}, "epoch": 149, "_timestamp": 1681586356.716886, "loss": 0.0018625217489898205, "mae": 0.03663833811879158, "mse": 0.0018128816736862063, "val_loss": 0.0018990928074344993, "val_mae": 0.03703776001930237, "val_mse": 0.0018494202522560954, "lr": 9.999999747378752e-06, "_runtime": 209.30868697166443, "_step": 149, "best_val_loss": 0.0018990928074344993, "best_epoch": 149, "_wandb": {"runtime": 209}}