{"graph": {"_type": "graph-file", "sha256": "97cd6750b9113bed84483a6b8a6e9a1d1f14ca8f78c6a29aacf419f070768ae3", "size": 579, "path": "media/graph/graph_summary_97cd6750b9113bed8448.graph.json"}, "epoch": 9, "_timestamp": 1682359093.702778, "loss": 0.002303645946085453, "mae": 0.03797177970409393, "mse": 0.0019590340089052916, "root_mean_squared_error": 0.04426097497344017, "coeff_determination": -0.06260694563388824, "val_loss": 0.001996637089177966, "val_mae": 0.037697792053222656, "val_mse": 0.0019100840436294675, "val_root_mean_squared_error": 0.04370450973510742, "val_coeff_determination": -975.2838745117188, "lr": 0.09925000369548798, "_runtime": 6.762228012084961, "_step": 9, "best_val_loss": 0.0019744301680475473, "best_epoch": 6, "_wandb": {"runtime": 5}}