{"graph": {"_type": "graph-file", "sha256": "b316eee0dfc40bd7c8e1929c43f8e902fe191e80a511242ecb95b21fce8e25cb", "size": 877, "path": "media/graph/graph_summary_b316eee0dfc40bd7c8e1.graph.json"}, "epoch": 49, "_timestamp": 1681827114.931491, "loss": 0.0019143573008477688, "mae": 0.037871647626161575, "mse": 0.0019143525278195739, "val_loss": 0.0019500934286043048, "val_mae": 0.038299694657325745, "val_mse": 0.0019500888884067535, "lr": 9.999999747378752e-06, "_runtime": 274.63434290885925, "_step": 449, "best_val_loss": 0.0019496893510222435, "best_epoch": 14, "_wandb": {"runtime": 273}}