{"graph": {"_type": "graph-file", "sha256": "cd2fdc98842f75ff43805143b0ee0c63a2fbb3579c3ed7e1864999cbf9e4d162", "size": 593, "path": "media/graph/graph_summary_cd2fdc98842f75ff4380.graph.json"}, "epoch": 699, "_timestamp": 1684452936.8986502, "loss": 0.0002744075027294457, "mae": 0.012894462794065475, "mse": 0.00022302816796582192, "root_mean_squared_error": 0.01493412721902132, "val_loss": 0.00028464835486374795, "val_mae": 0.013284032233059406, "val_mse": 0.00023327105736825615, "val_root_mean_squared_error": 0.015273213386535645, "lr": 9.999999747378752e-06, "_runtime": 476.3114502429962, "_step": 699, "best_val_loss": 0.00028464835486374795, "best_epoch": 699, "_wandb": {"runtime": 474}}