{"graph": {"_type": "graph-file", "sha256": "4efc66b791d8b4b60cd6bd9190f068ae2e8fbec2b1c2a4f7bf8da92fceb5f8ba", "size": 590, "path": "media/graph/graph_summary_4efc66b791d8b4b60cd6.graph.json"}, "epoch": 49, "_timestamp": 1680963223.8426065, "loss": 0.0003121783956885338, "mae": 0.013577901758253574, "mse": 0.0003121783956885338, "val_loss": 0.0003547792148310691, "val_mae": 0.014630874618887901, "val_mse": 0.0003547792148310691, "lr": 9.999999747378752e-06, "_runtime": 55.43226957321167, "_step": 49, "best_val_loss": 0.0003547792148310691, "best_epoch": 49, "_wandb": {"runtime": 55}}