{"graph": {"_type": "graph-file", "sha256": "9bc7189b24d497184a211ecf0c9990edd106176e780992dcbe4311c61618a83a", "size": 593, "path": "media/graph/graph_summary_9bc7189b24d497184a21.graph.json"}, "epoch": 199, "_timestamp": 1684401760.110448, "loss": 0.01945188269019127, "mae": 0.10414178669452667, "mse": 0.01856561191380024, "root_mean_squared_error": 0.13625568151474, "val_loss": 0.018873782828450203, "val_mae": 0.10281539708375931, "val_mse": 0.017983950674533844, "val_root_mean_squared_error": 0.13410425186157227, "lr": 0.00016679687541909516, "_runtime": 801.9454209804535, "_step": 199, "best_val_loss": 0.01883414015173912, "best_epoch": 195, "_wandb": {"runtime": 800}}