{"graph": {"_type": "graph-file", "sha256": "00ba84b5b80064de14c15dc66ab6c65c3e81717400a83b76d23583317d2f6a44", "size": 1096, "path": "media/graph/graph_summary_00ba84b5b80064de14c1.graph.json"}, "epoch": 0, "_timestamp": 1684866974.7308745, "loss": 0.018829382956027985, "mae": 0.09577535092830658, "mse": 0.018829382956027985, "root_mean_squared_error": 0.13722023367881775, "val_loss": 0.006661188323050737, "val_mae": 0.06780456751585007, "val_mse": 0.006661188323050737, "val_root_mean_squared_error": 0.0816161036491394, "lr": 0.013378029689192772, "_runtime": 6.145821571350098, "_step": 0, "best_val_loss": 0.006661188323050737, "best_epoch": 0}