{"graph": {"_type": "graph-file", "sha256": "7865ada92dc327ce6622c0d47e1261e26b16c3e0f828a979428735ca32b0e05a", "size": 962, "path": "media/graph/graph_summary_7865ada92dc327ce6622.graph.json"}, "epoch": 19, "_timestamp": 1682670707.1930165, "loss": 0.007567142602056265, "mae": 0.07518515735864639, "mse": 0.007567142602056265, "root_mean_squared_error": 0.08698932826519012, "val_loss": 0.007510020397603512, "val_mae": 0.07456815987825394, "val_mse": 0.007510020397603512, "val_root_mean_squared_error": 0.08666037023067474, "lr": 0.014045455493032932, "_runtime": 811.2070424556732, "_step": 179, "best_val_loss": 0.007510020397603512, "best_epoch": 0, "_wandb": {"runtime": 809}}