{"graph": {"_type": "graph-file", "sha256": "50c0ac54b12eaef92caa2bb76e95c30e19f641047844ef9ce739012bbf621497", "size": 740, "path": "media/graph/graph_summary_50c0ac54b12eaef92caa.graph.json"}, "epoch": 0, "_timestamp": 1681052571.7201357, "loss": 9.92358684539795, "mae": 0.07532690465450287, "mse": 0.01849709451198578, "val_loss": 7.253535747528076, "val_mae": 0.030095582827925682, "val_mse": 0.0012590240221470594, "lr": 0.0010000000474974513, "_runtime": 4.187867641448975, "_step": 0, "best_val_loss": 7.253535747528076, "best_epoch": 0, "_wandb": {"runtime": 4}}