{"graph": {"_type": "graph-file", "sha256": "270d7efe005ab41e3f1a950e1ff63d7588c75044119188123434a2b8ab028922", "size": 593, "path": "media/graph/graph_summary_270d7efe005ab41e3f1a.graph.json"}, "epoch": 699, "_timestamp": 1684450055.2916873, "loss": 0.0015609362162649632, "mae": 0.026949651539325714, "mse": 0.001316290581598878, "root_mean_squared_error": 0.03628071770071983, "val_loss": 0.0016748972702771425, "val_mae": 0.028099920600652695, "val_mse": 0.0014302941272035241, "val_root_mean_squared_error": 0.03781922906637192, "lr": 9.999999747378752e-06, "_runtime": 470.23532223701477, "_step": 699, "best_val_loss": 0.0016740848077461123, "best_epoch": 697, "_wandb": {"runtime": 468}}