{"graph": {"_type": "graph-file", "sha256": "2910eba9003358c5f98da7e9c12e27bbd61ff5182315926c931febaf8b665ab2", "size": 722, "path": "media/graph/graph_summary_2910eba9003358c5f98d.graph.json"}, "epoch": 0, "_timestamp": 1680802305.1570027, "loss": 9.951651573181152, "mae": 0.02700747735798359, "mse": 0.0012701844098046422, "val_loss": 7.309967041015625, "val_mae": 0.02399023249745369, "val_mse": 0.0007882568752393126, "lr": 0.0010000000474974513, "_runtime": 2.5170485973358154, "_step": 0, "best_val_loss": 7.309967041015625, "best_epoch": 0, "_wandb": {"runtime": 2}}