{"graph": {"_type": "graph-file", "sha256": "8ff178f5a85fb3c6bfc764feed3e23bec9b3a8c7f21531e2ccda6ce32294d127", "size": 775, "path": "media/graph/graph_summary_8ff178f5a85fb3c6bfc7.graph.json"}, "epoch": 29, "_timestamp": 1682710752.5686007, "loss": 0.8553482890129089, "mae": 0.9238153100013733, "mse": 0.8553482890129089, "root_mean_squared_error": 0.9248504042625427, "val_loss": 0.8565239310264587, "val_mae": 0.924432098865509, "val_mse": 0.8565239310264587, "val_root_mean_squared_error": 0.9254856705665588, "lr": 0.011947933584451675, "_runtime": 324.3122537136078, "_step": 269, "best_val_loss": 0.007489706389605999, "best_epoch": 0, "_wandb": {"runtime": 323}}