{"graph": {"_type": "graph-file", "sha256": "dd5e40f9554f0059afc33a00737cc3926b9c39abeeefcf1816cde3023151145c", "size": 513, "path": "media/graph/graph_summary_dd5e40f9554f0059afc3.graph.json"}, "epoch": 149, "_timestamp": 1683522634.0495996, "loss": 0.00012589601101353765, "mae": 0.008202938362956047, "mse": 0.00012589601101353765, "root_mean_squared_error": 0.011220338754355907, "val_loss": 0.0001314473047386855, "val_mae": 0.008334971033036709, "val_mse": 0.0001314473047386855, "val_root_mean_squared_error": 0.011465047486126423, "lr": 0.0021550001110881567, "_runtime": 6845.243706703186, "_step": 149, "best_val_loss": 0.00012744960258714855, "best_epoch": 148, "_wandb": {"runtime": 6843}}