{"graph": {"_type": "graph-file", "sha256": "b0e991419d33b8f9c145667fc3dc680a07142ed57013a1d3ab881f78806acf0c", "size": 593, "path": "media/graph/graph_summary_b0e991419d33b8f9c145.graph.json"}, "epoch": 49, "_timestamp": 1681745297.2028, "loss": 0.0013809691881760955, "mae": 0.02962651289999485, "mse": 0.0012785975122824311, "val_loss": 0.001387027557939291, "val_mae": 0.029878508299589157, "val_mse": 0.0012846175814047456, "lr": 9.999999747378752e-06, "_runtime": 172.28231596946716, "_step": 449, "best_val_loss": 0.0009850099449977279, "best_epoch": 39, "_wandb": {"runtime": 171}}