{"graph": {"_type": "graph-file", "sha256": "0efca3fad46de98b1536a47803916b90aefc68391323e2569b408868cb4128b3", "size": 590, "path": "media/graph/graph_summary_0efca3fad46de98b1536.graph.json"}, "epoch": 49, "_timestamp": 1680962350.8040812, "loss": 0.0007955267210491002, "mae": 0.02433932200074196, "mse": 0.0007955267210491002, "val_loss": 0.0008390637231059372, "val_mae": 0.025199972093105316, "val_mse": 0.0008390637231059372, "lr": 9.999999747378752e-06, "_runtime": 75.05191826820374, "_step": 49, "best_val_loss": 0.0008390637231059372, "best_epoch": 49, "_wandb": {"runtime": 74}}