{"graph": {"_type": "graph-file", "sha256": "1334b8fd63645a0f2b98a61d5f53e5b66a54de58ba8ab06b9a2b348ce23878c7", "size": 886, "path": "media/graph/graph_summary_1334b8fd63645a0f2b98.graph.json"}, "epoch": 49, "_timestamp": 1680967043.1762671, "loss": 0.0008192723034881055, "mae": 0.02471633441746235, "mse": 0.0008192440145649016, "val_loss": 0.0008652773685753345, "val_mae": 0.025664083659648895, "val_mse": 0.0008652500109747052, "lr": 9.999999747378752e-06, "_runtime": 65.54833602905273, "_step": 49, "best_val_loss": 0.0008652531541883945, "best_epoch": 33, "_wandb": {"runtime": 64}}