{"graph": {"_type": "graph-file", "sha256": "c2730f699a8815555d62030bf12fb53135040e39d629e223366690c497265135", "size": 565, "path": "media/graph/graph_summary_c2730f699a8815555d62.graph.json"}, "epoch": 7, "_timestamp": 1682356763.3900645, "loss": 0.0013042147038504481, "mae": 0.025480324402451515, "mse": 0.0010494362795725465, "val_loss": 0.0011277184821665287, "val_mae": 0.023156704381108284, "val_mse": 0.000871318974532187, "lr": 0.09925000369548798, "_runtime": 8.760119438171387, "_step": 7, "best_val_loss": 0.0011277184821665287, "best_epoch": 7, "_wandb": {"runtime": 8}}