{"graph": {"_type": "graph-file", "sha256": "6b661ee68a9e83fb819a483f5a1668581ecbdd6399e744e8ec02dc700dc82bfe", "size": 593, "path": "media/graph/graph_summary_6b661ee68a9e83fb819a.graph.json"}, "epoch": 499, "_timestamp": 1684528629.4138274, "loss": 0.0012719073565676808, "mae": 0.026391038671135902, "mse": 0.0010580342495813966, "root_mean_squared_error": 0.032527439296245575, "val_loss": 0.0013079438358545303, "val_mae": 0.026889650151133537, "val_mse": 0.0010940753854811192, "val_root_mean_squared_error": 0.03307681158185005, "lr": 9.999999747378752e-06, "_runtime": 380.2444324493408, "_step": 499, "best_val_loss": 0.0013073041336610913, "best_epoch": 471, "_wandb": {"runtime": 378}}