{"graph": {"_type": "graph-file", "sha256": "e69dad264e70d5b54e07e1a9225fd75d5e30853f78f90278e365c352554c5dd6", "size": 593, "path": "media/graph/graph_summary_e69dad264e70d5b54e07.graph.json"}, "epoch": 49, "_timestamp": 1681827424.916077, "loss": 0.0020631542429327965, "mae": 0.03540998697280884, "mse": 0.0017093062633648515, "val_loss": 0.0020954334177076817, "val_mae": 0.03570175543427467, "val_mse": 0.0017404705286026, "lr": 9.999999747378752e-06, "_runtime": 291.9862639904022, "_step": 449, "best_val_loss": 0.001946333097293973, "best_epoch": 49, "_wandb": {"runtime": 291}}