{"graph": {"_type": "graph-file", "sha256": "4c8185c8f5e04e39cd8f5552d04239b6d1cd9a5441834b2fc4ce30fde6208e51", "size": 740, "path": "media/graph/graph_summary_4c8185c8f5e04e39cd8f.graph.json"}, "epoch": 99, "_timestamp": 1680793396.821775, "loss": 0.0018347230507060885, "mae": 0.024732427671551704, "mse": 0.0008199460571631789, "val_loss": 0.0018548445077612996, "val_mae": 0.025629030540585518, "val_mse": 0.0008655127603560686, "lr": 9.999999747378752e-06, "_runtime": 176.98765993118286, "_step": 99, "best_val_loss": 0.0018548445077612996, "best_epoch": 99, "_wandb": {"runtime": 177}}