{"graph": {"_type": "graph-file", "sha256": "9834f803ecaeab995a9d5ba351cd482d2b3c18197192235f6b8714b79da5eac5", "size": 1038, "path": "media/graph/graph_summary_9834f803ecaeab995a9d.graph.json"}, "epoch": 49, "_timestamp": 1680959488.9384992, "loss": 0.0013872244162485003, "mae": 0.02723962813615799, "mse": 0.0010694466764107347, "val_loss": 0.0011851164745166898, "val_mae": 0.025659974664449692, "val_mse": 0.0008694198331795633, "lr": 9.999999747378752e-06, "_runtime": 171.5458972454071, "_step": 49, "best_val_loss": 0.0011842316016554832, "best_epoch": 48, "_wandb": {"runtime": 170}}