{"graph": {"_type": "graph-file", "sha256": "4b917169baf388aa9f78f4e68d28deefd73ec9fffb913dd6e8defcd65f269af4", "size": 1395, "path": "media/graph/graph_summary_4b917169baf388aa9f78.graph.json"}, "epoch": 299, "_timestamp": 1684957191.7806942, "loss": 0.7132428884506226, "mae": 0.8399919867515564, "mse": 0.7132428884506226, "root_mean_squared_error": 0.8445370197296143, "val_loss": 0.713756799697876, "val_mae": 0.8404479026794434, "val_mse": 0.713756799697876, "val_root_mean_squared_error": 0.8448412418365479, "lr": 9.999999747378752e-06, "_runtime": 411.3880171775818, "_step": 299, "best_val_loss": 0.713756799697876, "best_epoch": 0, "_wandb": {"runtime": 410}}