{"graph": {"_type": "graph-file", "sha256": "160b13ac82f6dd89ffbcd38e8b455faa0c2cec679daeb59477099cc1e5f3b4e2", "size": 1092, "path": "media/graph/graph_summary_160b13ac82f6dd89ffbc.graph.json"}, "epoch": 149, "_timestamp": 1684228247.6858008, "loss": 5.5531825637444854e-05, "mae": 0.004359060898423195, "mse": 5.5531825637444854e-05, "root_mean_squared_error": 0.007451967801898718, "val_loss": 5.759281339123845e-05, "val_mae": 0.004465444479137659, "val_mse": 5.759281339123845e-05, "val_root_mean_squared_error": 0.007588993292301893, "lr": 0.00010451562411617488, "_runtime": 128.9926676750183, "_step": 149, "best_val_loss": 5.6585318816360086e-05, "best_epoch": 147, "_wandb": {"runtime": 127}}