{"graph": {"_type": "graph-file", "sha256": "6c09f8f3d60964fb4b3d78c5d7ff562b03bceaa111ed33b6559a4b6db253b3f1", "size": 1088, "path": "media/graph/graph_summary_6c09f8f3d60964fb4b3d.graph.json"}, "epoch": 49, "_timestamp": 1682775632.3966157, "loss": 0.00037141592474654317, "mae": 0.01519151870161295, "mse": 0.00037141592474654317, "root_mean_squared_error": 0.019272152334451675, "val_loss": 0.00026142055867239833, "val_mae": 0.012768281623721123, "val_mse": 0.00026142055867239833, "val_root_mean_squared_error": 0.0161685049533844, "lr": 0.017370838671922684, "_runtime": 382.2651917934418, "_step": 449, "best_val_loss": 0.00010357210703659803, "best_epoch": 48, "_wandb": {"runtime": 380}}