{"graph": {"_type": "graph-file", "sha256": "67e39dc95825729588e5ac36270606e1b7a4ca29510a9b637d14c325df2afab8", "size": 513, "path": "media/graph/graph_summary_67e39dc95825729588e5.graph.json"}, "epoch": 149, "_timestamp": 1683544050.1612117, "loss": 0.00016180686361622065, "mae": 0.008013106882572174, "mse": 0.00016180686361622065, "root_mean_squared_error": 0.012720332480967045, "val_loss": 0.00016330039943568408, "val_mae": 0.00841040164232254, "val_mse": 0.00016330039943568408, "val_root_mean_squared_error": 0.012778904289007187, "lr": 0.0010775000555440784, "_runtime": 6780.404176712036, "_step": 149, "best_val_loss": 0.00016028157551772892, "best_epoch": 148, "_wandb": {"runtime": 6779}}