{"graph": {"_type": "graph-file", "sha256": "5236bc5d13bda8b47106d185f503ca48468971f07b7cf224a8ed4d86f50e887b", "size": 431, "path": "media/graph/graph_summary_5236bc5d13bda8b47106.graph.json"}, "epoch": 149, "_timestamp": 1682581203.1464672, "loss": 0.0002701276680454612, "mae": 0.012501402758061886, "mse": 0.0002701276680454612, "root_mean_squared_error": 0.016435561701655388, "val_loss": 0.00027381445397622883, "val_mae": 0.013026852160692215, "val_mse": 0.00027381445397622883, "val_root_mean_squared_error": 0.016547339037060738, "lr": 0.0003745527646970004, "_runtime": 4813.1262991428375, "_step": 1349, "best_val_loss": 6.0474609199445695e-05, "best_epoch": 148, "_wandb": {"runtime": 4811}}