{"graph": {"_type": "graph-file", "sha256": "4b8bebba67c69112d4044524e5dd200f6e7d7f4fbbd92873f26b0b59d3f2afbf", "size": 740, "path": "media/graph/graph_summary_4b8bebba67c69112d404.graph.json"}, "epoch": 9, "_timestamp": 1680778337.0500233, "loss": 7.7932515144348145, "mae": 0.027071068063378334, "mse": 0.0010316903935745358, "val_loss": 7.63123893737793, "val_mae": 0.02720174938440323, "val_mse": 0.0009815898956730962, "lr": 9.999999747378752e-05, "_runtime": 16.889212369918823, "_step": 9, "best_val_loss": 7.63123893737793, "best_epoch": 9, "_wandb": {"runtime": 17}}