{"graph": {"_type": "graph-file", "sha256": "8daf7e86f159484d71e9f7b752a36cceda20c4c5aba79e1280e99f4f67d66bb9", "size": 593, "path": "media/graph/graph_summary_8daf7e86f159484d71e9.graph.json"}, "epoch": 299, "_timestamp": 1684508355.5871463, "loss": 0.0017551046330481768, "mae": 0.02860434539616108, "mse": 0.0014124608132988214, "root_mean_squared_error": 0.03758271783590317, "val_loss": 0.0016477430472150445, "val_mae": 0.02799610234797001, "val_mse": 0.0013051009736955166, "val_root_mean_squared_error": 0.03612618148326874, "lr": 9.999999747378752e-06, "_runtime": 113.99229431152344, "_step": 299, "best_val_loss": 0.0016475780867040157, "best_epoch": 297, "_wandb": {"runtime": 112}}