{"graph": {"_type": "graph-file", "sha256": "75392d8990f043329e5dc2bf9fcecb097c0f5dd75d79c6dc68580d2e66643c15", "size": 708, "path": "media/graph/graph_summary_75392d8990f043329e5d.graph.json"}, "epoch": 49, "_timestamp": 1681309740.7169998, "loss": 2.4685206413269043, "mae": 0.03423241898417473, "mse": 0.0015994322020560503, "val_loss": 2.4682328701019287, "val_mae": 0.03468320518732071, "val_mse": 0.0016358323628082871, "lr": 9.999999747378752e-06, "_runtime": 95.57286381721497, "_step": 49, "best_val_loss": 2.4682328701019287, "best_epoch": 49, "_wandb": {"runtime": 96}}