{"graph": {"_type": "graph-file", "sha256": "71626d30dff80c3cf8bb4b13d5f910acb9155256b8f38c179d4c734e295be014", "size": 565, "path": "media/graph/graph_summary_71626d30dff80c3cf8bb.graph.json"}, "epoch": 9, "_timestamp": 1682436825.699562, "loss": 0.0013258440885692835, "mae": 0.025710957124829292, "mse": 0.0010684153530746698, "root_mean_squared_error": 0.03268662467598915, "R2": 0.4155533015727997, "val_loss": 0.0011948083993047476, "val_mae": 0.02499397285282612, "val_mse": 0.000996450544334948, "val_root_mean_squared_error": 0.03156660497188568, "val_R2": -75.6771240234375, "lr": 0.09925000369548798, "_runtime": 9.923604011535645, "_step": 9, "best_val_loss": 0.0011948083993047476, "best_epoch": 9, "_wandb": {"runtime": 9}}