{"graph": {"_type": "graph-file", "sha256": "9b027d75ba2cbbff575340916a7f4c50b67cf4f897692fa54d7fe51443df7274", "size": 770, "path": "media/graph/graph_summary_9b027d75ba2cbbff5753.graph.json"}, "epoch": 149, "_timestamp": 1682707233.2995381, "loss": 0.007567143067717552, "mae": 0.07518517971038818, "mse": 0.007567143067717552, "root_mean_squared_error": 0.08698932826519012, "val_loss": 0.0075100199319422245, "val_mae": 0.07456816732883453, "val_mse": 0.0075100199319422245, "val_root_mean_squared_error": 0.08666037023067474, "lr": 9.999999747378752e-06, "_runtime": 835.7779631614685, "_step": 1349, "best_val_loss": 0.0075100199319422245, "best_epoch": 0, "_wandb": {"runtime": 834}}