{"graph": {"_type": "graph-file", "sha256": "e69dad264e70d5b54e07e1a9225fd75d5e30853f78f90278e365c352554c5dd6", "size": 593, "path": "media/graph/graph_summary_e69dad264e70d5b54e07.graph.json"}, "epoch": 149, "_timestamp": 1681921317.1016564, "loss": 0.0009618791518732905, "mae": 0.0233828816562891, "mse": 0.0008820280199870467, "val_loss": 0.000941457983572036, "val_mae": 0.023391423746943474, "val_mse": 0.0008619714644737542, "lr": 2.1235333406366408e-05, "_runtime": 264.5659554004669, "_step": 1349, "best_val_loss": 0.00045248668175190687, "best_epoch": 141, "_wandb": {"runtime": 263}}