{"graph": {"_type": "graph-file", "sha256": "11d901694bbcdf0cedaf33080226f27cdeb61547d6a657cd4426a5fc982e0ec6", "size": 875, "path": "media/graph/graph_summary_11d901694bbcdf0cedaf.graph.json"}, "epoch": 19, "_timestamp": 1681906155.2393634, "loss": 0.0019677758682519197, "mae": 0.03798214718699455, "mse": 0.0019267820753157139, "val_loss": 0.0020010829903185368, "val_mae": 0.038359712809324265, "val_mse": 0.0019677397795021534, "lr": 0.05118211731314659, "_runtime": 119.81004452705383, "_step": 179, "best_val_loss": 0.0019496092572808266, "best_epoch": 14, "_wandb": {"runtime": 119}}