{"graph": {"_type": "graph-file", "sha256": "4a961c34c93686fe0f528dc4c678cbb358101a74adfbbb7fc449d08df6272787", "size": 439, "path": "media/graph/graph_summary_4a961c34c93686fe0f52.graph.json"}, "epoch": 149, "_timestamp": 1682565381.0883787, "loss": 0.0012769639724865556, "mae": 0.02949766255915165, "mse": 0.0012769639724865556, "root_mean_squared_error": 0.0357346273958683, "val_loss": 0.0012636661995202303, "val_mae": 0.029637176543474197, "val_mse": 0.0012636661995202303, "val_root_mean_squared_error": 0.035548076033592224, "lr": 9.999999747378752e-06, "_runtime": 2989.3908336162567, "_step": 1349, "best_val_loss": 9.074871741177049e-06, "best_epoch": 141, "_wandb": {"runtime": 2988}}