{"graph": {"_type": "graph-file", "sha256": "9bc7189b24d497184a211ecf0c9990edd106176e780992dcbe4311c61618a83a", "size": 593, "path": "media/graph/graph_summary_9bc7189b24d497184a21.graph.json"}, "epoch": 299, "_timestamp": 1684430605.5341246, "loss": 0.0014936274383217096, "mae": 0.026678474619984627, "mse": 0.0013207681477069855, "root_mean_squared_error": 0.036342374980449677, "val_loss": 0.0015516176354140043, "val_mae": 0.027131790295243263, "val_mse": 0.001378632034175098, "val_root_mean_squared_error": 0.03712993487715721, "lr": 9.999999747378752e-06, "_runtime": 203.5735046863556, "_step": 299, "best_val_loss": 0.0015512980753555894, "best_epoch": 294, "_wandb": {"runtime": 202}}