{"graph": {"_type": "graph-file", "sha256": "c32428d287406381d2718861ee671115bb1e128e3ce39d0ddf9f33cb16f978fd", "size": 740, "path": "media/graph/graph_summary_c32428d287406381d271.graph.json"}, "epoch": 0, "_timestamp": 1680802373.2845886, "loss": 10.212066650390625, "mae": 0.09065179526805878, "mse": 0.025205979123711586, "val_loss": 7.506999969482422, "val_mae": 0.09681569784879684, "val_mse": 0.010412028059363365, "lr": 0.0010000000474974513, "_runtime": 2.0854415893554688, "_step": 0, "best_val_loss": 7.506999969482422, "best_epoch": 0, "_wandb": {"runtime": 1}}