{"graph": {"_type": "graph-file", "sha256": "26ca914b4a27ada56d381e1c00b1ff78e41e0fef1f0ea54bfbbfea187841bd83", "size": 1096, "path": "media/graph/graph_summary_26ca914b4a27ada56d38.graph.json"}, "epoch": 149, "_timestamp": 1683670226.373705, "loss": 0.003418753622099757, "mae": 0.05062279477715492, "mse": 0.003418753622099757, "root_mean_squared_error": 0.058470115065574646, "val_loss": 0.0034186244010925293, "val_mae": 0.050690434873104095, "val_mse": 0.0034186244010925293, "val_root_mean_squared_error": 0.058469001203775406, "lr": 9.999999747378752e-06, "_runtime": 1117.1457288265228, "_step": 1499, "best_val_loss": 0.0034184518735855818, "best_epoch": 146, "_wandb": {"runtime": 1116}}