{"graph": {"_type": "graph-file", "sha256": "aa6b37f1a81d9d733d7c7aa1b6a1c366144faa804bfaaded310267b734d6ef7f", "size": 513, "path": "media/graph/graph_summary_aa6b37f1a81d9d733d7c.graph.json"}, "epoch": 149, "_timestamp": 1683587971.893236, "loss": 1.0081407708639745e-05, "mae": 0.0022147330455482006, "mse": 1.0081407708639745e-05, "root_mean_squared_error": 0.003175123129040003, "val_loss": 9.527982911095023e-06, "val_mae": 0.0022047385573387146, "val_mse": 9.527982911095023e-06, "val_root_mean_squared_error": 0.003086743177846074, "lr": 0.0001346875069430098, "_runtime": 7042.055840015411, "_step": 149, "best_val_loss": 9.464552022109274e-06, "best_epoch": 139, "_wandb": {"runtime": 7040}}