{"graph": {"_type": "graph-file", "sha256": "6e7c22b5a11a33f58f8fa772e0863a1cabeb3f712b39e03255b11679244a03a0", "size": 440, "path": "media/graph/graph_summary_6e7c22b5a11a33f58f8f.graph.json"}, "epoch": 149, "_timestamp": 1683057968.610141, "loss": 1.9537217667675577e-05, "mae": 0.0034475908614695072, "mse": 1.9537217667675577e-05, "root_mean_squared_error": 0.004420092329382896, "val_loss": 1.9166154743288644e-05, "val_mae": 0.0034346720203757286, "val_mse": 1.9166154743288644e-05, "val_root_mean_squared_error": 0.00437791645526886, "lr": 0.0002693750138860196, "_runtime": 1860.1393101215363, "_step": 149, "best_val_loss": 1.9166154743288644e-05, "best_epoch": 149, "_wandb": {"runtime": 1859}}