{"graph": {"_type": "graph-file", "sha256": "9bc7189b24d497184a211ecf0c9990edd106176e780992dcbe4311c61618a83a", "size": 593, "path": "media/graph/graph_summary_9bc7189b24d497184a21.graph.json"}, "epoch": 299, "_timestamp": 1684509879.6023011, "loss": 0.00144874001853168, "mae": 0.025190355256199837, "mse": 0.001216322765685618, "root_mean_squared_error": 0.03487582132220268, "val_loss": 0.001624273951165378, "val_mae": 0.027424361556768417, "val_mse": 0.0013918549520894885, "val_root_mean_squared_error": 0.03730757161974907, "lr": 9.999999747378752e-06, "_runtime": 178.29550623893738, "_step": 299, "best_val_loss": 0.001624120632186532, "best_epoch": 294, "_wandb": {"runtime": 176}}