{"graph": {"_type": "graph-file", "sha256": "9eb265a373347b90d3a078cbf2eba6f3621443bec68c0a4c0b554fa5c3bf99fa", "size": 740, "path": "media/graph/graph_summary_9eb265a373347b90d3a0.graph.json"}, "epoch": 0, "_timestamp": 1681052528.301128, "loss": 9.864794731140137, "mae": 0.04406453296542168, "mse": 0.005380581133067608, "val_loss": 7.2262115478515625, "val_mae": 0.024964313954114914, "val_mse": 0.0008326182723976672, "lr": 0.0010000000474974513, "_runtime": 4.89252495765686, "_step": 0, "best_val_loss": 7.2262115478515625, "best_epoch": 0, "_wandb": {"runtime": 5}}