{"graph": {"_type": "graph-file", "sha256": "b355f792e7c11b43ece1359a8046b24730837eb1d31f45f522e23d688fa07d6e", "size": 487, "path": "media/graph/graph_summary_b355f792e7c11b43ece1.graph.json"}, "epoch": 19, "_timestamp": 1682440027.688965, "loss": 0.0011373282177373767, "mae": 0.027256662026047707, "mse": 0.0011373282177373767, "root_mean_squared_error": 0.03372429683804512, "val_loss": 0.0008911045733839273, "val_mae": 0.02530304342508316, "val_mse": 0.0008911045733839273, "val_root_mean_squared_error": 0.02985137142241001, "lr": 0.06896000355482101, "_runtime": 30.254755973815918, "_step": 19, "best_val_loss": 0.0008911045733839273, "best_epoch": 19, "_wandb": {"runtime": 30}}