{"graph": {"_type": "graph-file", "sha256": "b0e991419d33b8f9c145667fc3dc680a07142ed57013a1d3ab881f78806acf0c", "size": 593, "path": "media/graph/graph_summary_b0e991419d33b8f9c145.graph.json"}, "epoch": 29, "_timestamp": 1681908768.6704617, "loss": 0.0012969939270988107, "mae": 0.029120080173015594, "mse": 0.0012335797073319554, "val_loss": 0.001275059301406145, "val_mae": 0.029094984754920006, "val_mse": 0.0012128242524340749, "lr": 0.000446650868980214, "_runtime": 193.1276307106018, "_step": 269, "best_val_loss": 0.0008098042453639209, "best_epoch": 25, "_wandb": {"runtime": 192}}