{"graph": {"_type": "graph-file", "sha256": "50c0ac54b12eaef92caa2bb76e95c30e19f641047844ef9ce739012bbf621497", "size": 740, "path": "media/graph/graph_summary_50c0ac54b12eaef92caa.graph.json"}, "epoch": 0, "_timestamp": 1680802361.1289654, "loss": 10.073453903198242, "mae": 0.08236350119113922, "mse": 0.01724894344806671, "val_loss": 7.382883071899414, "val_mae": 0.03828863799571991, "val_mse": 0.002229074016213417, "lr": 0.0010000000474974513, "_runtime": 2.124922275543213, "_step": 0, "best_val_loss": 7.382883071899414, "best_epoch": 0, "_wandb": {"runtime": 1}}