{"graph": {"_type": "graph-file", "sha256": "bf313fde9c8fa2243d70be2e3acb33767f4d6d77d94dfe71a988b5ebbeee72a2", "size": 772, "path": "media/graph/graph_summary_bf313fde9c8fa2243d70.graph.json"}, "epoch": 49, "_timestamp": 1682713830.017678, "loss": 0.8115812540054321, "mae": 0.899814784526825, "mse": 0.8115812540054321, "root_mean_squared_error": 0.9008778929710388, "val_loss": 0.8127270340919495, "val_mae": 0.9004319310188293, "val_mse": 0.8127270340919495, "val_root_mean_squared_error": 0.9015136957168579, "lr": 0.0032230899669229984, "_runtime": 176.58080291748047, "_step": 449, "best_val_loss": 0.004492980428040028, "best_epoch": 0, "_wandb": {"runtime": 175}}