{"graph": {"_type": "graph-file", "sha256": "27c5d7819ce561a5403e4afeba735456b1eb39e6f92976330971467468a118db", "size": 740, "path": "media/graph/graph_summary_27c5d7819ce561a5403e.graph.json"}, "epoch": 1, "_timestamp": 1680804668.8879867, "loss": 4.950111389160156, "mae": 0.4145648777484894, "mse": 0.17270474135875702, "val_loss": 3.6913931369781494, "val_mae": 0.41511231660842896, "val_mse": 0.17313341796398163, "lr": 0.0010000000474974513, "_runtime": 4.679725646972656, "_step": 1, "best_val_loss": 3.6913931369781494, "best_epoch": 1, "_wandb": {"runtime": 4}}