{"graph": {"_type": "graph-file", "sha256": "805d5485ec34b8f8ad6cdf4a76b08d6731c1da5dd0bd33cc6008185d72e09a8b", "size": 579, "path": "media/graph/graph_summary_805d5485ec34b8f8ad6c.graph.json"}, "epoch": 49, "_timestamp": 1681823827.9685595, "loss": 0.0021071191877126694, "mae": 0.037174809724092484, "mse": 0.001856012619100511, "val_loss": 0.002138119423761964, "val_mae": 0.037624791264534, "val_mse": 0.0018880120478570461, "lr": 9.999999747378752e-06, "_runtime": 76.4883885383606, "_step": 49, "best_val_loss": 0.002138119423761964, "best_epoch": 49, "_wandb": {"runtime": 76}}