{"graph": {"_type": "graph-file", "sha256": "176169cf2e260c4e7952ee4b83eff6f50cad3ac87c622524399efdf7ec9ca59a", "size": 593, "path": "media/graph/graph_summary_176169cf2e260c4e7952.graph.json"}, "epoch": 299, "_timestamp": 1684510488.4325073, "loss": 0.0013679149560630322, "mae": 0.02592778205871582, "mse": 0.0008830257575027645, "root_mean_squared_error": 0.029715748503804207, "val_loss": 0.0012983597116544843, "val_mae": 0.02424413152039051, "val_mse": 0.0008134846575558186, "val_root_mean_squared_error": 0.02852165326476097, "lr": 9.999999747378752e-06, "_runtime": 508.82410526275635, "_step": 299, "best_val_loss": 0.0012983597116544843, "best_epoch": 299, "_wandb": {"runtime": 508}}