{"graph": {"_type": "graph-file", "sha256": "12cd71f6af10afc4bce983deb3f74d52b1da90464f0d67221fc7698c5f4952ad", "size": 593, "path": "media/graph/graph_summary_12cd71f6af10afc4bce9.graph.json"}, "epoch": 9, "_timestamp": 1682437387.9123437, "loss": 0.0022932859137654305, "mae": 0.035157885402441025, "mse": 0.0017688279040157795, "root_mean_squared_error": 0.04205743595957756, "val_loss": 0.00210871291346848, "val_mae": 0.032257914543151855, "val_mse": 0.001518422388471663, "val_root_mean_squared_error": 0.038966938853263855, "lr": 0.09925000369548798, "_runtime": 10.722179651260376, "_step": 9, "best_val_loss": 0.0019920584745705128, "best_epoch": 3, "_wandb": {"runtime": 9}}