{"graph": {"_type": "graph-file", "sha256": "65a644856511e013daeeb8a86882d4dbeba9e535843d05eba135d1a1a55b0643", "size": 882, "path": "media/graph/graph_summary_65a644856511e013daee.graph.json"}, "epoch": 199, "_timestamp": 1681903134.634498, "loss": 0.0019143560202792287, "mae": 0.03787102922797203, "mse": 0.0019143471727147698, "val_loss": 0.0019499678164720535, "val_mae": 0.03830110281705856, "val_mse": 0.0019499582704156637, "lr": 9.999999747378752e-06, "_runtime": 174.57864594459534, "_step": 1799, "best_val_loss": 0.0019498589681461453, "best_epoch": 20, "_wandb": {"runtime": 173}}