{"graph": {"_type": "graph-file", "sha256": "5c37bc0f69694c32b66c136b737fd634bdf80f1327ad848ea4e0f460930cf092", "size": 1030, "path": "media/graph/graph_summary_5c37bc0f69694c32b66c.graph.json"}, "epoch": 49, "_timestamp": 1680888596.154388, "loss": 0.22334729135036469, "mae": 0.023972824215888977, "mse": 0.0008455227944068611, "val_loss": 0.2219669073820114, "val_mae": 0.022141801193356514, "val_mse": 0.0006741206743754447, "lr": 9.999999747378752e-06, "_runtime": 107.78808093070984, "_step": 49, "best_val_loss": 0.2219669073820114, "best_epoch": 49, "_wandb": {"runtime": 108}}