{"graph": {"_type": "graph-file", "sha256": "a5099b7ac0216a0561c9813cf83f3cb6dff7e85d85092033693a7c3908ee180f", "size": 597, "path": "media/graph/graph_summary_a5099b7ac0216a0561c9.graph.json"}, "epoch": 49, "_timestamp": 1682690867.3141947, "loss": 0.0020104513969272375, "mae": 0.03790775313973427, "mse": 0.0019176524365320802, "val_loss": 0.002047340152785182, "val_mae": 0.03830564022064209, "val_mse": 0.0019558940548449755, "lr": 6.25000029685907e-05, "_runtime": 95.0372326374054, "_step": 49, "best_val_loss": 0.002047340152785182, "best_epoch": 49, "_wandb": {"runtime": 94}}