{"graph": {"_type": "graph-file", "sha256": "b0e991419d33b8f9c145667fc3dc680a07142ed57013a1d3ab881f78806acf0c", "size": 593, "path": "media/graph/graph_summary_b0e991419d33b8f9c145.graph.json"}, "epoch": 19, "_timestamp": 1681916763.948231, "loss": 0.0014807764673605561, "mae": 0.0302226934581995, "mse": 0.0013373767724260688, "val_loss": 0.0016948552802205086, "val_mae": 0.03377224877476692, "val_mse": 0.0016060782363638282, "lr": 0.09127398580312729, "_runtime": 51.60469889640808, "_step": 179, "best_val_loss": 0.00115920917596668, "best_epoch": 15, "_wandb": {"runtime": 50}}