{"graph": {"_type": "graph-file", "sha256": "50984b1d0f1677e958ccf2ba28943c5d56af91573abb3cef4c56b249b5efe22e", "size": 593, "path": "media/graph/graph_summary_50984b1d0f1677e958cc.graph.json"}, "epoch": 9, "_timestamp": 1681748610.5646265, "loss": 0.005775126162916422, "mae": 0.03859749808907509, "mse": 0.002017541090026498, "val_loss": 0.005480644293129444, "val_mae": 0.03900494426488876, "val_mse": 0.0020774088334292173, "lr": 0.0005000000237487257, "_runtime": 16.16698145866394, "_step": 9, "best_val_loss": 0.005480644293129444, "best_epoch": 9, "_wandb": {"runtime": 16}}