{"graph": {"_type": "graph-file", "sha256": "9bc7189b24d497184a211ecf0c9990edd106176e780992dcbe4311c61618a83a", "size": 593, "path": "media/graph/graph_summary_9bc7189b24d497184a21.graph.json"}, "epoch": 0, "_timestamp": 1684529444.8787591, "loss": 0.020418250933289528, "mae": 0.07211687415838242, "mse": 0.009742862544953823, "root_mean_squared_error": 0.09870593994855881, "val_loss": 0.004582572262734175, "val_mae": 0.04982423037290573, "val_mse": 0.0033475267700850964, "val_root_mean_squared_error": 0.05785781517624855, "lr": 0.04270000010728836, "_runtime": 4.022001028060913, "_step": 0, "best_val_loss": 0.004582572262734175, "best_epoch": 0}