{"graph": {"_type": "graph-file", "sha256": "c32428d287406381d2718861ee671115bb1e128e3ce39d0ddf9f33cb16f978fd", "size": 740, "path": "media/graph/graph_summary_c32428d287406381d271.graph.json"}, "epoch": 1, "_timestamp": 1680804653.4754608, "loss": 4.947247505187988, "mae": 0.3645648658275604, "mse": 0.13364450633525848, "val_loss": 3.6821608543395996, "val_mae": 0.3651123046875, "val_mse": 0.13405494391918182, "lr": 0.0010000000474974513, "_runtime": 5.314141750335693, "_step": 1, "best_val_loss": 3.6821608543395996, "best_epoch": 1, "_wandb": {"runtime": 4}}