{"graph": {"_type": "graph-file", "sha256": "50c0ac54b12eaef92caa2bb76e95c30e19f641047844ef9ce739012bbf621497", "size": 740, "path": "media/graph/graph_summary_50c0ac54b12eaef92caa.graph.json"}, "epoch": 99, "_timestamp": 1680793661.878129, "loss": 0.0013092069420963526, "mae": 0.024758994579315186, "mse": 0.000822200789116323, "val_loss": 0.001354129402898252, "val_mae": 0.02566383220255375, "val_mse": 0.0008652475662529469, "lr": 9.999999747378752e-06, "_runtime": 170.44633197784424, "_step": 99, "best_val_loss": 0.001354129402898252, "best_epoch": 99, "_wandb": {"runtime": 170}}