{"graph": {"_type": "graph-file", "sha256": "c132a5585912016b7bb96a9d02cc4da60a5c6c3e56d9a611988a23dde51d251c", "size": 597, "path": "media/graph/graph_summary_c132a5585912016b7bb9.graph.json"}, "epoch": 49, "_timestamp": 1682688944.663285, "loss": 0.0019188410369679332, "mae": 0.0378686748445034, "mse": 0.0019149220315739512, "val_loss": 0.0019559182692319155, "val_mae": 0.03829418867826462, "val_mse": 0.0019526524702087045, "lr": 6.25000029685907e-05, "_runtime": 94.3469169139862, "_step": 49, "best_val_loss": 0.001953947125002742, "best_epoch": 46, "_wandb": {"runtime": 93}}