{"graph": {"_type": "graph-file", "sha256": "68b02e771716f3691059b7c87feb4e7bdb52932286aaeacdbdcdadff983e3d72", "size": 590, "path": "media/graph/graph_summary_68b02e771716f3691059.graph.json"}, "epoch": 49, "_timestamp": 1680963336.3348897, "loss": 0.00033080606954172254, "mae": 0.014111312106251717, "mse": 0.00033080606954172254, "val_loss": 0.00037839447031728923, "val_mae": 0.015176907181739807, "val_mse": 0.00037839447031728923, "lr": 9.999999747378752e-06, "_runtime": 53.26149559020996, "_step": 49, "best_val_loss": 0.00037839447031728923, "best_epoch": 49, "_wandb": {"runtime": 53}}