{"graph": {"_type": "graph-file", "sha256": "9feef145822f073f3cf38cd50bf072fdb6c93468b3432c151b428384f20e1179", "size": 1096, "path": "media/graph/graph_summary_9feef145822f073f3cf3.graph.json"}, "epoch": 149, "_timestamp": 1684866741.0833752, "loss": 0.0002495442167855799, "mae": 0.012189839966595173, "mse": 0.0002495442167855799, "root_mean_squared_error": 0.015796968713402748, "val_loss": 0.00027052342193201184, "val_mae": 0.012473385781049728, "val_mse": 0.00027052342193201184, "val_root_mean_squared_error": 0.01644759811460972, "lr": 0.00020903171389363706, "_runtime": 198.46337223052979, "_step": 149, "best_val_loss": 0.0002647058281581849, "best_epoch": 147, "_wandb": {"runtime": 196}}