{"graph": {"_type": "graph-file", "sha256": "810560ac3c9872ad47416045a4e7c7635e16c4a46c5530b425008f2eb9562ffc", "size": 766, "path": "media/graph/graph_summary_810560ac3c9872ad4741.graph.json"}, "epoch": 149, "_timestamp": 1682787670.9684732, "loss": 0.007567142602056265, "mae": 0.07518515735864639, "mse": 0.007567142602056265, "root_mean_squared_error": 0.08698932826519012, "val_loss": 0.007510020397603512, "val_mae": 0.07456816732883453, "val_mse": 0.007510020397603512, "val_root_mean_squared_error": 0.08666037023067474, "lr": 9.999999747378752e-06, "_runtime": 550.2008221149445, "_step": 1349, "best_val_loss": 0.007510020397603512, "best_epoch": 0, "_wandb": {"runtime": 548}}