{"graph": {"_type": "graph-file", "sha256": "3265e49f4247976015e1d98e09a5a1fb686bf5ee85681815d29545a0ea51f909", "size": 770, "path": "media/graph/graph_summary_3265e49f4247976015e1.graph.json"}, "epoch": 19, "_timestamp": 1682258199.736687, "loss": 0.007567143067717552, "mae": 0.07518515735864639, "mse": 0.007567143067717552, "val_loss": 0.0075100199319422245, "val_mae": 0.07456815987825394, "val_mse": 0.0075100199319422245, "lr": 9.999999747378752e-06, "_runtime": 73.06806087493896, "_step": 179, "best_val_loss": 0.0075100199319422245, "best_epoch": 0, "_wandb": {"runtime": 72}}