{"graph": {"_type": "graph-file", "sha256": "13cc9d213ce53f9451335d5160382a418665b1d4ed7ef7535b4bec399b0c6331", "size": 770, "path": "media/graph/graph_summary_13cc9d213ce53f945133.graph.json"}, "epoch": 29, "_timestamp": 1682260603.8616197, "loss": 0.00756714167073369, "mae": 0.07518516480922699, "mse": 0.00756714167073369, "val_loss": 0.007510020397603512, "val_mae": 0.07456816732883453, "val_mse": 0.007510020397603512, "lr": 9.999999747378752e-06, "_runtime": 104.25943875312805, "_step": 269, "best_val_loss": 0.007510020397603512, "best_epoch": 0, "_wandb": {"runtime": 103}}