{"graph": {"_type": "graph-file", "sha256": "80af2be372625c44c3a71c89b7728bbda8e8593f4d5bd4386bdc64f4be69e19c", "size": 590, "path": "media/graph/graph_summary_80af2be372625c44c3a7.graph.json"}, "epoch": 49, "_timestamp": 1682690312.5562234, "loss": 0.0019154493929818273, "mae": 0.037879008799791336, "mse": 0.001915173139423132, "val_loss": 0.0019499958725646138, "val_mae": 0.038303572684526443, "val_mse": 0.0019497786415740848, "lr": 6.25000029685907e-05, "_runtime": 70.24806547164917, "_step": 49, "best_val_loss": 0.0019497841130942106, "best_epoch": 47, "_wandb": {"runtime": 69}}