{"graph": {"_type": "graph-file", "sha256": "270d7efe005ab41e3f1a950e1ff63d7588c75044119188123434a2b8ab028922", "size": 593, "path": "media/graph/graph_summary_270d7efe005ab41e3f1a.graph.json"}, "epoch": 299, "_timestamp": 1684502045.834329, "loss": 0.002071704715490341, "mae": 0.02907089702785015, "mse": 0.0016321149887517095, "root_mean_squared_error": 0.04039944335818291, "val_loss": 0.0019257337553426623, "val_mae": 0.027893880382180214, "val_mse": 0.0014861408853903413, "val_root_mean_squared_error": 0.038550496101379395, "lr": 9.999999747378752e-06, "_runtime": 128.14426684379578, "_step": 299, "best_val_loss": 0.0019255962688475847, "best_epoch": 297, "_wandb": {"runtime": 126}}