{"graph": {"_type": "graph-file", "sha256": "9f6bbf800ccb589b6afdbf46587ac909043e0c8fc89c3aa52b064683afb95744", "size": 767, "path": "media/graph/graph_summary_9f6bbf800ccb589b6afd.graph.json"}, "epoch": 149, "_timestamp": 1682710096.5516412, "loss": 0.007567141205072403, "mae": 0.07518515735864639, "mse": 0.007567141205072403, "root_mean_squared_error": 0.08698932081460953, "val_loss": 0.0075100199319422245, "val_mae": 0.07456817477941513, "val_mse": 0.0075100199319422245, "val_root_mean_squared_error": 0.08666037023067474, "lr": 9.999999747378752e-06, "_runtime": 582.173582315445, "_step": 1349, "best_val_loss": 0.0075100199319422245, "best_epoch": 0, "_wandb": {"runtime": 580}}