{"graph": {"_type": "graph-file", "sha256": "2d0c9f433d8633aa22e1ac9fd90bdf2170af312da82f083dacf692c72f863b04", "size": 1095, "path": "media/graph/graph_summary_2d0c9f433d8633aa22e1.graph.json"}, "epoch": 49, "_timestamp": 1682750080.871891, "loss": 0.0019355540862306952, "mae": 0.038081832230091095, "mse": 0.0019355538534000516, "root_mean_squared_error": 0.043994929641485214, "val_loss": 0.0019694622606039047, "val_mae": 0.03851151466369629, "val_mse": 0.0019694622606039047, "val_root_mean_squared_error": 0.044378627091646194, "lr": 0.0042715719901025295, "_runtime": 253.1836290359497, "_step": 449, "best_val_loss": 0.0019387876382097602, "best_epoch": 40, "_wandb": {"runtime": 251}}