{"graph": {"_type": "graph-file", "sha256": "53327df67fab608e789734dd6b852e43a577bbdcee7db9281da5f8bc1e3b0c6e", "size": 841, "path": "media/graph/graph_summary_53327df67fab608e7897.graph.json"}, "epoch": 0, "_timestamp": 1681836563.9666972, "loss": 2.1514716148376465, "mae": 0.06723196059465408, "mse": 0.01161899883300066, "val_loss": 0.6835116147994995, "val_mae": 0.046425964683294296, "val_mse": 0.0032036821357905865, "lr": 0.09648432582616806, "_runtime": 4.6270811557769775, "_step": 0, "best_val_loss": 0.6835116147994995, "best_epoch": 0}