{"graph": {"_type": "graph-file", "sha256": "2806361edcc2491ac9397af29333085b69587905c7dcc620ae32fa65480af696", "size": 579, "path": "media/graph/graph_summary_2806361edcc2491ac939.graph.json"}, "epoch": 9, "_timestamp": 1681748388.8260005, "loss": 0.004697256255894899, "mae": 0.05036785826086998, "mse": 0.003385381307452917, "val_loss": 0.004641896113753319, "val_mae": 0.05048752203583717, "val_mse": 0.003437115577980876, "lr": 0.0005000000237487257, "_runtime": 17.87343740463257, "_step": 9, "best_val_loss": 0.004641896113753319, "best_epoch": 9, "_wandb": {"runtime": 17}}