{"graph": {"_type": "graph-file", "sha256": "0aefe818bd72f5996af43d11f603b720f44ba087f2d08bd572ce3fd873a74083", "size": 593, "path": "media/graph/graph_summary_0aefe818bd72f5996af4.graph.json"}, "epoch": 29, "_timestamp": 1681746197.2566597, "loss": 0.001925187767483294, "mae": 0.03786791115999222, "mse": 0.0019142614910379052, "val_loss": 0.0019625164568424225, "val_mae": 0.03829669579863548, "val_mse": 0.001953263534232974, "lr": 0.00016480268095619977, "_runtime": 26.57761573791504, "_step": 269, "best_val_loss": 0.0018209172412753105, "best_epoch": 29, "_wandb": {"runtime": 25}}