{"graph": {"_type": "graph-file", "sha256": "79a0657a7070e9178386a4bee149bed48cd3365ea4d2444092089a97125bc383", "size": 1036, "path": "media/graph/graph_summary_79a0657a7070e9178386.graph.json"}, "epoch": 14, "_timestamp": 1680881427.2800443, "loss": 0.14054575562477112, "mae": 0.02462850883603096, "mse": 0.0008147641201503575, "val_loss": 0.1350652128458023, "val_mae": 0.025598715990781784, "val_mse": 0.000864824338350445, "lr": 6.25000029685907e-05, "_runtime": 43.71041822433472, "_step": 14, "best_val_loss": 0.1350652128458023, "best_epoch": 14, "_wandb": {"runtime": 44}}