{"graph": {"_type": "graph-file", "sha256": "428d43ed4ba55bd25f52d194ff345c5907a27f8043c5b04fe59c6e24e8072621", "size": 569, "path": "media/graph/graph_summary_428d43ed4ba55bd25f52.graph.json"}, "epoch": 2, "_timestamp": 1684185270.7225702, "loss": 0.2823922336101532, "mae": 0.06658779084682465, "mse": 0.005341261625289917, "val_loss": 0.14625683426856995, "val_mae": 0.062249597162008286, "val_mse": 0.004635120742022991, "lr": 0.0010000000474974513, "_runtime": 9.43139123916626, "_step": 2, "best_val_loss": 0.14625683426856995, "best_epoch": 2, "_wandb": {"runtime": 8}}