{"graph": {"_type": "graph-file", "sha256": "d9568f8ed18515ea59e1ff445b0471c1f68fef775d08a6e45e17c9236e7d6d31", "size": 485, "path": "media/graph/graph_summary_d9568f8ed18515ea59e1.graph.json"}, "epoch": 49, "_timestamp": 1683140029.240763, "loss": 0.003413101891055703, "mae": 0.050532810389995575, "mse": 0.003413101891055703, "root_mean_squared_error": 0.05842176452279091, "val_loss": 0.0034111039713025093, "val_mae": 0.05062118545174599, "val_mse": 0.0034111039713025093, "val_root_mean_squared_error": 0.05840465798974037, "lr": 9.999999747378752e-06, "_runtime": 788.9516129493713, "_step": 499, "best_val_loss": 0.003391729900613427, "best_epoch": 6, "_wandb": {"runtime": 787}}