{"graph": {"_type": "graph-file", "sha256": "e027374d2b47a8edb3609d05133118bdd70c025a72df35c8fed936c41f4cbcfa", "size": 1103, "path": "media/graph/graph_summary_e027374d2b47a8edb360.graph.json"}, "epoch": 29, "_timestamp": 1682747947.04927, "loss": 0.0019470083061605692, "mae": 0.03814258798956871, "mse": 0.0019470080733299255, "root_mean_squared_error": 0.044124916195869446, "val_loss": 0.0023832591250538826, "val_mae": 0.041161324828863144, "val_mse": 0.002383258892223239, "val_root_mean_squared_error": 0.04881863296031952, "lr": 0.006686495617032051, "_runtime": 258.01516485214233, "_step": 269, "best_val_loss": 0.0019496142631396651, "best_epoch": 12, "_wandb": {"runtime": 256}}