{"graph": {"_type": "graph-file", "sha256": "0aefe818bd72f5996af43d11f603b720f44ba087f2d08bd572ce3fd873a74083", "size": 593, "path": "media/graph/graph_summary_0aefe818bd72f5996af4.graph.json"}, "epoch": 149, "_timestamp": 1681842150.5543537, "loss": 0.0019143392564728856, "mae": 0.03787117451429367, "mse": 0.0019143387908115983, "val_loss": 0.001950018689967692, "val_mae": 0.03830042853951454, "val_mse": 0.001950018689967692, "lr": 9.999999747378752e-06, "_runtime": 321.5591456890106, "_step": 1349, "best_val_loss": 0.0007777686114422977, "best_epoch": 117, "_wandb": {"runtime": 319}}