{"graph": {"_type": "graph-file", "sha256": "b0e991419d33b8f9c145667fc3dc680a07142ed57013a1d3ab881f78806acf0c", "size": 593, "path": "media/graph/graph_summary_b0e991419d33b8f9c145.graph.json"}, "epoch": 29, "_timestamp": 1681909813.4534507, "loss": 0.0012708243448287249, "mae": 0.02863219380378723, "mse": 0.001198856276459992, "val_loss": 0.0012497202260419726, "val_mae": 0.028607770800590515, "val_mse": 0.0011766967363655567, "lr": 0.0002634759293869138, "_runtime": 202.05894660949707, "_step": 269, "best_val_loss": 0.000854362384416163, "best_epoch": 29, "_wandb": {"runtime": 200}}