{"graph": {"_type": "graph-file", "sha256": "bf17a904ca6c8a3637c5f68fe8b9be4530bd526b621618bd59fb446f7a694ea9", "size": 1078, "path": "media/graph/graph_summary_bf17a904ca6c8a3637c5.graph.json"}, "epoch": 149, "_timestamp": 1684870421.9987164, "loss": 4.0004077163757756e-05, "mae": 0.004634367302060127, "mse": 4.0004077163757756e-05, "root_mean_squared_error": 0.006324877496808767, "val_loss": 4.5087039325153455e-05, "val_mae": 0.004896172787994146, "val_mse": 4.5087039325153455e-05, "val_root_mean_squared_error": 0.0067146881483495235, "lr": 5.2257928473409265e-05, "_runtime": 109.80624628067017, "_step": 149, "best_val_loss": 4.4947202695766464e-05, "best_epoch": 147, "_wandb": {"runtime": 108}}