{"graph": {"_type": "graph-file", "sha256": "6e2a4c489b09488fb24055a3729bc45d81530040df0a3c96c2dd53db0537c52d", "size": 593, "path": "media/graph/graph_summary_6e2a4c489b09488fb240.graph.json"}, "epoch": 149, "_timestamp": 1682023439.2051172, "loss": 0.0009092097170650959, "mae": 0.022854983806610107, "mse": 0.0008270501857623458, "val_loss": 0.0009006158215925097, "val_mae": 0.02304685488343239, "val_mse": 0.0008182860910892487, "lr": 1.5384752259706147e-05, "_runtime": 709.2490241527557, "_step": 1349, "best_val_loss": 0.00043403211748227477, "best_epoch": 143, "_wandb": {"runtime": 708}}