{"graph": {"_type": "graph-file", "sha256": "27c5d7819ce561a5403e4afeba735456b1eb39e6f92976330971467468a118db", "size": 740, "path": "media/graph/graph_summary_27c5d7819ce561a5403e.graph.json"}, "epoch": 49, "_timestamp": 1681319803.1111882, "loss": 1.9350714683532715, "mae": 0.04162783548235893, "mse": 0.002454889938235283, "val_loss": 1.9348827600479126, "val_mae": 0.04202732816338539, "val_mse": 0.002520414534956217, "lr": 9.999999747378752e-06, "_runtime": 57.281532287597656, "_step": 49, "best_val_loss": 1.9348827600479126, "best_epoch": 49, "_wandb": {"runtime": 56}}