{"graph": {"_type": "graph-file", "sha256": "c2730f699a8815555d62030bf12fb53135040e39d629e223366690c497265135", "size": 565, "path": "media/graph/graph_summary_c2730f699a8815555d62.graph.json"}, "epoch": 149, "_timestamp": 1681924340.833112, "loss": 0.0006091452669352293, "mae": 0.017555300146341324, "mse": 0.0005421635578386486, "val_loss": 0.0006116486620157957, "val_mae": 0.017750345170497894, "val_mse": 0.0005444636335596442, "lr": 2.4230957933468744e-05, "_runtime": 97.65679502487183, "_step": 149, "best_val_loss": 0.0006107593653723598, "best_epoch": 131, "_wandb": {"runtime": 97}}