{"graph": {"_type": "graph-file", "sha256": "bcd5ffc01127c2eeed43cbdabaf6e9a2c7d24ea94c65c850c2532c291bdad3df", "size": 467, "path": "media/graph/graph_summary_bcd5ffc01127c2eeed43.graph.json"}, "epoch": 149, "_timestamp": 1682431338.9087627, "loss": 0.0015344081912189722, "mae": 0.03326285630464554, "mse": 0.0015344081912189722, "root_mean_squared_error": 0.039171524345874786, "R2": -7.3526129722595215, "val_loss": 0.0015516640851274133, "val_mae": 0.03346317633986473, "val_mse": 0.0015516640851274133, "val_root_mean_squared_error": 0.0393911674618721, "val_R2": -1989.93798828125, "lr": 9.999999747378752e-06, "_runtime": 332.7696077823639, "_step": 149, "best_val_loss": 0.0015516640851274133, "best_epoch": 149, "_wandb": {"runtime": 334}}