{"graph": {"_type": "graph-file", "sha256": "b316eee0dfc40bd7c8e1929c43f8e902fe191e80a511242ecb95b21fce8e25cb", "size": 877, "path": "media/graph/graph_summary_b316eee0dfc40bd7c8e1.graph.json"}, "epoch": 199, "_timestamp": 1681903785.6322665, "loss": 0.0020885257981717587, "mae": 0.0378970205783844, "mse": 0.001916527864523232, "val_loss": 0.0021251761354506016, "val_mae": 0.03829595819115639, "val_mse": 0.0019530775025486946, "lr": 9.999999747378752e-06, "_runtime": 363.82525157928467, "_step": 1799, "best_val_loss": 0.0019496490713208914, "best_epoch": 23, "_wandb": {"runtime": 363}}