{"graph": {"_type": "graph-file", "sha256": "c5b057b72f41d98af8db19cadee829de01d335e60b4e9af36b3a2bf83f23e484", "size": 1028, "path": "media/graph/graph_summary_c5b057b72f41d98af8db.graph.json"}, "epoch": 14, "_timestamp": 1680881268.931346, "loss": 0.37563857436180115, "mae": 0.023847633972764015, "mse": 0.0007697506807744503, "val_loss": 0.36493080854415894, "val_mae": 0.0248409491032362, "val_mse": 0.0008292204001918435, "lr": 6.25000029685907e-05, "_runtime": 32.92126202583313, "_step": 14, "best_val_loss": 0.36493080854415894, "best_epoch": 14, "_wandb": {"runtime": 33}}