{"graph": {"_type": "graph-file", "sha256": "dd5e40f9554f0059afc33a00737cc3926b9c39abeeefcf1816cde3023151145c", "size": 513, "path": "media/graph/graph_summary_dd5e40f9554f0059afc3.graph.json"}, "epoch": 199, "_timestamp": 1683926931.7037077, "loss": 7.658437243662775e-05, "mae": 0.006725321523845196, "mse": 7.658437243662775e-05, "root_mean_squared_error": 0.008751249872148037, "val_loss": 7.593067857669666e-05, "val_mae": 0.006715701427310705, "val_mse": 7.593067857669666e-05, "val_root_mean_squared_error": 0.008713820949196815, "lr": 0.0001346875069430098, "_runtime": 9744.78163075447, "_step": 199, "best_val_loss": 7.49022510717623e-05, "best_epoch": 189, "_wandb": {"runtime": 9743}}