{"graph": {"_type": "graph-file", "sha256": "f64dc3c80885127e0e16bb582ad9e1f649e3e819590122ca9108efd4ba6087c3", "size": 770, "path": "media/graph/graph_summary_f64dc3c80885127e0e16.graph.json"}, "epoch": 19, "_timestamp": 1682276127.8276298, "loss": 0.007567143999040127, "mae": 0.07518517225980759, "mse": 0.007567143999040127, "val_loss": 0.0075100199319422245, "val_mae": 0.07456815987825394, "val_mse": 0.0075100199319422245, "lr": 0.001081744208931923, "_runtime": 76.81574487686157, "_step": 179, "best_val_loss": 0.0075100199319422245, "best_epoch": 0, "_wandb": {"runtime": 76}}