{"graph": {"_type": "graph-file", "sha256": "176169cf2e260c4e7952ee4b83eff6f50cad3ac87c622524399efdf7ec9ca59a", "size": 593, "path": "media/graph/graph_summary_176169cf2e260c4e7952.graph.json"}, "epoch": 299, "_timestamp": 1684849723.1022546, "loss": 0.000706121907569468, "mae": 0.02120915986597538, "mse": 0.0006452544475905597, "root_mean_squared_error": 0.025401858612895012, "val_loss": 0.0007510472787544131, "val_mae": 0.022198382765054703, "val_mse": 0.0006901546148583293, "val_root_mean_squared_error": 0.02627079375088215, "lr": 9.999999747378752e-06, "_runtime": 120.93611264228821, "_step": 299, "best_val_loss": 0.0007508642156608403, "best_epoch": 286, "_wandb": {"runtime": 119}}