{"graph": {"_type": "graph-file", "sha256": "37f08558ab2bb07600bb6a25ec043c417949b12262773e0e74945f0ab3610e69", "size": 439, "path": "media/graph/graph_summary_37f08558ab2bb07600bb.graph.json"}, "epoch": 149, "_timestamp": 1682557931.174573, "loss": 0.00040012257522903383, "mae": 0.015391307882964611, "mse": 0.00040012257522903383, "root_mean_squared_error": 0.02000306360423565, "val_loss": 0.00038669389323331416, "val_mae": 0.015137147158384323, "val_mse": 0.00038669389323331416, "val_root_mean_squared_error": 0.01966453343629837, "lr": 9.999999747378752e-06, "_runtime": 10623.190289020538, "_step": 1349, "best_val_loss": 0.0003859121643472463, "best_epoch": 118, "_wandb": {"runtime": 10621}}