{"graph": {"_type": "graph-file", "sha256": "b0edf9c8fb3ee563266d2b9459b238a4dce1f3c7ea52e3e77e26b649401bd58d", "size": 768, "path": "media/graph/graph_summary_b0edf9c8fb3ee563266d.graph.json"}, "epoch": 29, "_timestamp": 1682717919.435306, "loss": 0.007567143067717552, "mae": 0.07518516480922699, "mse": 0.007567143067717552, "root_mean_squared_error": 0.08698932826519012, "val_loss": 0.007510020863264799, "val_mae": 0.07456816732883453, "val_mse": 0.007510020863264799, "val_root_mean_squared_error": 0.08666037768125534, "lr": 0.019710855558514595, "_runtime": 72.68778395652771, "_step": 269, "best_val_loss": 0.007510020863264799, "best_epoch": 0, "_wandb": {"runtime": 71}}