{"graph": {"_type": "graph-file", "sha256": "8daf7e86f159484d71e9f7b752a36cceda20c4c5aba79e1280e99f4f67d66bb9", "size": 593, "path": "media/graph/graph_summary_8daf7e86f159484d71e9.graph.json"}, "epoch": 299, "_timestamp": 1684848211.0666401, "loss": 0.0011584764579311013, "mae": 0.021839145570993423, "mse": 0.0009234513272531331, "root_mean_squared_error": 0.03038834221661091, "val_loss": 0.0011804701061919332, "val_mae": 0.022431550547480583, "val_mse": 0.0009454255923628807, "val_root_mean_squared_error": 0.030747773125767708, "lr": 9.999999747378752e-06, "_runtime": 206.9098961353302, "_step": 299, "best_val_loss": 0.0011802840745076537, "best_epoch": 298, "_wandb": {"runtime": 205}}