{"graph": {"_type": "graph-file", "sha256": "16ecfa3cac81f1273782278afab584fa57113f3a87a4b763ee360bb000c41a74", "size": 740, "path": "media/graph/graph_summary_16ecfa3cac81f1273782.graph.json"}, "epoch": 0, "_timestamp": 1680802523.8089044, "loss": 10.12584400177002, "mae": 0.05293596535921097, "mse": 0.008761153556406498, "val_loss": 7.446409225463867, "val_mae": 0.04020845517516136, "val_mse": 0.0021198501344770193, "lr": 0.0010000000474974513, "_runtime": 3.3103513717651367, "_step": 0, "best_val_loss": 7.446409225463867, "best_epoch": 0, "_wandb": {"runtime": 3}}