{"graph": {"_type": "graph-file", "sha256": "4a7e247ca246a5715e5962450e2335fdca4645e5fbf61f332e6979308215ec46", "size": 1094, "path": "media/graph/graph_summary_4a7e247ca246a5715e59.graph.json"}, "epoch": 49, "_timestamp": 1682752095.8656478, "loss": 0.0019182793330401182, "mae": 0.03790893778204918, "mse": 0.00191827944945544, "root_mean_squared_error": 0.04379816725850105, "val_loss": 0.001953904516994953, "val_mae": 0.03833960369229317, "val_mse": 0.001953904516994953, "val_root_mean_squared_error": 0.04420299082994461, "lr": 0.0001130521486629732, "_runtime": 181.11584377288818, "_step": 449, "best_val_loss": 0.0017288726521655917, "best_epoch": 47, "_wandb": {"runtime": 179}}