{"graph": {"_type": "graph-file", "sha256": "68b02e771716f3691059b7c87feb4e7bdb52932286aaeacdbdcdadff983e3d72", "size": 590, "path": "media/graph/graph_summary_68b02e771716f3691059.graph.json"}, "epoch": 49, "_timestamp": 1681066181.962581, "loss": 0.001772616058588028, "mae": 0.036143846809864044, "mse": 0.001772616058588028, "val_loss": 0.0018093818798661232, "val_mae": 0.03657145798206329, "val_mse": 0.0018093818798661232, "lr": 9.999999747378752e-06, "_runtime": 46.470786809921265, "_step": 49, "best_val_loss": 0.0018093816470354795, "best_epoch": 39, "_wandb": {"runtime": 45}}