{"graph": {"_type": "graph-file", "sha256": "123fded708c0159b99f12eb04c67b603344431f4db43aea9bbce33cb18af14cc", "size": 886, "path": "media/graph/graph_summary_123fded708c0159b99f1.graph.json"}, "epoch": 49, "_timestamp": 1681068741.0070364, "loss": 0.0019144669640809298, "mae": 0.037872299551963806, "mse": 0.0019144320394843817, "val_loss": 0.0019500902853906155, "val_mae": 0.038300007581710815, "val_mse": 0.0019500585040077567, "lr": 9.999999747378752e-06, "_runtime": 126.19906735420227, "_step": 49, "best_val_loss": 0.0019499502377584577, "best_epoch": 34, "_wandb": {"runtime": 125}}