{"graph": {"_type": "graph-file", "sha256": "420a2fcd2de43ee70c736e1eb41097fa31064d7aec06bd148979fdcdf4f22175", "size": 579, "path": "media/graph/graph_summary_420a2fcd2de43ee70c73.graph.json"}, "epoch": 9, "_timestamp": 1682437306.6101954, "loss": 0.001508251647464931, "mae": 0.02775881253182888, "mse": 0.001201875158585608, "root_mean_squared_error": 0.03466806933283806, "val_loss": 0.0012622600188478827, "val_mae": 0.02519696205854416, "val_mse": 0.0010339736472815275, "val_root_mean_squared_error": 0.032155461609363556, "lr": 0.09925000369548798, "_runtime": 8.803834438323975, "_step": 9, "best_val_loss": 0.0012622600188478827, "best_epoch": 9, "_wandb": {"runtime": 9}}