{"graph": {"_type": "graph-file", "sha256": "e69dad264e70d5b54e07e1a9225fd75d5e30853f78f90278e365c352554c5dd6", "size": 593, "path": "media/graph/graph_summary_e69dad264e70d5b54e07.graph.json"}, "epoch": 49, "_timestamp": 1681746440.3968277, "loss": 0.002238875487819314, "mae": 0.0369255505502224, "mse": 0.001831535599194467, "val_loss": 0.002275326056405902, "val_mae": 0.03728287294507027, "val_mse": 0.001868344028480351, "lr": 9.999999747378752e-06, "_runtime": 100.8157126903534, "_step": 449, "best_val_loss": 0.0019166001584380865, "best_epoch": 49, "_wandb": {"runtime": 100}}