{"graph": {"_type": "graph-file", "sha256": "f7a940c284da6ca0ce8c59269fe997559fd263dbe4f5f71a670af639be40282e", "size": 467, "path": "media/graph/graph_summary_f7a940c284da6ca0ce8c.graph.json"}, "epoch": 29, "_timestamp": 1682430988.0671778, "loss": 0.002104931278154254, "mae": 0.03905671089887619, "mse": 0.002104931278154254, "root_mean_squared_error": 0.045879531651735306, "R2": -0.1050846055150032, "val_loss": 0.001973438309505582, "val_mae": 0.038508813828229904, "val_mse": 0.001973438309505582, "val_root_mean_squared_error": 0.04442339763045311, "val_R2": -0.013635531067848206, "lr": 0.03138360381126404, "_runtime": 19.987226724624634, "_step": 29, "best_val_loss": 0.001951746759004891, "best_epoch": 23, "_wandb": {"runtime": 19}}