{"graph": {"_type": "graph-file", "sha256": "333c07b178e5e30d2b245d97bd52b292fb11b85741656242bccc3051bea6b5d3", "size": 431, "path": "media/graph/graph_summary_333c07b178e5e30d2b24.graph.json"}, "epoch": 19, "_timestamp": 1682570525.1982505, "loss": 0.0010715993121266365, "mae": 0.025514764711260796, "mse": 0.0010715993121266365, "root_mean_squared_error": 0.032735295593738556, "val_loss": 0.0010296590626239777, "val_mae": 0.02586210146546364, "val_mse": 0.0010296590626239777, "val_root_mean_squared_error": 0.03208830580115318, "lr": 0.03206893429160118, "_runtime": 264.2621314525604, "_step": 179, "best_val_loss": 3.35421682393644e-05, "best_epoch": 17, "_wandb": {"runtime": 263}}