{"graph": {"_type": "graph-file", "sha256": "11d901694bbcdf0cedaf33080226f27cdeb61547d6a657cd4426a5fc982e0ec6", "size": 875, "path": "media/graph/graph_summary_11d901694bbcdf0cedaf.graph.json"}, "epoch": 49, "_timestamp": 1681840066.4969974, "loss": 0.0019392031244933605, "mae": 0.0379299633204937, "mse": 0.0019208404701203108, "val_loss": 0.001978006213903427, "val_mae": 0.038315556943416595, "val_mse": 0.0019596447236835957, "lr": 1.3884313375456259e-05, "_runtime": 348.51316142082214, "_step": 449, "best_val_loss": 0.0019496445311233401, "best_epoch": 10, "_wandb": {"runtime": 343}}