{"graph": {"_type": "graph-file", "sha256": "1b5dd5e64520d63cb949bcfcd73da277510897a5d8adbe17e1a2ae8013ea82cb", "size": 770, "path": "media/graph/graph_summary_1b5dd5e64520d63cb949.graph.json"}, "epoch": 199, "_timestamp": 1682265428.401717, "loss": 0.007567140739411116, "mae": 0.07518516480922699, "mse": 0.007567140739411116, "val_loss": 0.007510020397603512, "val_mae": 0.07456815987825394, "val_mse": 0.007510020397603512, "lr": 9.999999747378752e-06, "_runtime": 812.688894033432, "_step": 1799, "best_val_loss": 0.007510020397603512, "best_epoch": 0, "_wandb": {"runtime": 811}}