{"graph": {"_type": "graph-file", "sha256": "74eb4da14a7946959beab73ae4b7d6b7e56fceec427c0e71a986e6b2ab3ab4cb", "size": 579, "path": "media/graph/graph_summary_74eb4da14a7946959bea.graph.json"}, "epoch": 499, "_timestamp": 1684490577.9477127, "loss": 0.0011852795723825693, "mae": 0.024660272523760796, "mse": 0.0010336486157029867, "root_mean_squared_error": 0.03215040639042854, "val_loss": 0.0013381249736994505, "val_mae": 0.026649726554751396, "val_mse": 0.0011864908738061786, "val_root_mean_squared_error": 0.03444547578692436, "lr": 9.999999747378752e-06, "_runtime": 114.80581474304199, "_step": 499, "best_val_loss": 0.0013379426673054695, "best_epoch": 493, "_wandb": {"runtime": 113}}