{"graph": {"_type": "graph-file", "sha256": "0b98770660a5ab31568ecdcfb3111f165a7accdc29877280b04a3195b3d33526", "size": 593, "path": "media/graph/graph_summary_0b98770660a5ab31568e.graph.json"}, "epoch": 199, "_timestamp": 1682960367.248843, "loss": 0.0018932349048554897, "mae": 0.03272305428981781, "mse": 0.0017179652350023389, "root_mean_squared_error": 0.04144834354519844, "val_loss": 0.0019352302188053727, "val_mae": 0.03312913328409195, "val_mse": 0.001759590464644134, "val_root_mean_squared_error": 0.04194747284054756, "lr": 9.999999747378752e-06, "_runtime": 2719.7268669605255, "_step": 1999, "best_val_loss": 0.001283795339986682, "best_epoch": 199, "_wandb": {"runtime": 2718}}