{"graph": {"_type": "graph-file", "sha256": "9ddb5ce411971f1d49672a7c8823691761f6e113ffb2ba88f02fb4e834056542", "size": 729, "path": "media/graph/graph_summary_9ddb5ce411971f1d4967.graph.json"}, "epoch": 49, "_timestamp": 1681054371.5214944, "loss": 0.0020724772475659847, "mae": 0.03789125382900238, "mse": 0.0019162758253514767, "val_loss": 0.0021070963703095913, "val_mae": 0.038293011486530304, "val_mse": 0.001950993319042027, "lr": 9.999999747378752e-06, "_runtime": 71.92386627197266, "_step": 49, "best_val_loss": 0.0021070963703095913, "best_epoch": 49, "_wandb": {"runtime": 71}}