{"graph": {"_type": "graph-file", "sha256": "3fa27562db42276a3c6c80b889eb3cb519769741f21b9336a997c0d3855809d1", "size": 988, "path": "media/graph/graph_summary_3fa27562db42276a3c6c.graph.json"}, "epoch": 49, "_timestamp": 1680882272.6431508, "loss": 0.008519161492586136, "mae": 0.02472149208188057, "mse": 0.0008196499547921121, "val_loss": 0.008433744311332703, "val_mae": 0.02566295862197876, "val_mse": 0.00086524075595662, "lr": 9.999999747378752e-06, "_runtime": 68.5568277835846, "_step": 49, "best_val_loss": 0.008433744311332703, "best_epoch": 49, "_wandb": {"runtime": 68}}