{"graph": {"_type": "graph-file", "sha256": "c9ad32051896bd881b12ce6dfeb4b1a79775c9fc2968af4613e963e8694f0289", "size": 731, "path": "media/graph/graph_summary_c9ad32051896bd881b12.graph.json"}, "epoch": 149, "_timestamp": 1682253063.65183, "loss": 0.8578819036483765, "mae": 0.9251850247383118, "mse": 0.8578819036483765, "val_loss": 0.8567758202552795, "val_mae": 0.9245681762695312, "val_mse": 0.8567758202552795, "lr": 9.999999747378752e-06, "_runtime": 60.374932050704956, "_step": 149, "best_val_loss": 0.8567758202552795, "best_epoch": 0, "_wandb": {"runtime": 59}}