{"graph": {"_type": "graph-file", "sha256": "68b02e771716f3691059b7c87feb4e7bdb52932286aaeacdbdcdadff983e3d72", "size": 590, "path": "media/graph/graph_summary_68b02e771716f3691059.graph.json"}, "epoch": 49, "_timestamp": 1681575992.2421975, "loss": 0.0020266820210963488, "mae": 0.03765775263309479, "mse": 0.0018969362135976553, "val_loss": 0.0020649598445743322, "val_mae": 0.03806000202894211, "val_mse": 0.0019359756261110306, "lr": 9.999999747378752e-06, "_runtime": 72.79697847366333, "_step": 49, "best_val_loss": 0.0020649598445743322, "best_epoch": 49, "_wandb": {"runtime": 72}}