{"graph": {"_type": "graph-file", "sha256": "f51767143ea3f2f6ee022a2bbf988ab46e493acf22afc5a592b33cf10d99f618", "size": 770, "path": "media/graph/graph_summary_f51767143ea3f2f6ee02.graph.json"}, "epoch": 19, "_timestamp": 1682783842.3113654, "loss": 0.8388004302978516, "mae": 0.9148147106170654, "mse": 0.8388004302978516, "root_mean_squared_error": 0.9158604145050049, "val_loss": 0.8399651646614075, "val_mae": 0.915431797504425, "val_mse": 0.8399651646614075, "val_root_mean_squared_error": 0.9164960980415344, "lr": 0.026583703234791756, "_runtime": 397.32886028289795, "_step": 179, "best_val_loss": 0.006230939645320177, "best_epoch": 16, "_wandb": {"runtime": 396}}