{"graph": {"_type": "graph-file", "sha256": "e4def95dab38e204f9cc3d9217ce00f5a4c813a6188e60bf39be3292617d8dfd", "size": 1185, "path": "media/graph/graph_summary_e4def95dab38e204f9cc.graph.json"}, "epoch": 49, "_timestamp": 1681070255.2460992, "loss": 0.0019144773250445724, "mae": 0.03787202388048172, "mse": 0.0019144420512020588, "val_loss": 0.0019499948248267174, "val_mae": 0.03830108046531677, "val_mse": 0.0019499596673995256, "lr": 9.999999747378752e-06, "_runtime": 99.44063019752502, "_step": 49, "best_val_loss": 0.0019499326590448618, "best_epoch": 39, "_wandb": {"runtime": 98}}