{"graph": {"_type": "graph-file", "sha256": "453629ece7c19dc579d6470d7dfbed534b7e4f78ce823592f211637e80f18864", "size": 586, "path": "media/graph/graph_summary_453629ece7c19dc579d6.graph.json"}, "epoch": 9, "_timestamp": 1682359126.961283, "loss": 0.002096859272569418, "mae": 0.03820876404643059, "mse": 0.0019709498155862093, "root_mean_squared_error": 0.04439537972211838, "coeff_determination": -0.06505408883094788, "val_loss": 0.002020469633862376, "val_mae": 0.038366012275218964, "val_mse": 0.0019688585307449102, "val_root_mean_squared_error": 0.044371820986270905, "val_coeff_determination": -1004.27294921875, "lr": 0.09925000369548798, "_runtime": 6.157608985900879, "_step": 9, "best_val_loss": 0.001984121510758996, "best_epoch": 6, "_wandb": {"runtime": 4}}