{"graph": {"_type": "graph-file", "sha256": "b1394f6ac533335fb212020ac6f35e5421f16e5eb784a19f319fca6203007e7f", "size": 1020, "path": "media/graph/graph_summary_b1394f6ac533335fb212.graph.json"}, "epoch": 49, "_timestamp": 1681897098.3687627, "loss": 0.001953780185431242, "mae": 0.03788567706942558, "mse": 0.0019170679152011871, "val_loss": 0.0019885580986738205, "val_mae": 0.03831031173467636, "val_mse": 0.0019496147288009524, "lr": 0.00040350595372729003, "_runtime": 171.10035872459412, "_step": 449, "best_val_loss": 0.0019496472086757421, "best_epoch": 31, "_wandb": {"runtime": 170}}