{"graph": {"_type": "graph-file", "sha256": "a08b533769a8ef6254b803f12c994e6b1b805a21260144814b0df7d153d2e0c1", "size": 733, "path": "media/graph/graph_summary_a08b533769a8ef6254b8.graph.json"}, "epoch": 199, "_timestamp": 1681921799.3092573, "loss": 0.0019143358804285526, "mae": 0.0378710962831974, "mse": 0.0019143358804285526, "val_loss": 0.0019499988993629813, "val_mae": 0.038300640881061554, "val_mse": 0.0019499988993629813, "lr": 9.999999747378752e-06, "_runtime": 214.57128715515137, "_step": 1799, "best_val_loss": 0.0019496091408655047, "best_epoch": 68, "_wandb": {"runtime": 213}}