{"graph": {"_type": "graph-file", "sha256": "2f1c3be67e581b08a3a47ac1a644fe539ceb73b26e0fc978d89873fab65df5f5", "size": 768, "path": "media/graph/graph_summary_2f1c3be67e581b08a3a4.graph.json"}, "epoch": 19, "_timestamp": 1682718443.0850747, "loss": 0.007567142602056265, "mae": 0.07518515735864639, "mse": 0.007567142602056265, "root_mean_squared_error": 0.08698932826519012, "val_loss": 0.007510020863264799, "val_mae": 0.07456815987825394, "val_mse": 0.007510020863264799, "val_root_mean_squared_error": 0.08666037768125534, "lr": 0.01287324819713831, "_runtime": 61.07173275947571, "_step": 179, "best_val_loss": 0.007510020863264799, "best_epoch": 0, "_wandb": {"runtime": 59}}