{"graph": {"_type": "graph-file", "sha256": "f125091312d1f35ffb6ed28f3962f467a77d2518a3578a86b0914831c018391b", "size": 514, "path": "media/graph/graph_summary_f125091312d1f35ffb6e.graph.json"}, "epoch": 149, "_timestamp": 1684774711.2488868, "loss": 7.721284055151045e-05, "mae": 0.006703963037580252, "mse": 7.721284055151045e-05, "val_loss": 7.2655406256672e-05, "val_mae": 0.006429845001548529, "val_mse": 7.2655406256672e-05, "lr": 0.0005387500277720392, "_runtime": 1990.9625318050385, "_step": 149, "best_val_loss": 7.042409561108798e-05, "best_epoch": 146, "_wandb": {"runtime": 1989}}