{"graph": {"_type": "graph-file", "sha256": "c6d503f86f78d4fd10a788fb1f61986fe34bd78dc03217c7428ec89bc81e633e", "size": 1133, "path": "media/graph/graph_summary_c6d503f86f78d4fd10a7.graph.json"}, "epoch": 49, "_timestamp": 1681307027.2653143, "loss": 0.0019143415847793221, "mae": 0.03787095472216606, "mse": 0.0019143415847793221, "val_loss": 0.0019499572226777673, "val_mae": 0.03830110654234886, "val_mse": 0.0019499572226777673, "lr": 9.999999747378752e-06, "_runtime": 22.60460138320923, "_step": 49, "best_val_loss": 0.001949669560417533, "best_epoch": 15, "_wandb": {"runtime": 22}}