{"graph": {"_type": "graph-file", "sha256": "5fcd1e487d1764ad15de2fa098e80a5c18120f4192d62db19268193cab9e3e8a", "size": 513, "path": "media/graph/graph_summary_5fcd1e487d1764ad15de.graph.json"}, "epoch": 149, "_timestamp": 1684022966.8250408, "loss": 8.604689355706796e-05, "mae": 0.006390392314642668, "mse": 8.604689355706796e-05, "root_mean_squared_error": 0.009276146069169044, "val_loss": 8.255272405222058e-05, "val_mae": 0.0062466030940413475, "val_mse": 8.255272405222058e-05, "val_root_mean_squared_error": 0.009085852652788162, "lr": 0.0010775000555440784, "_runtime": 6720.605496883392, "_step": 149, "best_val_loss": 8.203463949030265e-05, "best_epoch": 144, "_wandb": {"runtime": 6719}}