{"graph": {"_type": "graph-file", "sha256": "9eb265a373347b90d3a078cbf2eba6f3621443bec68c0a4c0b554fa5c3bf99fa", "size": 740, "path": "media/graph/graph_summary_9eb265a373347b90d3a0.graph.json"}, "epoch": 49, "_timestamp": 1681054475.9944673, "loss": 0.0021651936694979668, "mae": 0.03788413479924202, "mse": 0.0019164165714755654, "val_loss": 0.0022029706742614508, "val_mae": 0.03830520063638687, "val_mse": 0.00195574969984591, "lr": 9.999999747378752e-06, "_runtime": 63.5787353515625, "_step": 49, "best_val_loss": 0.002201278693974018, "best_epoch": 46, "_wandb": {"runtime": 62}}