{"graph": {"_type": "graph-file", "sha256": "ac300349698544c88226f8c0cf703b718a3a3e14677d79f0c5fc43d4637e909a", "size": 765, "path": "media/graph/graph_summary_ac300349698544c88226.graph.json"}, "epoch": 29, "_timestamp": 1682719513.6740966, "loss": 0.007567142602056265, "mae": 0.07518516480922699, "mse": 0.007567142602056265, "root_mean_squared_error": 0.08698932826519012, "val_loss": 0.0075100199319422245, "val_mae": 0.07456815987825394, "val_mse": 0.0075100199319422245, "val_root_mean_squared_error": 0.08666037023067474, "lr": 0.014117809012532234, "_runtime": 85.02814769744873, "_step": 269, "best_val_loss": 0.0075100199319422245, "best_epoch": 0, "_wandb": {"runtime": 83}}