{"graph": {"_type": "graph-file", "sha256": "de22b56f358365512a341e4573d5b6b8a0a54f9e900aecce5d1a9142f2e1136f", "size": 493, "path": "media/graph/graph_summary_de22b56f358365512a34.graph.json"}, "epoch": 149, "_timestamp": 1683980835.892045, "loss": 3.589332118281163e-05, "mae": 0.003955833148211241, "mse": 3.589332118281163e-05, "root_mean_squared_error": 0.00599110359326005, "val_loss": 3.56735399691388e-05, "val_mae": 0.00407775491476059, "val_mse": 3.56735399691388e-05, "val_root_mean_squared_error": 0.0059727332554757595, "lr": 0.0005387500277720392, "_runtime": 2982.2958929538727, "_step": 149, "best_val_loss": 3.475004996289499e-05, "best_epoch": 144, "_wandb": {"runtime": 2981}}