{"graph": {"_type": "graph-file", "sha256": "5c9e6874466ba58540174994b812e6e517fca86115c32cc97f68f82264e5a104", "size": 770, "path": "media/graph/graph_summary_5c9e6874466ba5854017.graph.json"}, "epoch": 149, "_timestamp": 1682706382.7303936, "loss": 0.007567143067717552, "mae": 0.07518517225980759, "mse": 0.007567143067717552, "root_mean_squared_error": 0.08698932826519012, "val_loss": 0.0075100199319422245, "val_mae": 0.07456817477941513, "val_mse": 0.0075100199319422245, "val_root_mean_squared_error": 0.08666037023067474, "lr": 9.999999747378752e-06, "_runtime": 535.4465095996857, "_step": 1349, "best_val_loss": 0.0075100199319422245, "best_epoch": 0, "_wandb": {"runtime": 534}}