{"graph": {"_type": "graph-file", "sha256": "e69dad264e70d5b54e07e1a9225fd75d5e30853f78f90278e365c352554c5dd6", "size": 593, "path": "media/graph/graph_summary_e69dad264e70d5b54e07.graph.json"}, "epoch": 49, "_timestamp": 1681828392.0381763, "loss": 0.001679362845607102, "mae": 0.03286955505609512, "mse": 0.0015308072324842215, "val_loss": 0.001694712322205305, "val_mae": 0.032541900873184204, "val_mse": 0.001528431661427021, "lr": 0.003672499442473054, "_runtime": 125.11351919174194, "_step": 449, "best_val_loss": 0.0015516233397647738, "best_epoch": 48, "_wandb": {"runtime": 124}}