{"graph": {"_type": "graph-file", "sha256": "80af2be372625c44c3a71c89b7728bbda8e8593f4d5bd4386bdc64f4be69e19c", "size": 590, "path": "media/graph/graph_summary_80af2be372625c44c3a7.graph.json"}, "epoch": 199, "_timestamp": 1684189370.0947056, "loss": 0.03111947700381279, "mae": 0.16467486321926117, "mse": 0.03111889958381653, "val_loss": 0.03170254826545715, "val_mae": 0.1665223240852356, "val_mse": 0.03170200064778328, "lr": 9.999999747378752e-06, "_runtime": 754.186116695404, "_step": 199, "best_val_loss": 0.03170189633965492, "best_epoch": 51, "_wandb": {"runtime": 751}}