{"graph": {"_type": "graph-file", "sha256": "7c1c8d20138390a9805916cdc1805e851574bf90eb153866ef7f9ee2edd7a654", "size": 593, "path": "media/graph/graph_summary_7c1c8d20138390a98059.graph.json"}, "epoch": 9, "_timestamp": 1682357198.1317089, "loss": 0.0013545941328629851, "mae": 0.027122458443045616, "mse": 0.001154535450041294, "val_loss": 0.0012537954607978463, "val_mae": 0.026715058833360672, "val_mse": 0.001112214638851583, "lr": 0.09925000369548798, "_runtime": 10.604796886444092, "_step": 9, "best_val_loss": 0.0012537954607978463, "best_epoch": 9, "_wandb": {"runtime": 10}}