{"graph": {"_type": "graph-file", "sha256": "f1cd753f93c341215f83b08b4d6d5ce45f34e6aa77b5edb43b2e7da0f94c0c33", "size": 593, "path": "media/graph/graph_summary_f1cd753f93c341215f83.graph.json"}, "epoch": 199, "_timestamp": 1682945141.3565001, "loss": 0.0024456423707306385, "mae": 0.03837324678897858, "mse": 0.0022309052292257547, "root_mean_squared_error": 0.047232456505298615, "val_loss": 0.002470101462677121, "val_mae": 0.03862112760543823, "val_mse": 0.002255499130114913, "val_root_mean_squared_error": 0.047492094337940216, "lr": 9.999999747378752e-06, "_runtime": 2210.5675930976868, "_step": 1999, "best_val_loss": 0.0018947594799101353, "best_epoch": 199, "_wandb": {"runtime": 2209}}