{"graph": {"_type": "graph-file", "sha256": "91cbcf33022116b3b9c2d98087da8f51ac4dd56e4b0c6c76182620485ffe7f3b", "size": 513, "path": "media/graph/graph_summary_91cbcf33022116b3b9c2.graph.json"}, "epoch": 149, "_timestamp": 1684001178.8854694, "loss": 4.8857968067750335e-05, "mae": 0.004907221999019384, "mse": 4.8857968067750335e-05, "root_mean_squared_error": 0.006989847403019667, "val_loss": 4.944544707541354e-05, "val_mae": 0.0049613830633461475, "val_mse": 4.944544707541354e-05, "val_root_mean_squared_error": 0.007031745743006468, "lr": 0.0005387500277720392, "_runtime": 7303.656009435654, "_step": 149, "best_val_loss": 4.849820470553823e-05, "best_epoch": 139, "_wandb": {"runtime": 7302}}