{"graph": {"_type": "graph-file", "sha256": "c188527d111ef06c4b9a8fc8fd758d3e154050c8338492ecae9e444564ad07bb", "size": 1093, "path": "media/graph/graph_summary_c188527d111ef06c4b9a.graph.json"}, "epoch": 49, "_timestamp": 1682749453.8960328, "loss": 0.0019385876366868615, "mae": 0.03813861683011055, "mse": 0.0019385876366868615, "root_mean_squared_error": 0.044029396027326584, "val_loss": 0.001975233433768153, "val_mae": 0.038582928478717804, "val_mse": 0.001975233433768153, "val_root_mean_squared_error": 0.04444359615445137, "lr": 0.00011573556548682973, "_runtime": 228.0237329006195, "_step": 449, "best_val_loss": 0.001937699387781322, "best_epoch": 40, "_wandb": {"runtime": 226}}