{"graph": {"_type": "graph-file", "sha256": "49bbb5432d717ae43bef63046d0e9a42449976530113f63a23dab1b8ac2ef3a4", "size": 962, "path": "media/graph/graph_summary_49bbb5432d717ae43bef.graph.json"}, "epoch": 19, "_timestamp": 1682673717.4882448, "loss": 0.0019233865896239877, "mae": 0.037939153611660004, "mse": 0.0019233865896239877, "root_mean_squared_error": 0.043856430798769, "val_loss": 0.00196401821449399, "val_mae": 0.038337234407663345, "val_mse": 0.00196401821449399, "val_root_mean_squared_error": 0.04431724548339844, "lr": 0.009756650775671005, "_runtime": 535.4799957275391, "_step": 179, "best_val_loss": 0.001949608908034861, "best_epoch": 19, "_wandb": {"runtime": 534}}