{"graph": {"_type": "graph-file", "sha256": "2766f2ee62e8ad6d0544e58c2fe991f48ace7659c8e0e1c727928f2fd215a3c3", "size": 590, "path": "media/graph/graph_summary_2766f2ee62e8ad6d0544.graph.json"}, "epoch": 49, "_timestamp": 1681574563.1403465, "loss": 0.002201923169195652, "mae": 0.03769423067569733, "mse": 0.0019011757103726268, "val_loss": 0.002238135552033782, "val_mae": 0.03808751329779625, "val_mse": 0.0019403427140787244, "lr": 9.999999747378752e-06, "_runtime": 70.50195360183716, "_step": 49, "best_val_loss": 0.002238135552033782, "best_epoch": 49, "_wandb": {"runtime": 70}}