{"graph": {"_type": "graph-file", "sha256": "f1406ad1b15778a053e3496bedb6b2630ef1420cd2210017aef6a4767df2ad9a", "size": 593, "path": "media/graph/graph_summary_f1406ad1b15778a053e3.graph.json"}, "epoch": 499, "_timestamp": 1684527124.0253618, "loss": 0.002642602426931262, "mae": 0.03905736654996872, "mse": 0.002524235751479864, "root_mean_squared_error": 0.05024177208542824, "val_loss": 0.002682104939594865, "val_mae": 0.03943042829632759, "val_mse": 0.002563732210546732, "val_root_mean_squared_error": 0.05063331127166748, "lr": 9.999999747378752e-06, "_runtime": 294.6983778476715, "_step": 499, "best_val_loss": 0.0026819186750799417, "best_epoch": 471, "_wandb": {"runtime": 293}}