{"graph": {"_type": "graph-file", "sha256": "c32428d287406381d2718861ee671115bb1e128e3ce39d0ddf9f33cb16f978fd", "size": 740, "path": "media/graph/graph_summary_c32428d287406381d271.graph.json"}, "epoch": 49, "_timestamp": 1681310974.1709049, "loss": 2.470468521118164, "mae": 0.03598852828145027, "mse": 0.0017508319579064846, "val_loss": 2.4701907634735107, "val_mae": 0.0365457609295845, "val_mse": 0.0017979458207264543, "lr": 9.999999747378752e-06, "_runtime": 83.71843695640564, "_step": 49, "best_val_loss": 2.4701907634735107, "best_epoch": 49, "_wandb": {"runtime": 83}}