{"graph": {"_type": "graph-file", "sha256": "46933aec8ebdb4ae5bcb9284625b88b709f188d594039a4b075787142c24b20f", "size": 963, "path": "media/graph/graph_summary_46933aec8ebdb4ae5bcb.graph.json"}, "epoch": 29, "_timestamp": 1682666904.8131053, "loss": 0.007567142602056265, "mae": 0.0751851424574852, "mse": 0.007567142602056265, "root_mean_squared_error": 0.08698932826519012, "val_loss": 0.007510020863264799, "val_mae": 0.07456815987825394, "val_mse": 0.007510020863264799, "val_root_mean_squared_error": 0.08666037768125534, "lr": 0.010553760454058647, "_runtime": 1775.9507653713226, "_step": 269, "best_val_loss": 0.007510020863264799, "best_epoch": 0, "_wandb": {"runtime": 1774}}