{"graph": {"_type": "graph-file", "sha256": "74eb4da14a7946959beab73ae4b7d6b7e56fceec427c0e71a986e6b2ab3ab4cb", "size": 579, "path": "media/graph/graph_summary_74eb4da14a7946959bea.graph.json"}, "epoch": 299, "_timestamp": 1684482224.7781985, "loss": 0.0005663068732246757, "mae": 0.013791372999548912, "mse": 0.0004180518153589219, "root_mean_squared_error": 0.02044631540775299, "val_loss": 0.0006019629072397947, "val_mae": 0.014299189671874046, "val_mse": 0.0004537101776804775, "val_root_mean_squared_error": 0.02130047418177128, "lr": 9.999999747378752e-06, "_runtime": 222.86493849754333, "_step": 299, "best_val_loss": 0.0006019545253366232, "best_epoch": 298, "_wandb": {"runtime": 221}}