{"graph": {"_type": "graph-file", "sha256": "77ac9d780cc44c4535a67871d7f4c93a87b1701e0b31ec274c019d9f97fc0304", "size": 606, "path": "media/graph/graph_summary_77ac9d780cc44c4535a6.graph.json"}, "epoch": 0, "_timestamp": 1684781139.2503395, "loss": -433.44610595703125, "mae": 1.0260769128799438, "mse": 1.5475027561187744, "val_loss": -515.71923828125, "val_mae": 0.33274969458580017, "val_mse": 0.13973331451416016, "lr": 0.04270000010728836, "_runtime": 7.058314561843872, "_step": 0, "best_val_loss": -515.71923828125, "best_epoch": 0, "_wandb": {"runtime": 6}}