{"graph": {"_type": "graph-file", "sha256": "e69dad264e70d5b54e07e1a9225fd75d5e30853f78f90278e365c352554c5dd6", "size": 593, "path": "media/graph/graph_summary_e69dad264e70d5b54e07.graph.json"}, "epoch": 29, "_timestamp": 1681745518.3219223, "loss": 0.0014102202840149403, "mae": 0.03037082403898239, "mse": 0.00132496259175241, "val_loss": 0.0014082902343943715, "val_mae": 0.030452877283096313, "val_mse": 0.0013208648888394237, "lr": 0.0007310195360332727, "_runtime": 52.46552038192749, "_step": 269, "best_val_loss": 0.0009004704770632088, "best_epoch": 29, "_wandb": {"runtime": 51}}