{"graph": {"_type": "graph-file", "sha256": "c2730f699a8815555d62030bf12fb53135040e39d629e223366690c497265135", "size": 565, "path": "media/graph/graph_summary_c2730f699a8815555d62.graph.json"}, "epoch": 9, "_timestamp": 1682358986.2933965, "loss": 0.0011820546351373196, "mae": 0.024328716099262238, "mse": 0.0009635891765356064, "root_mean_squared_error": 0.03104173205792904, "coeff_determination": 0.47195151448249817, "val_loss": 0.0010812969412654638, "val_mae": 0.02330753020942211, "val_mse": 0.0008659583982080221, "val_root_mean_squared_error": 0.029427170753479004, "val_coeff_determination": -95.44002532958984, "lr": 0.09925000369548798, "_runtime": 11.882081508636475, "_step": 9, "best_val_loss": 0.0010812969412654638, "best_epoch": 9, "_wandb": {"runtime": 12}}