{"graph": {"_type": "graph-file", "sha256": "71626d30dff80c3cf8bb4b13d5f910acb9155256b8f38c179d4c734e295be014", "size": 565, "path": "media/graph/graph_summary_71626d30dff80c3cf8bb.graph.json"}, "epoch": 9, "_timestamp": 1682436636.8420238, "loss": 0.001181898987852037, "mae": 0.024183284491300583, "mse": 0.0009516086429357529, "root_mean_squared_error": 0.030848154798150063, "R2": 0.4912726581096649, "val_loss": 0.0010890081757679582, "val_mae": 0.02358589507639408, "val_mse": 0.0008815584005787969, "val_root_mean_squared_error": 0.029691049829125404, "val_R2": -79.05609893798828, "lr": 0.09925000369548798, "_runtime": 9.442332744598389, "_step": 9, "best_val_loss": 0.0010890081757679582, "best_epoch": 9, "_wandb": {"runtime": 9}}