{"graph": {"_type": "graph-file", "sha256": "47ea51b8d45914f1be389dc66ccad836d0a7d1634726b774506c03578821bf83", "size": 734, "path": "media/graph/graph_summary_47ea51b8d45914f1be38.graph.json"}, "epoch": 19, "_timestamp": 1681839450.4696767, "loss": 0.0019156107446178794, "mae": 0.03788892924785614, "mse": 0.0019151021260768175, "val_loss": 0.001951455371454358, "val_mae": 0.03829113766551018, "val_mse": 0.001951331039890647, "lr": 0.03555477038025856, "_runtime": 87.57595682144165, "_step": 179, "best_val_loss": 0.0019496107706800103, "best_epoch": 19, "_wandb": {"runtime": 86}}