{"graph": {"_type": "graph-file", "sha256": "198066b829209d52e77e831c5304ac92d1c99071b0d2a69f14441d58ce1858b4", "size": 489, "path": "media/graph/graph_summary_198066b829209d52e77e.graph.json"}, "epoch": 149, "_timestamp": 1682436372.7363944, "loss": 0.001914254273287952, "mae": 0.03787022456526756, "mse": 0.001914254273287952, "root_mean_squared_error": 0.043752193450927734, "R2": -7.050926208496094, "val_loss": 0.001949911005795002, "val_mae": 0.03829977661371231, "val_mse": 0.001949911005795002, "val_root_mean_squared_error": 0.04415779560804367, "val_R2": -7.088140487670898, "lr": 0.0014247340150177479, "_runtime": 210.99586844444275, "_step": 1349, "best_val_loss": 0.0019478052854537964, "best_epoch": 51, "_wandb": {"runtime": 210}}