{"graph": {"_type": "graph-file", "sha256": "50984b1d0f1677e958ccf2ba28943c5d56af91573abb3cef4c56b249b5efe22e", "size": 593, "path": "media/graph/graph_summary_50984b1d0f1677e958cc.graph.json"}, "epoch": 49, "_timestamp": 1681577622.7138884, "loss": 0.002823055721819401, "mae": 0.03700229153037071, "mse": 0.0018432727083563805, "val_loss": 0.0028735038358718157, "val_mae": 0.03746645525097847, "val_mse": 0.0018949862569570541, "lr": 9.999999747378752e-06, "_runtime": 82.7457435131073, "_step": 49, "best_val_loss": 0.0028735038358718157, "best_epoch": 49, "_wandb": {"runtime": 82}}