{"graph": {"_type": "graph-file", "sha256": "1decabd47f2c28dcf528126d859e862e1dd20593277835a5824df98c683c962f", "size": 767, "path": "media/graph/graph_summary_1decabd47f2c28dcf528.graph.json"}, "epoch": 19, "_timestamp": 1682718677.3450825, "loss": 0.007567142602056265, "mae": 0.07518516480922699, "mse": 0.007567142602056265, "root_mean_squared_error": 0.08698932826519012, "val_loss": 0.007510020397603512, "val_mae": 0.07456817477941513, "val_mse": 0.007510020397603512, "val_root_mean_squared_error": 0.08666037023067474, "lr": 0.009968316182494164, "_runtime": 56.24621057510376, "_step": 179, "best_val_loss": 0.007510020397603512, "best_epoch": 0, "_wandb": {"runtime": 55}}