{"graph": {"_type": "graph-file", "sha256": "281ffa0c1bddfd523eb2db675e90a12011797a7d3eee30f415c1c89bd3845c4e", "size": 512, "path": "media/graph/graph_summary_281ffa0c1bddfd523eb2.graph.json"}, "epoch": 29, "_timestamp": 1682618462.5219944, "loss": 0.0019143626559525728, "mae": 0.03787047415971756, "mse": 0.0019143626559525728, "root_mean_squared_error": 0.043753430247306824, "val_loss": 0.0019498427864164114, "val_mae": 0.038301389664411545, "val_mse": 0.0019498427864164114, "val_root_mean_squared_error": 0.04415702447295189, "lr": 0.009776905179023743, "_runtime": 806.3694763183594, "_step": 269, "best_val_loss": 0.0019465163350105286, "best_epoch": 27, "_wandb": {"runtime": 805}}