{"graph": {"_type": "graph-file", "sha256": "9cfcde352841fd86c7846fb6e55b6cd17d153520677d950fee65871bbeab3680", "size": 961, "path": "media/graph/graph_summary_9cfcde352841fd86c784.graph.json"}, "epoch": 49, "_timestamp": 1682679341.2971253, "loss": 0.0019165928242728114, "mae": 0.03789049759507179, "mse": 0.0019165928242728114, "root_mean_squared_error": 0.043778907507658005, "val_loss": 0.0019496406894177198, "val_mae": 0.03830673173069954, "val_mse": 0.0019496406894177198, "val_root_mean_squared_error": 0.04415473714470863, "lr": 0.003191236173734069, "_runtime": 1943.2301223278046, "_step": 449, "best_val_loss": 0.0006044710171408951, "best_epoch": 49, "_wandb": {"runtime": 1942}}