{"graph": {"_type": "graph-file", "sha256": "8daf7e86f159484d71e9f7b752a36cceda20c4c5aba79e1280e99f4f67d66bb9", "size": 593, "path": "media/graph/graph_summary_8daf7e86f159484d71e9.graph.json"}, "epoch": 499, "_timestamp": 1684527857.5214946, "loss": 0.0008218598086386919, "mae": 0.016777047887444496, "mse": 0.0006113753188401461, "root_mean_squared_error": 0.024726005271077156, "val_loss": 0.000840401800815016, "val_mae": 0.017139136791229248, "val_mse": 0.0006298727821558714, "val_root_mean_squared_error": 0.02509726583957672, "lr": 9.999999747378752e-06, "_runtime": 390.2105176448822, "_step": 499, "best_val_loss": 0.0008401905652135611, "best_epoch": 490, "_wandb": {"runtime": 388}}