{"graph": {"_type": "graph-file", "sha256": "98dfab2a33c149ae937c0d6321224a48971f0b5230b71ba06d8d837616c81287", "size": 771, "path": "media/graph/graph_summary_98dfab2a33c149ae937c.graph.json"}, "epoch": 149, "_timestamp": 1682804537.1966956, "loss": 0.007567142602056265, "mae": 0.07518517225980759, "mse": 0.007567142602056265, "root_mean_squared_error": 0.08698932826519012, "val_loss": 0.007510020863264799, "val_mae": 0.07456815987825394, "val_mse": 0.007510020863264799, "val_root_mean_squared_error": 0.08666037768125534, "lr": 9.999999747378752e-06, "_runtime": 916.9235484600067, "_step": 1349, "best_val_loss": 0.007510020863264799, "best_epoch": 0, "_wandb": {"runtime": 915}}