{"graph": {"_type": "graph-file", "sha256": "5fcd1e487d1764ad15de2fa098e80a5c18120f4192d62db19268193cab9e3e8a", "size": 513, "path": "media/graph/graph_summary_5fcd1e487d1764ad15de.graph.json"}, "epoch": 149, "_timestamp": 1684690159.8425527, "loss": 0.00022233677736949176, "mae": 0.012900815345346928, "mse": 0.00022232081391848624, "val_loss": 0.00023365773085970432, "val_mae": 0.0132801728323102, "val_mse": 0.00023360116756521165, "lr": 0.0002693750138860196, "_runtime": 1624.86021566391, "_step": 149, "best_val_loss": 0.00023146501916926354, "best_epoch": 97, "_wandb": {"runtime": 1623}}