{"graph": {"_type": "graph-file", "sha256": "9be8dcfc3bf3ab609eb49f548f65716c42ea887fdfbca8b8de23d07cc1dabad3", "size": 593, "path": "media/graph/graph_summary_9be8dcfc3bf3ab609eb4.graph.json"}, "epoch": 199, "_timestamp": 1682069640.8076918, "loss": 0.20593474805355072, "mae": 0.4525294899940491, "mse": 0.20593474805355072, "val_loss": 0.20654912292957306, "val_mae": 0.45319461822509766, "val_mse": 0.20654912292957306, "lr": 9.999999747378752e-06, "_runtime": 757.172082901001, "_step": 1799, "best_val_loss": 0.0016458001919090748, "best_epoch": 131, "_wandb": {"runtime": 756}}