{"graph": {"_type": "graph-file", "sha256": "0fd26cd063d34c5aa91c1e6738b984c982416583d6318d5712200ff96f6f9abb", "size": 593, "path": "media/graph/graph_summary_0fd26cd063d34c5aa91c.graph.json"}, "epoch": 199, "_timestamp": 1682962641.8762095, "loss": 0.004072350915521383, "mae": 0.05095183849334717, "mse": 0.0034912803675979376, "root_mean_squared_error": 0.059087056666612625, "val_loss": 0.004066979978233576, "val_mae": 0.05106350779533386, "val_mse": 0.0034859199076890945, "val_root_mean_squared_error": 0.05904167890548706, "lr": 9.999999747378752e-06, "_runtime": 2260.1430225372314, "_step": 1999, "best_val_loss": 0.0037355918902903795, "best_epoch": 199, "_wandb": {"runtime": 2258}}