{"graph": {"_type": "graph-file", "sha256": "a087add86b312f72c931294c7356467414b135bb24692633ed22031017b21a0d", "size": 593, "path": "media/graph/graph_summary_a087add86b312f72c931.graph.json"}, "epoch": 499, "_timestamp": 1684491553.284916, "loss": 0.0018508414505049586, "mae": 0.029844852164387703, "mse": 0.0014945493312552571, "root_mean_squared_error": 0.03865940123796463, "val_loss": 0.001745938090607524, "val_mae": 0.029247043654322624, "val_mse": 0.0013896443415433168, "val_root_mean_squared_error": 0.037277933210134506, "lr": 9.999999747378752e-06, "_runtime": 236.38020992279053, "_step": 499, "best_val_loss": 0.001745938090607524, "best_epoch": 499, "_wandb": {"runtime": 236}}