{"graph": {"_type": "graph-file", "sha256": "50c0ac54b12eaef92caa2bb76e95c30e19f641047844ef9ce739012bbf621497", "size": 740, "path": "media/graph/graph_summary_50c0ac54b12eaef92caa.graph.json"}, "epoch": 0, "_timestamp": 1681055251.102138, "loss": 9.022171974182129, "mae": 0.08500362187623978, "mse": 0.01994115114212036, "val_loss": 6.216911315917969, "val_mae": 0.08073311299085617, "val_mse": 0.008511210791766644, "lr": 0.0010000000474974513, "_runtime": 3.2145979404449463, "_step": 0, "best_val_loss": 6.216911315917969, "best_epoch": 0, "_wandb": {"runtime": 2}}