{"graph": {"_type": "graph-file", "sha256": "d31839466d23f72515a3a053633a0d89d8fc8780f86a60c855ec33cdb8b08152", "size": 776, "path": "media/graph/graph_summary_d31839466d23f72515a3.graph.json"}, "epoch": 19, "_timestamp": 1682704494.201119, "loss": 0.8553482890129089, "mae": 0.9238146543502808, "mse": 0.8553482890129089, "root_mean_squared_error": 0.9248505234718323, "val_loss": 0.8565237522125244, "val_mae": 0.9244318008422852, "val_mse": 0.8565237522125244, "val_root_mean_squared_error": 0.9254857301712036, "lr": 0.03572705388069153, "_runtime": 330.0114278793335, "_step": 179, "best_val_loss": 0.007489704992622137, "best_epoch": 0, "_wandb": {"runtime": 328}}