{"graph": {"_type": "graph-file", "sha256": "805d5485ec34b8f8ad6cdf4a76b08d6731c1da5dd0bd33cc6008185d72e09a8b", "size": 579, "path": "media/graph/graph_summary_805d5485ec34b8f8ad6c.graph.json"}, "epoch": 9, "_timestamp": 1681748429.7089436, "loss": 0.0072454167529940605, "mae": 0.036644868552684784, "mse": 0.001814784831367433, "val_loss": 0.006774581503123045, "val_mae": 0.03699544444680214, "val_mse": 0.001834084396250546, "lr": 0.0002500000118743628, "_runtime": 15.665562629699707, "_step": 9, "best_val_loss": 0.006774581503123045, "best_epoch": 9, "_wandb": {"runtime": 15}}