{"graph": {"_type": "graph-file", "sha256": "9eb265a373347b90d3a078cbf2eba6f3621443bec68c0a4c0b554fa5c3bf99fa", "size": 740, "path": "media/graph/graph_summary_9eb265a373347b90d3a0.graph.json"}, "epoch": 99, "_timestamp": 1680790036.6532493, "loss": 0.0008192615932784975, "mae": 0.024715526029467583, "mse": 0.0008192327222786844, "val_loss": 0.0008652794058434665, "val_mae": 0.0256640762090683, "val_mse": 0.0008652499527670443, "lr": 9.999999747378752e-06, "_runtime": 169.20668125152588, "_step": 99, "best_val_loss": 0.0008652654360048473, "best_epoch": 65, "_wandb": {"runtime": 168}}