{"graph": {"_type": "graph-file", "sha256": "bcd5ffc01127c2eeed43cbdabaf6e9a2c7d24ea94c65c850c2532c291bdad3df", "size": 467, "path": "media/graph/graph_summary_bcd5ffc01127c2eeed43.graph.json"}, "epoch": 19, "_timestamp": 1682439789.1150994, "loss": 0.002265972550958395, "mae": 0.04020457714796066, "mse": 0.002265972550958395, "root_mean_squared_error": 0.04760223254561424, "val_loss": 0.002594684949144721, "val_mae": 0.04253363236784935, "val_mse": 0.002594684949144721, "val_root_mean_squared_error": 0.05093805119395256, "lr": 0.06896000355482101, "_runtime": 54.329644441604614, "_step": 19, "best_val_loss": 0.0019520263886079192, "best_epoch": 11, "_wandb": {"runtime": 53}}