{"graph": {"_type": "graph-file", "sha256": "a628655e4baebc4f9cad4de34288ef4ccd65dae90a5deff9c0974091040dcdf9", "size": 1096, "path": "media/graph/graph_summary_a628655e4baebc4f9cad.graph.json"}, "epoch": 49, "_timestamp": 1682765542.4176452, "loss": 0.0019252655329182744, "mae": 0.037967778742313385, "mse": 0.0019252655329182744, "root_mean_squared_error": 0.04387785121798515, "val_loss": 0.00196138396859169, "val_mae": 0.03839191421866417, "val_mse": 0.00196138396859169, "val_root_mean_squared_error": 0.044287510216236115, "lr": 0.009249097667634487, "_runtime": 246.06920528411865, "_step": 449, "best_val_loss": 0.0019354326650500298, "best_epoch": 44, "_wandb": {"runtime": 244}}