{"graph": {"_type": "graph-file", "sha256": "5dc0ee52aa48b9f20a3dea7b13d957995902be8a82f82d39fec43d52ae8b68a8", "size": 596, "path": "media/graph/graph_summary_5dc0ee52aa48b9f20a3d.graph.json"}, "epoch": 49, "_timestamp": 1681572891.4009697, "loss": 0.002002513036131859, "mae": 0.03718055412173271, "mse": 0.0018560324097052217, "val_loss": 0.0020438332576304674, "val_mae": 0.03764845058321953, "val_mse": 0.001898725749924779, "lr": 9.999999747378752e-06, "_runtime": 73.214519739151, "_step": 49, "best_val_loss": 0.0020438332576304674, "best_epoch": 49, "_wandb": {"runtime": 73}}