{"graph": {"_type": "graph-file", "sha256": "0b30555010bf7e0392045fd5216fc860a2f4735d356fe09bf3c3ae46f03df4b8", "size": 770, "path": "media/graph/graph_summary_0b30555010bf7e039204.graph.json"}, "epoch": 149, "_timestamp": 1682254211.3128393, "loss": 0.0075671435333788395, "mae": 0.07518516480922699, "mse": 0.0075671435333788395, "val_loss": 0.007510020397603512, "val_mae": 0.07456816732883453, "val_mse": 0.007510020397603512, "lr": 9.999999747378752e-06, "_runtime": 545.9184021949768, "_step": 1349, "best_val_loss": 0.007510020397603512, "best_epoch": 0, "_wandb": {"runtime": 545}}