{"graph": {"_type": "graph-file", "sha256": "37a6543057e5591a1621d8153ca1621d6a3f58cc4d7c41f7935c48e90c356897", "size": 767, "path": "media/graph/graph_summary_37a6543057e5591a1621.graph.json"}, "epoch": 29, "_timestamp": 1682719330.7613773, "loss": 0.007567143067717552, "mae": 0.07518515735864639, "mse": 0.007567143067717552, "root_mean_squared_error": 0.08698932826519012, "val_loss": 0.007510020397603512, "val_mae": 0.07456816732883453, "val_mse": 0.007510020397603512, "val_root_mean_squared_error": 0.08666037023067474, "lr": 0.0015962787438184023, "_runtime": 85.32553625106812, "_step": 269, "best_val_loss": 0.007510020397603512, "best_epoch": 0, "_wandb": {"runtime": 84}}