{"graph": {"_type": "graph-file", "sha256": "cd2fdc98842f75ff43805143b0ee0c63a2fbb3579c3ed7e1864999cbf9e4d162", "size": 593, "path": "media/graph/graph_summary_cd2fdc98842f75ff4380.graph.json"}, "epoch": 249, "_timestamp": 1684517930.0493069, "loss": 0.0018251052824780345, "mae": 0.025270787999033928, "mse": 0.0008630463853478432, "root_mean_squared_error": 0.02937765046954155, "val_loss": 0.0017469457816332579, "val_mae": 0.023677492514252663, "val_mse": 0.0007849022513255477, "val_root_mean_squared_error": 0.02801610715687275, "lr": 9.999999747378752e-06, "_runtime": 231.5653429031372, "_step": 249, "best_val_loss": 0.0017469457816332579, "best_epoch": 249, "_wandb": {"runtime": 231}}