{"graph": {"_type": "graph-file", "sha256": "34031f9cb11e6d28b20bd5f9e3717c916842297c67b9a1c3dce61c3eb20398a9", "size": 597, "path": "media/graph/graph_summary_34031f9cb11e6d28b20b.graph.json"}, "epoch": 49, "_timestamp": 1682688838.6910205, "loss": 0.0019146227277815342, "mae": 0.03787137195467949, "mse": 0.0019145752303302288, "val_loss": 0.0019500063499435782, "val_mae": 0.038301002234220505, "val_mse": 0.0019499671179801226, "lr": 6.25000029685907e-05, "_runtime": 133.48347353935242, "_step": 49, "best_val_loss": 0.001949839643202722, "best_epoch": 32, "_wandb": {"runtime": 132}}