{"graph": {"_type": "graph-file", "sha256": "c9b8455352c6576033a42d0639483f34d79514cf92cfc4ab463692e25de23689", "size": 586, "path": "media/graph/graph_summary_c9b8455352c6576033a4.graph.json"}, "epoch": 199, "_timestamp": 1684355627.7459698, "loss": 0.0016502325888723135, "mae": 0.02614589035511017, "mse": 0.001403798465617001, "root_mean_squared_error": 0.03746729716658592, "val_loss": 0.001726033864542842, "val_mae": 0.02689441666007042, "val_mse": 0.0014796045143157244, "val_root_mean_squared_error": 0.038465626537799835, "lr": 9.999999747378752e-06, "_runtime": 278.1939067840576, "_step": 199, "best_val_loss": 0.0017253338592126966, "best_epoch": 198, "_wandb": {"runtime": 276}}