{"graph": {"_type": "graph-file", "sha256": "74ee6e913b53cd1ed58118e1ff81786ec3ab8f6fd73c589e0938c58953495720", "size": 773, "path": "media/graph/graph_summary_74ee6e913b53cd1ed581.graph.json"}, "epoch": 149, "_timestamp": 1682791152.525411, "loss": 0.007567142602056265, "mae": 0.07518515735864639, "mse": 0.007567142602056265, "root_mean_squared_error": 0.08698932826519012, "val_loss": 0.007510020863264799, "val_mae": 0.07456817477941513, "val_mse": 0.007510020863264799, "val_root_mean_squared_error": 0.08666037768125534, "lr": 2.255474464618601e-05, "_runtime": 305.1926248073578, "_step": 1349, "best_val_loss": 0.007510020863264799, "best_epoch": 0, "_wandb": {"runtime": 304}}