{"graph": {"_type": "graph-file", "sha256": "512984cf77792950c7ed8914135452c74caee7db3615605d169855785321be51", "size": 1315, "path": "media/graph/graph_summary_512984cf77792950c7ed.graph.json"}, "epoch": 299, "_timestamp": 1684953746.5489967, "loss": 0.0004486797843128443, "mae": 0.01728590577840805, "mse": 0.0004486797843128443, "root_mean_squared_error": 0.021182063966989517, "val_loss": 0.00045527369366027415, "val_mae": 0.017394736409187317, "val_mse": 0.00045527369366027415, "val_root_mean_squared_error": 0.02133714221417904, "lr": 9.999999747378752e-06, "_runtime": 77.30415368080139, "_step": 299, "best_val_loss": 0.0004552736063487828, "best_epoch": 17, "_wandb": {"runtime": 76}}