{"graph": {"_type": "graph-file", "sha256": "c9b8455352c6576033a42d0639483f34d79514cf92cfc4ab463692e25de23689", "size": 586, "path": "media/graph/graph_summary_c9b8455352c6576033a4.graph.json"}, "epoch": 499, "_timestamp": 1684526817.641404, "loss": 0.0012496599229052663, "mae": 0.02263469621539116, "mse": 0.0010206178994849324, "root_mean_squared_error": 0.03194710984826088, "val_loss": 0.001238351222127676, "val_mae": 0.023053186014294624, "val_mse": 0.001009256229735911, "val_root_mean_squared_error": 0.0317687913775444, "lr": 9.999999747378752e-06, "_runtime": 357.15058302879333, "_step": 499, "best_val_loss": 0.0012378428364172578, "best_epoch": 493, "_wandb": {"runtime": 355}}