{"graph": {"_type": "graph-file", "sha256": "9feef145822f073f3cf38cd50bf072fdb6c93468b3432c151b428384f20e1179", "size": 1096, "path": "media/graph/graph_summary_9feef145822f073f3cf3.graph.json"}, "epoch": 149, "_timestamp": 1684871161.200449, "loss": 0.00011153794912388548, "mae": 0.007960546761751175, "mse": 0.00011153794912388548, "root_mean_squared_error": 0.01056115422397852, "val_loss": 0.00011596164404181764, "val_mae": 0.008050822652876377, "val_mse": 0.00011596164404181764, "val_root_mean_squared_error": 0.010768547654151917, "lr": 0.0004180634277872741, "_runtime": 195.4158570766449, "_step": 149, "best_val_loss": 0.00011515198275446892, "best_epoch": 146, "_wandb": {"runtime": 193}}