{"graph": {"_type": "graph-file", "sha256": "6b661ee68a9e83fb819a483f5a1668581ecbdd6399e744e8ec02dc700dc82bfe", "size": 593, "path": "media/graph/graph_summary_6b661ee68a9e83fb819a.graph.json"}, "epoch": 299, "_timestamp": 1684848688.278999, "loss": 0.0010278517147526145, "mae": 0.019709430634975433, "mse": 0.0007551258313469589, "root_mean_squared_error": 0.02747955359518528, "val_loss": 0.001084430841729045, "val_mae": 0.020395813509821892, "val_mse": 0.0008116596145555377, "val_root_mean_squared_error": 0.02848963998258114, "lr": 9.999999747378752e-06, "_runtime": 245.39974308013916, "_step": 299, "best_val_loss": 0.0010838292073458433, "best_epoch": 296, "_wandb": {"runtime": 243}}