{"graph": {"_type": "graph-file", "sha256": "13cc9d213ce53f9451335d5160382a418665b1d4ed7ef7535b4bec399b0c6331", "size": 770, "path": "media/graph/graph_summary_13cc9d213ce53f945133.graph.json"}, "epoch": 49, "_timestamp": 1682253651.7542832, "loss": 0.007567142136394978, "mae": 0.0751851424574852, "mse": 0.007567142136394978, "val_loss": 0.0075100199319422245, "val_mae": 0.07456815987825394, "val_mse": 0.0075100199319422245, "lr": 0.0014046153519302607, "_runtime": 461.95025420188904, "_step": 449, "best_val_loss": 0.0075100199319422245, "best_epoch": 0, "_wandb": {"runtime": 461}}