{"graph": {"_type": "graph-file", "sha256": "e3ced89d1a021dc29814fa76ce5f372386b5a3f86d72292ce661ad72757d587d", "size": 593, "path": "media/graph/graph_summary_e3ced89d1a021dc29814.graph.json"}, "epoch": 199, "_timestamp": 1682951399.9103549, "loss": 0.003286475781351328, "mae": 0.047951776534318924, "mse": 0.003120497800409794, "root_mean_squared_error": 0.05586141347885132, "val_loss": 0.003293342189863324, "val_mae": 0.04807208478450775, "val_mse": 0.0031281616538763046, "val_root_mean_squared_error": 0.05592996999621391, "lr": 9.999999747378752e-06, "_runtime": 1258.0454647541046, "_step": 1999, "best_val_loss": 0.003293342189863324, "best_epoch": 199, "_wandb": {"runtime": 1258}}