{"graph": {"_type": "graph-file", "sha256": "9bc7189b24d497184a211ecf0c9990edd106176e780992dcbe4311c61618a83a", "size": 593, "path": "media/graph/graph_summary_9bc7189b24d497184a21.graph.json"}, "epoch": 299, "_timestamp": 1684849458.8310177, "loss": 0.0009793181670829654, "mae": 0.01883072219789028, "mse": 0.0007825825014151633, "root_mean_squared_error": 0.027974676340818405, "val_loss": 0.0010125248227268457, "val_mae": 0.019087349995970726, "val_mse": 0.0008158020791597664, "val_root_mean_squared_error": 0.02856224961578846, "lr": 9.999999747378752e-06, "_runtime": 202.55432868003845, "_step": 299, "best_val_loss": 0.0010124713880941272, "best_epoch": 298, "_wandb": {"runtime": 201}}