{"graph": {"_type": "graph-file", "sha256": "4b8bebba67c69112d4044524e5dd200f6e7d7f4fbbd92873f26b0b59d3f2afbf", "size": 740, "path": "media/graph/graph_summary_4b8bebba67c69112d404.graph.json"}, "epoch": 99, "_timestamp": 1680791559.469145, "loss": 0.0010098343482241035, "mae": 0.025166017934679985, "mse": 0.0008489402825944126, "val_loss": 0.0010714069940149784, "val_mae": 0.026285437867045403, "val_mse": 0.0009101817267946899, "lr": 9.999999747378752e-06, "_runtime": 343.7882421016693, "_step": 99, "best_val_loss": 0.0010714069940149784, "best_epoch": 99, "_wandb": {"runtime": 345}}