{"graph": {"_type": "graph-file", "sha256": "24fd30447984da8f9e5be83934f7f0fe962da3a8203572b2fda1c226a0f72051", "size": 1091, "path": "media/graph/graph_summary_24fd30447984da8f9e5b.graph.json"}, "epoch": 49, "_timestamp": 1682750541.108683, "loss": 0.001914387452416122, "mae": 0.037871915847063065, "mse": 0.001914387452416122, "root_mean_squared_error": 0.04375371336936951, "val_loss": 0.0019500477937981486, "val_mae": 0.03830011188983917, "val_mse": 0.0019500477937981486, "val_root_mean_squared_error": 0.04415934532880783, "lr": 9.999999747378752e-06, "_runtime": 350.92001700401306, "_step": 449, "best_val_loss": 0.0019496092572808266, "best_epoch": 26, "_wandb": {"runtime": 349}}