{"graph": {"_type": "graph-file", "sha256": "3e2c6a7d6e6e96f14501384f67a06859ae1c24b0dc15e6a67315a16bf01298cc", "size": 1104, "path": "media/graph/graph_summary_3e2c6a7d6e6e96f14501.graph.json"}, "epoch": 29, "_timestamp": 1682764488.8551803, "loss": 0.0005834479234181345, "mae": 0.01807372458279133, "mse": 0.0005834479234181345, "root_mean_squared_error": 0.0241546668112278, "val_loss": 0.00037308933679014444, "val_mae": 0.01576836407184601, "val_mse": 0.00037308933679014444, "val_root_mean_squared_error": 0.01931552216410637, "lr": 0.02713143825531006, "_runtime": 307.43842220306396, "_step": 269, "best_val_loss": 0.00019283049914520234, "best_epoch": 28, "_wandb": {"runtime": 306}}