{"graph": {"_type": "graph-file", "sha256": "67e39dc95825729588e5ac36270606e1b7a4ca29510a9b637d14c325df2afab8", "size": 513, "path": "media/graph/graph_summary_67e39dc95825729588e5.graph.json"}, "epoch": 199, "_timestamp": 1683853081.3180027, "loss": 0.00011758066102629527, "mae": 0.006567020434886217, "mse": 0.00011758066102629527, "root_mean_squared_error": 0.010843461379408836, "val_loss": 0.00012425155728124082, "val_mae": 0.006916362326592207, "val_mse": 0.00012425155728124082, "val_root_mean_squared_error": 0.011146818287670612, "lr": 6.73437534715049e-05, "_runtime": 11007.160939693451, "_step": 199, "best_val_loss": 0.00012356122897472233, "best_epoch": 174, "_wandb": {"runtime": 11005}}