{"graph": {"_type": "graph-file", "sha256": "b0e991419d33b8f9c145667fc3dc680a07142ed57013a1d3ab881f78806acf0c", "size": 593, "path": "media/graph/graph_summary_b0e991419d33b8f9c145.graph.json"}, "epoch": 149, "_timestamp": 1681903412.6074438, "loss": 0.0019143408862873912, "mae": 0.03787115588784218, "mse": 0.0019143408862873912, "val_loss": 0.0019499956397339702, "val_mae": 0.03830068185925484, "val_mse": 0.0019499956397339702, "lr": 9.999999747378752e-06, "_runtime": 203.43806982040405, "_step": 1349, "best_val_loss": 0.0007236524252220988, "best_epoch": 103, "_wandb": {"runtime": 202}}