{"graph": {"_type": "graph-file", "sha256": "92c12672ea5727e7c7b211808ae691d2f8f5b25d174e3bbef3a76d58e8595df7", "size": 1094, "path": "media/graph/graph_summary_92c12672ea5727e7c7b2.graph.json"}, "epoch": 49, "_timestamp": 1682773634.1592436, "loss": 0.0002697013260331005, "mae": 0.01322102826088667, "mse": 0.0002697013260331005, "root_mean_squared_error": 0.016422584652900696, "val_loss": 0.00025897054001688957, "val_mae": 0.01321110874414444, "val_mse": 0.00025897054001688957, "val_root_mean_squared_error": 0.016092561185359955, "lr": 0.005384194664657116, "_runtime": 941.6367056369781, "_step": 449, "best_val_loss": 5.7314606237923726e-05, "best_epoch": 46, "_wandb": {"runtime": 940}}