{"graph": {"_type": "graph-file", "sha256": "08d7eb72a693c79e26d17b105bcb99360750accc235437223a041c03f65884c3", "size": 770, "path": "media/graph/graph_summary_08d7eb72a693c79e26d1.graph.json"}, "epoch": 29, "_timestamp": 1682272260.872971, "loss": 0.007567146327346563, "mae": 0.07518516480922699, "mse": 0.007567146327346563, "val_loss": 0.0075100199319422245, "val_mae": 0.07456815987825394, "val_mse": 0.0075100199319422245, "lr": 0.004955607932060957, "_runtime": 239.4080331325531, "_step": 269, "best_val_loss": 0.0075100199319422245, "best_epoch": 0, "_wandb": {"runtime": 238}}