{"graph": {"_type": "graph-file", "sha256": "9eb265a373347b90d3a078cbf2eba6f3621443bec68c0a4c0b554fa5c3bf99fa", "size": 740, "path": "media/graph/graph_summary_9eb265a373347b90d3a0.graph.json"}, "epoch": 0, "_timestamp": 1680802324.9564745, "loss": 9.962818145751953, "mae": 0.04356526955962181, "mse": 0.004987491760402918, "val_loss": 7.3111653327941895, "val_mae": 0.028456607833504677, "val_mse": 0.0012149374233558774, "lr": 0.0010000000474974513, "_runtime": 2.219869613647461, "_step": 0, "best_val_loss": 7.3111653327941895, "best_epoch": 0, "_wandb": {"runtime": 1}}