{"graph": {"_type": "graph-file", "sha256": "b0e991419d33b8f9c145667fc3dc680a07142ed57013a1d3ab881f78806acf0c", "size": 593, "path": "media/graph/graph_summary_b0e991419d33b8f9c145.graph.json"}, "epoch": 149, "_timestamp": 1681921573.6718624, "loss": 0.001250874251127243, "mae": 0.02835138328373432, "mse": 0.0011827172711491585, "val_loss": 0.0012306823628023267, "val_mae": 0.028407670557498932, "val_mse": 0.0011625565821304917, "lr": 9.999999747378752e-06, "_runtime": 240.20924735069275, "_step": 1349, "best_val_loss": 0.0005165989859960973, "best_epoch": 69, "_wandb": {"runtime": 239}}