{"graph": {"_type": "graph-file", "sha256": "50c0ac54b12eaef92caa2bb76e95c30e19f641047844ef9ce739012bbf621497", "size": 740, "path": "media/graph/graph_summary_50c0ac54b12eaef92caa.graph.json"}, "epoch": 9, "_timestamp": 1680779417.8306925, "loss": 8.562402725219727, "mae": 0.01919548027217388, "mse": 0.0005523874424397945, "val_loss": 8.504619598388672, "val_mae": 0.020259084179997444, "val_mse": 0.0005936224479228258, "lr": 2.499999936844688e-05, "_runtime": 16.498612642288208, "_step": 9, "best_val_loss": 8.504619598388672, "best_epoch": 9, "_wandb": {"runtime": 16}}