{"graph": {"_type": "graph-file", "sha256": "dbf427f285e420075913db71f526dbd28cfaa6a63e7a6b1639f15552913beae2", "size": 1361, "path": "media/graph/graph_summary_dbf427f285e420075913.graph.json"}, "epoch": 299, "_timestamp": 1684954090.8308442, "loss": 0.01147865317761898, "mae": 0.09038692712783813, "mse": 0.01147865317761898, "root_mean_squared_error": 0.10713847726583481, "val_loss": 0.01158535573631525, "val_mae": 0.09142236411571503, "val_mse": 0.01158535573631525, "val_root_mean_squared_error": 0.10763528943061829, "lr": 9.999999747378752e-06, "_runtime": 206.52810716629028, "_step": 299, "best_val_loss": 0.01158535573631525, "best_epoch": 0, "_wandb": {"runtime": 205}}