{"graph": {"_type": "graph-file", "sha256": "27c5d7819ce561a5403e4afeba735456b1eb39e6f92976330971467468a118db", "size": 740, "path": "media/graph/graph_summary_27c5d7819ce561a5403e.graph.json"}, "epoch": 0, "_timestamp": 1681055278.0041444, "loss": 8.989669799804688, "mae": 0.10364999622106552, "mse": 0.03601416200399399, "val_loss": 6.160366058349609, "val_mae": 0.07592365145683289, "val_mse": 0.007674818858504295, "lr": 0.0010000000474974513, "_runtime": 3.3340795040130615, "_step": 0, "best_val_loss": 6.160366058349609, "best_epoch": 0, "_wandb": {"runtime": 3}}