{"graph": {"_type": "graph-file", "sha256": "91cbcf33022116b3b9c2d98087da8f51ac4dd56e4b0c6c76182620485ffe7f3b", "size": 513, "path": "media/graph/graph_summary_91cbcf33022116b3b9c2.graph.json"}, "epoch": 399, "_timestamp": 1684794725.794295, "loss": 0.003376265522092581, "mae": 0.05017976462841034, "mse": 0.003376265522092581, "val_loss": 0.0032945817802101374, "val_mae": 0.04893728718161583, "val_mse": 0.0032945817802101374, "lr": 9.999999747378752e-06, "_runtime": 1613.8953340053558, "_step": 399, "best_val_loss": 0.0032945817802101374, "best_epoch": 399, "_wandb": {"runtime": 1616}}