{"graph": {"_type": "graph-file", "sha256": "79b08f6778947b3bc8a78ef05d3dff856660767dcb2583e232a2bb59d0e5856f", "size": 593, "path": "media/graph/graph_summary_79b08f6778947b3bc8a7.graph.json"}, "epoch": 249, "_timestamp": 1684516725.2253437, "loss": 0.0013516631443053484, "mae": 0.02264588512480259, "mse": 0.0009198551997542381, "root_mean_squared_error": 0.030329113826155663, "val_loss": 0.001436229096725583, "val_mae": 0.023923205211758614, "val_mse": 0.0010044197551906109, "val_root_mean_squared_error": 0.03169258311390877, "lr": 9.999999747378752e-06, "_runtime": 97.9762876033783, "_step": 249, "best_val_loss": 0.001436229096725583, "best_epoch": 249, "_wandb": {"runtime": 97}}