{"graph": {"_type": "graph-file", "sha256": "2e8b4ea0f5ab1acdc2799a589eedd069ab93ae35544397bf511d4366cad37d13", "size": 590, "path": "media/graph/graph_summary_2e8b4ea0f5ab1acdc279.graph.json"}, "epoch": 49, "_timestamp": 1681574702.9971597, "loss": 0.002637352328747511, "mae": 0.03798378258943558, "mse": 0.001932532642967999, "val_loss": 0.0026792457792907953, "val_mae": 0.03837191313505173, "val_mse": 0.001975621795281768, "lr": 9.999999747378752e-06, "_runtime": 73.20039677619934, "_step": 49, "best_val_loss": 0.0026792457792907953, "best_epoch": 49, "_wandb": {"runtime": 72}}