{"graph": {"_type": "graph-file", "sha256": "0aefe818bd72f5996af43d11f603b720f44ba087f2d08bd572ce3fd873a74083", "size": 593, "path": "media/graph/graph_summary_0aefe818bd72f5996af4.graph.json"}, "epoch": 29, "_timestamp": 1681906374.2012596, "loss": 0.0014578062109649181, "mae": 0.031106630340218544, "mse": 0.0013789712684229016, "val_loss": 0.0014690348180010915, "val_mae": 0.03135783225297928, "val_mse": 0.0013902720529586077, "lr": 9.999999747378752e-06, "_runtime": 206.8908417224884, "_step": 269, "best_val_loss": 0.0009892459493130445, "best_epoch": 24, "_wandb": {"runtime": 206}}