{"graph": {"_type": "graph-file", "sha256": "2151300e14cc8a7000f1e54b0b7947b709368d308dba299de3e4309a491dab04", "size": 483, "path": "media/graph/graph_summary_2151300e14cc8a7000f1.graph.json"}, "epoch": 149, "_timestamp": 1683143925.7445648, "loss": 0.003400067100301385, "mae": 0.05047610402107239, "mse": 0.003400067100301385, "root_mean_squared_error": 0.05831009894609451, "val_loss": 0.003400198183953762, "val_mae": 0.05054396763443947, "val_mse": 0.003400198183953762, "val_root_mean_squared_error": 0.05831121653318405, "lr": 8.175100083462894e-05, "_runtime": 1975.5890078544617, "_step": 1499, "best_val_loss": 0.0029650323558598757, "best_epoch": 143, "_wandb": {"runtime": 1974}}