{"graph": {"_type": "graph-file", "sha256": "b0e991419d33b8f9c145667fc3dc680a07142ed57013a1d3ab881f78806acf0c", "size": 593, "path": "media/graph/graph_summary_b0e991419d33b8f9c145.graph.json"}, "epoch": 149, "_timestamp": 1681889271.122577, "loss": 0.001452231896109879, "mae": 0.03040597029030323, "mse": 0.0013414756394922733, "val_loss": 0.0014687874354422092, "val_mae": 0.030728302896022797, "val_mse": 0.0013579592341557145, "lr": 9.999999747378752e-06, "_runtime": 226.62320494651794, "_step": 1349, "best_val_loss": 0.000983168836683035, "best_epoch": 145, "_wandb": {"runtime": 225}}