{"graph": {"_type": "graph-file", "sha256": "99e941e52378eea3141b0b7ccb2e13602719c6586d938130f725ac95cb9c77c1", "size": 775, "path": "media/graph/graph_summary_99e941e52378eea3141b.graph.json"}, "epoch": 149, "_timestamp": 1682712424.206915, "loss": 0.8388004302978516, "mae": 0.9148148894309998, "mse": 0.8388004302978516, "root_mean_squared_error": 0.9158604741096497, "val_loss": 0.8399649858474731, "val_mae": 0.9154319167137146, "val_mse": 0.8399649858474731, "val_root_mean_squared_error": 0.9164960384368896, "lr": 9.999999747378752e-06, "_runtime": 854.021467924118, "_step": 1349, "best_val_loss": 0.006230933591723442, "best_epoch": 0, "_wandb": {"runtime": 852}}