{"graph": {"_type": "graph-file", "sha256": "c24eccc801fafe31e2c512da8ce09cae90f8034e73c3ef309d09fe7dd97e7310", "size": 1094, "path": "media/graph/graph_summary_c24eccc801fafe31e2c5.graph.json"}, "epoch": 49, "_timestamp": 1682749215.0964918, "loss": 0.001916044158861041, "mae": 0.037881556898355484, "mse": 0.001916044158861041, "root_mean_squared_error": 0.043772634118795395, "val_loss": 0.0019522914662957191, "val_mae": 0.03829259052872658, "val_mse": 0.0019522914662957191, "val_root_mean_squared_error": 0.044184744358062744, "lr": 0.0003887646598741412, "_runtime": 360.2703378200531, "_step": 449, "best_val_loss": 0.001949608908034861, "best_epoch": 36, "_wandb": {"runtime": 359}}