{"graph": {"_type": "graph-file", "sha256": "27c5d7819ce561a5403e4afeba735456b1eb39e6f92976330971467468a118db", "size": 740, "path": "media/graph/graph_summary_27c5d7819ce561a5403e.graph.json"}, "epoch": 99, "_timestamp": 1680794193.7187436, "loss": 0.002269786549732089, "mae": 0.02473442628979683, "mse": 0.0008205999038182199, "val_loss": 0.002291489625349641, "val_mae": 0.02562933787703514, "val_mse": 0.0008655446581542492, "lr": 9.999999747378752e-06, "_runtime": 178.48130249977112, "_step": 99, "best_val_loss": 0.002291489625349641, "best_epoch": 99, "_wandb": {"runtime": 178}}