{"graph": {"_type": "graph-file", "sha256": "47ea51b8d45914f1be389dc66ccad836d0a7d1634726b774506c03578821bf83", "size": 734, "path": "media/graph/graph_summary_47ea51b8d45914f1be38.graph.json"}, "epoch": 149, "_timestamp": 1681900276.6255178, "loss": 0.002362646861001849, "mae": 0.03870197758078575, "mse": 0.002032894641160965, "val_loss": 0.0024117392022162676, "val_mae": 0.03903232514858246, "val_mse": 0.0020819888450205326, "lr": 9.999999747378752e-06, "_runtime": 363.0962188243866, "_step": 1349, "best_val_loss": 0.0024117392022162676, "best_epoch": 149, "_wandb": {"runtime": 363}}