{"graph": {"_type": "graph-file", "sha256": "e4def95dab38e204f9cc3d9217ce00f5a4c813a6188e60bf39be3292617d8dfd", "size": 1185, "path": "media/graph/graph_summary_e4def95dab38e204f9cc.graph.json"}, "epoch": 49, "_timestamp": 1681307377.806769, "loss": 0.001914353109896183, "mae": 0.037871211767196655, "mse": 0.001914353109896183, "val_loss": 0.001949981553480029, "val_mae": 0.038300830870866776, "val_mse": 0.001949981553480029, "lr": 9.999999747378752e-06, "_runtime": 65.46408295631409, "_step": 49, "best_val_loss": 0.0019496094901114702, "best_epoch": 24, "_wandb": {"runtime": 64}}