{"graph": {"_type": "graph-file", "sha256": "1ac42279a8a8ee75daecbd716f2cfd7ba2fd41eaabde548ec7ec7a227be58735", "size": 579, "path": "media/graph/graph_summary_1ac42279a8a8ee75daec.graph.json"}, "epoch": 299, "_timestamp": 1684481844.6742482, "loss": 0.00039165004272945225, "mae": 0.013602450489997864, "mse": 0.00031893595587462187, "root_mean_squared_error": 0.017858777195215225, "val_loss": 0.00042005174327641726, "val_mae": 0.01444123312830925, "val_mse": 0.00034733148640953004, "val_root_mean_squared_error": 0.018636830151081085, "lr": 9.999999747378752e-06, "_runtime": 142.477459192276, "_step": 299, "best_val_loss": 0.0004198725800961256, "best_epoch": 295, "_wandb": {"runtime": 141}}