{"graph": {"_type": "graph-file", "sha256": "9ce3499af94d7fcb82376139f2689e596fbabd11ce14e4eb5cfe7bc25e92dbad", "size": 590, "path": "media/graph/graph_summary_9ce3499af94d7fcb8237.graph.json"}, "epoch": 49, "_timestamp": 1681066285.8181515, "loss": 0.0019180286908522248, "mae": 0.037913497537374496, "mse": 0.0019180286908522248, "val_loss": 0.0019542048685252666, "val_mae": 0.03834189847111702, "val_mse": 0.0019542048685252666, "lr": 9.999999747378752e-06, "_runtime": 62.41783547401428, "_step": 49, "best_val_loss": 0.001954204635694623, "best_epoch": 46, "_wandb": {"runtime": 61}}