{"graph": {"_type": "graph-file", "sha256": "70727e19628571cbc7e1a1dfb986a5b8c2859cb2d0ddfff1a94bcc9db56457ae", "size": 878, "path": "media/graph/graph_summary_70727e19628571cbc7e1.graph.json"}, "epoch": 49, "_timestamp": 1681068469.4469447, "loss": 0.001914450665935874, "mae": 0.03787124902009964, "mse": 0.0019144220277667046, "val_loss": 0.0019500431371852756, "val_mae": 0.038300465792417526, "val_mse": 0.0019500147318467498, "lr": 9.999999747378752e-06, "_runtime": 122.42988681793213, "_step": 49, "best_val_loss": 0.001949952100403607, "best_epoch": 32, "_wandb": {"runtime": 121}}