{"graph": {"_type": "graph-file", "sha256": "a087add86b312f72c931294c7356467414b135bb24692633ed22031017b21a0d", "size": 593, "path": "media/graph/graph_summary_a087add86b312f72c931.graph.json"}, "epoch": 299, "_timestamp": 1684439230.1597607, "loss": 0.0012856406392529607, "mae": 0.026612475514411926, "mse": 0.0010842804331332445, "root_mean_squared_error": 0.03292841464281082, "val_loss": 0.0013202606933191419, "val_mae": 0.02692301757633686, "val_mse": 0.0011188997887074947, "val_root_mean_squared_error": 0.03344995900988579, "lr": 9.999999747378752e-06, "_runtime": 197.6849308013916, "_step": 299, "best_val_loss": 0.0013197045773267746, "best_epoch": 293, "_wandb": {"runtime": 196}}