{"graph": {"_type": "graph-file", "sha256": "7393a6e43c33fe1be20afd7a2fa33e6afca3cd4a134f0ad03ad8c81ff24b587c", "size": 576, "path": "media/graph/graph_summary_7393a6e43c33fe1be20a.graph.json"}, "epoch": 49, "_timestamp": 1681573990.1463437, "loss": 0.003991010598838329, "mae": 0.04969321936368942, "mse": 0.0033017343375831842, "val_loss": 0.004018754232674837, "val_mae": 0.0496407151222229, "val_mse": 0.0033300973009318113, "lr": 9.999999747378752e-06, "_runtime": 91.02013063430786, "_step": 49, "best_val_loss": 0.004018754232674837, "best_epoch": 49, "_wandb": {"runtime": 91}}