{"graph": {"_type": "graph-file", "sha256": "a08b533769a8ef6254b803f12c994e6b1b805a21260144814b0df7d153d2e0c1", "size": 733, "path": "media/graph/graph_summary_a08b533769a8ef6254b8.graph.json"}, "epoch": 49, "_timestamp": 1681828560.3122213, "loss": 0.0019386688945814967, "mae": 0.037885405123233795, "mse": 0.001915658824145794, "val_loss": 0.0019754315726459026, "val_mae": 0.03829365596175194, "val_mse": 0.001952531049028039, "lr": 5.7259137975052e-05, "_runtime": 146.08632922172546, "_step": 449, "best_val_loss": 0.0019496256718412042, "best_epoch": 26, "_wandb": {"runtime": 145}}