{"graph": {"_type": "graph-file", "sha256": "62adf72a846d167414421c26f61a059263e9d3957c36b4e12fb587a4b3a0b101", "size": 593, "path": "media/graph/graph_summary_62adf72a846d16741442.graph.json"}, "epoch": 249, "_timestamp": 1684416850.1946304, "loss": 308086.65625, "mae": 548.1560668945312, "mse": 308086.65625, "root_mean_squared_error": 555.0555419921875, "val_loss": 311134.3125, "val_mae": 550.9691772460938, "val_mse": 311134.3125, "val_root_mean_squared_error": 557.7941284179688, "lr": 9.999999747378752e-06, "_runtime": 315.46958327293396, "_step": 249, "best_val_loss": 311134.3125, "best_epoch": 8, "_wandb": {"runtime": 314}}