{"graph": {"_type": "graph-file", "sha256": "e69dad264e70d5b54e07e1a9225fd75d5e30853f78f90278e365c352554c5dd6", "size": 593, "path": "media/graph/graph_summary_e69dad264e70d5b54e07.graph.json"}, "epoch": 49, "_timestamp": 1681744562.45727, "loss": 0.002013174118474126, "mae": 0.03568596392869949, "mse": 0.001729190582409501, "val_loss": 0.0020453790202736855, "val_mae": 0.03600693866610527, "val_mse": 0.0017611291259527206, "lr": 9.999999747378752e-06, "_runtime": 132.56060886383057, "_step": 449, "best_val_loss": 0.0018493614625185728, "best_epoch": 49, "_wandb": {"runtime": 131}}