{"graph": {"_type": "graph-file", "sha256": "91cbcf33022116b3b9c2d98087da8f51ac4dd56e4b0c6c76182620485ffe7f3b", "size": 513, "path": "media/graph/graph_summary_91cbcf33022116b3b9c2.graph.json"}, "epoch": 149, "_timestamp": 1683487443.5719693, "loss": 6.839955312898383e-05, "mae": 0.005740732420235872, "mse": 6.839955312898383e-05, "root_mean_squared_error": 0.008270402438938618, "val_loss": 6.97626601322554e-05, "val_mae": 0.005795247852802277, "val_mse": 6.97626601322554e-05, "val_root_mean_squared_error": 0.008352404460310936, "lr": 0.0005387500277720392, "_runtime": 6881.163573265076, "_step": 149, "best_val_loss": 6.894960824865848e-05, "best_epoch": 142, "_wandb": {"runtime": 6879}}