{"graph": {"_type": "graph-file", "sha256": "147d32a9bcaf37f93815f217b7232d693b1a69f5c6bbdd36718c12313dfb9e0a", "size": 593, "path": "media/graph/graph_summary_147d32a9bcaf37f93815.graph.json"}, "epoch": 149, "_timestamp": 1682019612.7156692, "loss": 0.02750755287706852, "mae": 0.04231230542063713, "mse": 0.0025816152337938547, "val_loss": 0.027293400838971138, "val_mae": 0.04274041950702667, "val_mse": 0.002646966837346554, "lr": 0.004691538866609335, "_runtime": 385.14509320259094, "_step": 1349, "best_val_loss": 0.014140909537672997, "best_epoch": 149, "_wandb": {"runtime": 384}}