{"graph": {"_type": "graph-file", "sha256": "84b8b3a869cd6b6a1342abf27fb1641b053b5ec66b2b83cbdd907bbc6ccffbb7", "size": 1369, "path": "media/graph/graph_summary_84b8b3a869cd6b6a1342.graph.json"}, "epoch": 299, "_timestamp": 1684954500.099904, "loss": 0.027267346158623695, "mae": 0.14066748321056366, "mse": 0.027267346158623695, "root_mean_squared_error": 0.16512829065322876, "val_loss": 0.0269306767731905, "val_mae": 0.13931700587272644, "val_mse": 0.0269306767731905, "val_root_mean_squared_error": 0.16410568356513977, "lr": 9.999999747378752e-06, "_runtime": 403.8797810077667, "_step": 299, "best_val_loss": 0.0269306767731905, "best_epoch": 1, "_wandb": {"runtime": 402}}