{"graph": {"_type": "graph-file", "sha256": "65a644856511e013daeeb8a86882d4dbeba9e535843d05eba135d1a1a55b0643", "size": 882, "path": "media/graph/graph_summary_65a644856511e013daee.graph.json"}, "epoch": 29, "_timestamp": 1681899467.120023, "loss": 0.002121737226843834, "mae": 0.037909943610429764, "mse": 0.001917848945595324, "val_loss": 0.0021593021228909492, "val_mae": 0.03830379992723465, "val_mse": 0.0019552959129214287, "lr": 9.999999747378752e-06, "_runtime": 110.42911005020142, "_step": 269, "best_val_loss": 0.0019498132169246674, "best_epoch": 8, "_wandb": {"runtime": 109}}