{"graph": {"_type": "graph-file", "sha256": "e1d3098bcc7e01e15aa76cebeaf7623999fd17376587a4fcaaee449342e6229f", "size": 1096, "path": "media/graph/graph_summary_e1d3098bcc7e01e15aa7.graph.json"}, "epoch": 149, "_timestamp": 1684871972.8874338, "loss": 5.508237882168032e-05, "mae": 0.005461810156702995, "mse": 5.508237882168032e-05, "root_mean_squared_error": 0.007421750109642744, "val_loss": 5.9558049542829394e-05, "val_mae": 0.0056349108926951885, "val_mse": 5.9558049542829394e-05, "val_root_mean_squared_error": 0.00771738588809967, "lr": 0.00010451585694681853, "_runtime": 171.4884476661682, "_step": 149, "best_val_loss": 5.87026406719815e-05, "best_epoch": 148, "_wandb": {"runtime": 169}}