{"graph": {"_type": "graph-file", "sha256": "ea6372dc7d1f6cf3d976f148ee951c5aceb37c24d8ad82d06f79a10ce36ce3c9", "size": 1099, "path": "media/graph/graph_summary_ea6372dc7d1f6cf3d976.graph.json"}, "epoch": 29, "_timestamp": 1682768532.9111576, "loss": 0.0019236636580899358, "mae": 0.03794318437576294, "mse": 0.0019236636580899358, "root_mean_squared_error": 0.043859586119651794, "val_loss": 0.0019524967065081, "val_mae": 0.038351383060216904, "val_mse": 0.0019524967065081, "val_root_mean_squared_error": 0.04418707266449928, "lr": 0.002595430938526988, "_runtime": 279.2460706233978, "_step": 269, "best_val_loss": 0.0019496529130265117, "best_epoch": 29, "_wandb": {"runtime": 278}}