{"graph": {"_type": "graph-file", "sha256": "05e3b38490a765a8b931c34397b4a1b0099a841d6a522be91e56c7ac4eb9e047", "size": 439, "path": "media/graph/graph_summary_05e3b38490a765a8b931.graph.json"}, "epoch": 149, "_timestamp": 1683455229.2153378, "loss": 8.167399937519804e-05, "mae": 0.006466406863182783, "mse": 8.167399937519804e-05, "root_mean_squared_error": 0.009037367068231106, "val_loss": 8.397514466196299e-05, "val_mae": 0.0065350946970283985, "val_mse": 8.397514466196299e-05, "val_root_mean_squared_error": 0.009163795039057732, "lr": 7.638097304152325e-05, "_runtime": 11527.497816801071, "_step": 1499, "best_val_loss": 7.217230972855759e-07, "best_epoch": 123, "_wandb": {"runtime": 11526}}