{"graph": {"_type": "graph-file", "sha256": "9be8dcfc3bf3ab609eb49f548f65716c42ea887fdfbca8b8de23d07cc1dabad3", "size": 593, "path": "media/graph/graph_summary_9be8dcfc3bf3ab609eb4.graph.json"}, "epoch": 49, "_timestamp": 1682021717.1387205, "loss": 0.0010662798304110765, "mae": 0.025088155642151833, "mse": 0.0009865161264315248, "val_loss": 0.001038388698361814, "val_mae": 0.02493548020720482, "val_mse": 0.0009584962390363216, "lr": 0.0003430992946960032, "_runtime": 332.9365494251251, "_step": 449, "best_val_loss": 0.0007058813935145736, "best_epoch": 46, "_wandb": {"runtime": 332}}