{"graph": {"_type": "graph-file", "sha256": "795a88715d0aba0a3961b5d20f80a2040d1a10798dad2df4eba6a425a54b311f", "size": 590, "path": "media/graph/graph_summary_795a88715d0aba0a3961.graph.json"}, "epoch": 49, "_timestamp": 1680963708.429521, "loss": 0.0008191890665329993, "mae": 0.024716021493077278, "mse": 0.0008191890665329993, "val_loss": 0.0008652390097267926, "val_mae": 0.025662677362561226, "val_mse": 0.0008652390097267926, "lr": 9.999999747378752e-06, "_runtime": 42.530832052230835, "_step": 49, "best_val_loss": 0.0008652368560433388, "best_epoch": 36, "_wandb": {"runtime": 41}}