{"graph": {"_type": "graph-file", "sha256": "5be56f9ee2eb649c2d35ca00756f8a5a08dd8157a7e68c447da7cde94eee7149", "size": 1038, "path": "media/graph/graph_summary_5be56f9ee2eb649c2d35.graph.json"}, "epoch": 49, "_timestamp": 1680960164.9197593, "loss": 0.0029703190084546804, "mae": 0.03535112366080284, "mse": 0.00189534155651927, "val_loss": 0.0019916133023798466, "val_mae": 0.026376983150839806, "val_mse": 0.0009186918614432216, "lr": 9.999999747378752e-06, "_runtime": 97.8794002532959, "_step": 49, "best_val_loss": 0.0019916133023798466, "best_epoch": 49, "_wandb": {"runtime": 97}}