{"graph": {"_type": "graph-file", "sha256": "9f390d00092dc592056caa2499fd890faf2503cadb014d50bb477f525cff9768", "size": 1185, "path": "media/graph/graph_summary_9f390d00092dc592056c.graph.json"}, "epoch": 49, "_timestamp": 1681070049.1408064, "loss": 0.0019144611433148384, "mae": 0.037871576845645905, "mse": 0.0019144261023029685, "val_loss": 0.0019500239286571741, "val_mae": 0.03830072656273842, "val_mse": 0.0019499913323670626, "lr": 9.999999747378752e-06, "_runtime": 89.14422154426575, "_step": 49, "best_val_loss": 0.0019499907502904534, "best_epoch": 37, "_wandb": {"runtime": 88}}