{"graph": {"_type": "graph-file", "sha256": "67e39dc95825729588e5ac36270606e1b7a4ca29510a9b637d14c325df2afab8", "size": 513, "path": "media/graph/graph_summary_67e39dc95825729588e5.graph.json"}, "epoch": 149, "_timestamp": 1684701767.5271227, "loss": 2.1892790755373426e-05, "mae": 0.0033364626578986645, "mse": 2.1892790755373426e-05, "val_loss": 2.1529327568714507e-05, "val_mae": 0.003407391719520092, "val_mse": 2.1529327568714507e-05, "lr": 0.0005387500277720392, "_runtime": 2764.0047447681427, "_step": 149, "best_val_loss": 2.0883595425402746e-05, "best_epoch": 148, "_wandb": {"runtime": 2762}}