{"graph": {"_type": "graph-file", "sha256": "f1cd753f93c341215f83b08b4d6d5ce45f34e6aa77b5edb43b2e7da0f94c0c33", "size": 593, "path": "media/graph/graph_summary_f1cd753f93c341215f83.graph.json"}, "epoch": 199, "_timestamp": 1682954285.3347023, "loss": 0.003420914290472865, "mae": 0.05048085376620293, "mse": 0.0034023569896817207, "root_mean_squared_error": 0.05832972750067711, "val_loss": 0.00342005817219615, "val_mae": 0.05056212097406387, "val_mse": 0.003401500638574362, "val_root_mean_squared_error": 0.05832238495349884, "lr": 9.999999747378752e-06, "_runtime": 2732.7558722496033, "_step": 1999, "best_val_loss": 0.00342005817219615, "best_epoch": 196, "_wandb": {"runtime": 2731}}