{"graph": {"_type": "graph-file", "sha256": "8c6b14638dca273514be70117776907fc2e15abe68cea3fa231e69f1ac478f86", "size": 439, "path": "media/graph/graph_summary_8c6b14638dca273514be.graph.json"}, "epoch": 149, "_timestamp": 1682560261.9096813, "loss": 9.31747563299723e-05, "mae": 0.007203875575214624, "mse": 9.31747563299723e-05, "root_mean_squared_error": 0.009652706794440746, "val_loss": 9.536218567518517e-05, "val_mae": 0.00723021337762475, "val_mse": 9.536218567518517e-05, "val_root_mean_squared_error": 0.009765355847775936, "lr": 9.999999747378752e-06, "_runtime": 2309.5663464069366, "_step": 1349, "best_val_loss": 1.1378322142263642e-06, "best_epoch": 149, "_wandb": {"runtime": 2308}}