{"graph": {"_type": "graph-file", "sha256": "1e5b470641f8742b479759092a15c3049753de6212e4db05372b51c6eb0b1526", "size": 926, "path": "media/graph/graph_summary_1e5b470641f8742b4797.graph.json"}, "epoch": 19, "_timestamp": 1682437733.1948864, "loss": 0.07764118164777756, "mae": 0.2751851975917816, "mse": 0.07764118164777756, "root_mean_squared_error": 0.2786416709423065, "val_loss": 0.07733728736639023, "val_mae": 0.2745681405067444, "val_mse": 0.07733728736639023, "val_root_mean_squared_error": 0.2780958116054535, "lr": 9.999999747378752e-06, "_runtime": 14.931291341781616, "_step": 19, "best_val_loss": 0.07733728736639023, "best_epoch": 0, "_wandb": {"runtime": 13}}