{"graph": {"_type": "graph-file", "sha256": "c32428d287406381d2718861ee671115bb1e128e3ce39d0ddf9f33cb16f978fd", "size": 740, "path": "media/graph/graph_summary_c32428d287406381d271.graph.json"}, "epoch": 49, "_timestamp": 1681309290.6815593, "loss": 2.442371129989624, "mae": 0.03789736330509186, "mse": 0.0019165982957929373, "val_loss": 2.442087411880493, "val_mae": 0.03829972818493843, "val_mse": 0.0019540777429938316, "lr": 9.999999747378752e-06, "_runtime": 85.9175033569336, "_step": 49, "best_val_loss": 2.442087411880493, "best_epoch": 49, "_wandb": {"runtime": 85}}