{"graph": {"_type": "graph-file", "sha256": "79b08f6778947b3bc8a78ef05d3dff856660767dcb2583e232a2bb59d0e5856f", "size": 593, "path": "media/graph/graph_summary_79b08f6778947b3bc8a7.graph.json"}, "epoch": 499, "_timestamp": 1684493543.1840954, "loss": 0.001727970433421433, "mae": 0.02619113028049469, "mse": 0.0012025358155369759, "root_mean_squared_error": 0.034677598625421524, "val_loss": 0.0017032111063599586, "val_mae": 0.025950061157345772, "val_mse": 0.001177774858660996, "val_root_mean_squared_error": 0.034318722784519196, "lr": 9.999999747378752e-06, "_runtime": 498.0037612915039, "_step": 499, "best_val_loss": 0.0017032111063599586, "best_epoch": 499, "_wandb": {"runtime": 498}}