{"graph": {"_type": "graph-file", "sha256": "c43a6a08b8d95bcf8fd69640763fc6156f983d2fce3ea520ce9c63c2dc6a05bf", "size": 565, "path": "media/graph/graph_summary_c43a6a08b8d95bcf8fd6.graph.json"}, "epoch": 499, "_timestamp": 1684524894.605405, "loss": 0.000263564579654485, "mae": 0.011860344558954239, "mse": 0.00019363391038496047, "root_mean_squared_error": 0.013915239833295345, "val_loss": 0.0002842522517312318, "val_mae": 0.012467675842344761, "val_mse": 0.00021431842469610274, "val_root_mean_squared_error": 0.014639617875218391, "lr": 9.999999747378752e-06, "_runtime": 803.4795501232147, "_step": 499, "best_val_loss": 0.0002842522517312318, "best_epoch": 499, "_wandb": {"runtime": 804}}