{"graph": {"_type": "graph-file", "sha256": "bca4089454d6fe79b8ecc889d7aedb6faa5a26175b0120d4161f20e3607a5909", "size": 464, "path": "media/graph/graph_summary_bca4089454d6fe79b8ec.graph.json"}, "epoch": 19, "_timestamp": 1682432357.181355, "loss": 0.001959930406883359, "mae": 0.0385575108230114, "mse": 0.001959930406883359, "root_mean_squared_error": 0.04427110031247139, "R2": -0.0444863997399807, "val_loss": 0.0019520474597811699, "val_mae": 0.03864904120564461, "val_mse": 0.0019520474597811699, "val_root_mean_squared_error": 0.044181980192661285, "val_R2": -0.02276121824979782, "lr": 0.03886345028877258, "_runtime": 13.54229998588562, "_step": 19, "best_val_loss": 0.0019184130942448974, "best_epoch": 15, "_wandb": {"runtime": 12}}