{"graph": {"_type": "graph-file", "sha256": "a087add86b312f72c931294c7356467414b135bb24692633ed22031017b21a0d", "size": 593, "path": "media/graph/graph_summary_a087add86b312f72c931.graph.json"}, "epoch": 199, "_timestamp": 1684356234.8987856, "loss": 0.0027988203801214695, "mae": 0.04008739814162254, "mse": 0.0026142410933971405, "root_mean_squared_error": 0.051129650324583054, "val_loss": 0.002806244883686304, "val_mae": 0.04025615006685257, "val_mse": 0.002621478633955121, "val_root_mean_squared_error": 0.05120037496089935, "lr": 9.999999747378752e-06, "_runtime": 301.63307070732117, "_step": 199, "best_val_loss": 0.002806244883686304, "best_epoch": 199, "_wandb": {"runtime": 301}}