{"graph": {"_type": "graph-file", "sha256": "9eb265a373347b90d3a078cbf2eba6f3621443bec68c0a4c0b554fa5c3bf99fa", "size": 740, "path": "media/graph/graph_summary_9eb265a373347b90d3a0.graph.json"}, "epoch": 49, "_timestamp": 1680964860.6610563, "loss": 0.0008192269597202539, "mae": 0.02471608854830265, "mse": 0.0008191978558897972, "val_loss": 0.0008652640972286463, "val_mae": 0.025660667568445206, "val_mse": 0.0008652345859445632, "lr": 9.999999747378752e-06, "_runtime": 56.356165170669556, "_step": 49, "best_val_loss": 0.000865261594299227, "best_epoch": 34, "_wandb": {"runtime": 55}}