{"graph": {"_type": "graph-file", "sha256": "fcaf4461ef590475c8ff5fad8daf9909c823ec61889dce3ff59a30ab457d98b4", "size": 593, "path": "media/graph/graph_summary_fcaf4461ef590475c8ff.graph.json"}, "epoch": 29, "_timestamp": 1682019094.5507805, "loss": 0.0013315186370164156, "mae": 0.02895219251513481, "mse": 0.0012376421364024282, "val_loss": 0.0013180867535993457, "val_mae": 0.02909374050796032, "val_mse": 0.0012245106045156717, "lr": 0.000928834080696106, "_runtime": 177.10468459129333, "_step": 269, "best_val_loss": 0.000978822004981339, "best_epoch": 26, "_wandb": {"runtime": 176}}