{"graph": {"_type": "graph-file", "sha256": "c9b8455352c6576033a42d0639483f34d79514cf92cfc4ab463692e25de23689", "size": 586, "path": "media/graph/graph_summary_c9b8455352c6576033a4.graph.json"}, "epoch": 299, "_timestamp": 1684507850.8091662, "loss": 0.0013126058038324118, "mae": 0.021049920469522476, "mse": 0.000938885030336678, "root_mean_squared_error": 0.030641229823231697, "val_loss": 0.0011675864225253463, "val_mae": 0.020173346623778343, "val_mse": 0.0007938685594126582, "val_root_mean_squared_error": 0.02817567251622677, "lr": 9.999999747378752e-06, "_runtime": 139.27340126037598, "_step": 299, "best_val_loss": 0.001165321678854525, "best_epoch": 159, "_wandb": {"runtime": 137}}