{"graph": {"_type": "graph-file", "sha256": "b0e991419d33b8f9c145667fc3dc680a07142ed57013a1d3ab881f78806acf0c", "size": 593, "path": "media/graph/graph_summary_b0e991419d33b8f9c145.graph.json"}, "epoch": 29, "_timestamp": 1681910045.4251578, "loss": 0.0012441457947716117, "mae": 0.02752765268087387, "mse": 0.0011456883512437344, "val_loss": 0.0012201883364468813, "val_mae": 0.028081722557544708, "val_mse": 0.0011394000612199306, "lr": 0.0018052469240501523, "_runtime": 220.67758679389954, "_step": 269, "best_val_loss": 0.0008294273866340518, "best_epoch": 29, "_wandb": {"runtime": 220}}