{"graph": {"_type": "graph-file", "sha256": "f04ba8ccb3694ab35f9a828ccaadc81bc61b9269cd6b5336d2861245d5218292", "size": 1104, "path": "media/graph/graph_summary_f04ba8ccb3694ab35f9a.graph.json"}, "epoch": 149, "_timestamp": 1684872306.4804556, "loss": 9.219209459843114e-05, "mae": 0.006906566675752401, "mse": 9.219209459843114e-05, "root_mean_squared_error": 0.009601671248674393, "val_loss": 9.52074842643924e-05, "val_mae": 0.006879100110381842, "val_mse": 9.52074842643924e-05, "val_root_mean_squared_error": 0.009757431223988533, "lr": 0.00010451585694681853, "_runtime": 131.49262261390686, "_step": 149, "best_val_loss": 9.348744060844183e-05, "best_epoch": 136, "_wandb": {"runtime": 130}}