{"graph": {"_type": "graph-file", "sha256": "c43a6a08b8d95bcf8fd69640763fc6156f983d2fce3ea520ce9c63c2dc6a05bf", "size": 565, "path": "media/graph/graph_summary_c43a6a08b8d95bcf8fd6.graph.json"}, "epoch": 299, "_timestamp": 1684427405.4232762, "loss": 0.00032621147693134844, "mae": 0.011892126873135567, "mse": 0.00019764564058277756, "root_mean_squared_error": 0.01405864953994751, "val_loss": 0.0003434467362239957, "val_mae": 0.012473642826080322, "val_mse": 0.00021472819207701832, "val_root_mean_squared_error": 0.014653606340289116, "lr": 9.999999747378752e-06, "_runtime": 111.3736662864685, "_step": 299, "best_val_loss": 0.00034332426730543375, "best_epoch": 294, "_wandb": {"runtime": 110}}