{"graph": {"_type": "graph-file", "sha256": "35b127fcafb4a7b17700312dc4d5e71683c1228017c1a832256f7339eee1e7d2", "size": 431, "path": "media/graph/graph_summary_35b127fcafb4a7b17700.graph.json"}, "epoch": 199, "_timestamp": 1684329228.4171689, "loss": 0.08390132337808609, "mae": 0.25096291303634644, "mse": 0.08390132337808609, "root_mean_squared_error": 0.28965726494789124, "val_loss": 0.08312027156352997, "val_mae": 0.24942022562026978, "val_mse": 0.08312027156352997, "val_root_mean_squared_error": 0.2883058488368988, "lr": 9.999999747378752e-06, "_runtime": 1424.532138824463, "_step": 199, "best_val_loss": 0.08311819285154343, "best_epoch": 72, "_wandb": {"runtime": 1422}}