{"graph": {"_type": "graph-file", "sha256": "9ddb5ce411971f1d49672a7c8823691761f6e113ffb2ba88f02fb4e834056542", "size": 729, "path": "media/graph/graph_summary_9ddb5ce411971f1d4967.graph.json"}, "epoch": 0, "_timestamp": 1681055200.0207565, "loss": 8.757975578308105, "mae": 0.04562525078654289, "mse": 0.003879305673763156, "val_loss": 6.008057594299316, "val_mae": 0.03582124784588814, "val_mse": 0.001817098818719387, "lr": 0.0010000000474974513, "_runtime": 3.2453854084014893, "_step": 0, "best_val_loss": 6.008057594299316, "best_epoch": 0, "_wandb": {"runtime": 2}}