{"graph": {"_type": "graph-file", "sha256": "de22b56f358365512a341e4573d5b6b8a0a54f9e900aecce5d1a9142f2e1136f", "size": 493, "path": "media/graph/graph_summary_de22b56f358365512a34.graph.json"}, "epoch": 149, "_timestamp": 1684698987.1848137, "loss": 4.9484595365356654e-05, "mae": 0.004872269928455353, "mse": 4.9484595365356654e-05, "val_loss": 5.747380782850087e-05, "val_mae": 0.005103546194732189, "val_mse": 5.747380782850087e-05, "lr": 0.0001346875069430098, "_runtime": 1517.406789779663, "_step": 149, "best_val_loss": 5.6925553508335724e-05, "best_epoch": 148, "_wandb": {"runtime": 1515}}