{"graph": {"_type": "graph-file", "sha256": "fcde42a52f944750e91f49ae3e8d2c5dc63726b9e10bb734e55fbbadbf58713e", "size": 1028, "path": "media/graph/graph_summary_fcde42a52f944750e91f.graph.json"}, "epoch": 49, "_timestamp": 1680882861.6742554, "loss": 0.007558970246464014, "mae": 0.024724040180444717, "mse": 0.0008199854055419564, "val_loss": 0.007488180883228779, "val_mae": 0.02565428987145424, "val_mse": 0.0008646230562590063, "lr": 9.999999747378752e-06, "_runtime": 103.938223361969, "_step": 49, "best_val_loss": 0.007488180883228779, "best_epoch": 49, "_wandb": {"runtime": 105}}