{"graph": {"_type": "graph-file", "sha256": "4c8185c8f5e04e39cd8f5552d04239b6d1cd9a5441834b2fc4ce30fde6208e51", "size": 740, "path": "media/graph/graph_summary_4c8185c8f5e04e39cd8f.graph.json"}, "epoch": 0, "_timestamp": 1680802348.9126117, "loss": 10.179678916931152, "mae": 0.07098396122455597, "mse": 0.015559207648038864, "val_loss": 7.479937553405762, "val_mae": 0.02763417363166809, "val_mse": 0.0011606533080339432, "lr": 0.0010000000474974513, "_runtime": 2.0947396755218506, "_step": 0, "best_val_loss": 7.479937553405762, "best_epoch": 0, "_wandb": {"runtime": 1}}