{"graph": {"_type": "graph-file", "sha256": "b3c1897c9468827fe4bb4de27842cb067b4dd7e3383d07d895f776f798fa7c61", "size": 431, "path": "media/graph/graph_summary_b3c1897c9468827fe4bb.graph.json"}, "epoch": 49, "_timestamp": 1682581717.345847, "loss": 0.0019175821216776967, "mae": 0.03790855407714844, "mse": 0.0019175821216776967, "root_mean_squared_error": 0.04379019886255264, "val_loss": 0.0019533284939825535, "val_mae": 0.03834114223718643, "val_mse": 0.0019533284939825535, "val_root_mean_squared_error": 0.0441964790225029, "lr": 0.00561280595138669, "_runtime": 498.71265983581543, "_step": 449, "best_val_loss": 0.0019486271776258945, "best_epoch": 7, "_wandb": {"runtime": 497}}