{"graph": {"_type": "graph-file", "sha256": "b0302349c0cf0c9dc5eeac90500da64e78ff504ba27df9f3e45e96a5b1fe4dee", "size": 926, "path": "media/graph/graph_summary_b0302349c0cf0c9dc5ee.graph.json"}, "epoch": 19, "_timestamp": 1682437751.9214249, "loss": 0.03260417655110359, "mae": 0.1751851886510849, "mse": 0.03260417655110359, "root_mean_squared_error": 0.18056626617908478, "val_loss": 0.032423656433820724, "val_mae": 0.17456819117069244, "val_mse": 0.032423656433820724, "val_root_mean_squared_error": 0.18006570637226105, "lr": 9.999999747378752e-06, "_runtime": 12.501810789108276, "_step": 19, "best_val_loss": 0.032423656433820724, "best_epoch": 0, "_wandb": {"runtime": 11}}