{"graph": {"_type": "graph-file", "sha256": "6b661ee68a9e83fb819a483f5a1668581ecbdd6399e744e8ec02dc700dc82bfe", "size": 593, "path": "media/graph/graph_summary_6b661ee68a9e83fb819a.graph.json"}, "epoch": 249, "_timestamp": 1684516349.4551187, "loss": 0.007593470625579357, "mae": 0.0754958912730217, "mse": 0.007587943691760302, "root_mean_squared_error": 0.0871087983250618, "val_loss": 0.007655118592083454, "val_mae": 0.07551729679107666, "val_mse": 0.007649592123925686, "val_root_mean_squared_error": 0.08746194839477539, "lr": 9.999999747378752e-06, "_runtime": 52.07245874404907, "_step": 249, "best_val_loss": 0.007649186998605728, "best_epoch": 48, "_wandb": {"runtime": 50}}