{"graph": {"_type": "graph-file", "sha256": "1716e56f5af88eae9f2d671833649ffe285eb2f5f6d33376d29b64da6677a7ea", "size": 1376, "path": "media/graph/graph_summary_1716e56f5af88eae9f2d.graph.json"}, "epoch": 299, "_timestamp": 1684954876.1357837, "loss": 0.06510569900274277, "mae": 0.23977181315422058, "mse": 0.06510569900274277, "root_mean_squared_error": 0.2551581859588623, "val_loss": 0.06557708978652954, "val_mae": 0.24091248214244843, "val_mse": 0.06557708978652954, "val_root_mean_squared_error": 0.2560802698135376, "lr": 9.999999747378752e-06, "_runtime": 366.4826955795288, "_step": 299, "best_val_loss": 0.06557708978652954, "best_epoch": 0, "_wandb": {"runtime": 364}}