{"graph": {"_type": "graph-file", "sha256": "b6229827f7cea1f365aa1e8c118938a34e8175280fd4af4a69674d9402c4fa2c", "size": 512, "path": "media/graph/graph_summary_b6229827f7cea1f365aa.graph.json"}, "epoch": 49, "_timestamp": 1683155786.4104085, "loss": 0.003399226814508438, "mae": 0.05046756565570831, "mse": 0.003399226814508438, "root_mean_squared_error": 0.05830288678407669, "val_loss": 0.003398784901946783, "val_mae": 0.050531595945358276, "val_mse": 0.003398784901946783, "val_root_mean_squared_error": 0.058299098163843155, "lr": 0.00853131152689457, "_runtime": 5992.038583517075, "_step": 499, "best_val_loss": 0.0033927648328244686, "best_epoch": 26, "_wandb": {"runtime": 5990}}