{"graph": {"_type": "graph-file", "sha256": "75392d8990f043329e5dc2bf9fcecb097c0f5dd75d79c6dc68580d2e66643c15", "size": 708, "path": "media/graph/graph_summary_75392d8990f043329e5d.graph.json"}, "epoch": 9, "_timestamp": 1680778007.7069063, "loss": 9.103455543518066, "mae": 0.023902038112282753, "mse": 0.0007785797351971269, "val_loss": 9.029439926147461, "val_mae": 0.02460853010416031, "val_mse": 0.0008239822927862406, "lr": 2.499999936844688e-05, "_runtime": 16.575812339782715, "_step": 9, "best_val_loss": 9.029439926147461, "best_epoch": 9, "_wandb": {"runtime": 17}}