{"graph": {"_type": "graph-file", "sha256": "dd5e40f9554f0059afc33a00737cc3926b9c39abeeefcf1816cde3023151145c", "size": 513, "path": "media/graph/graph_summary_dd5e40f9554f0059afc3.graph.json"}, "epoch": 29, "_timestamp": 1682645576.7112064, "loss": 0.007567142136394978, "mae": 0.07518516480922699, "mse": 0.007567142136394978, "root_mean_squared_error": 0.08698932826519012, "val_loss": 0.007510020863264799, "val_mae": 0.07456816732883453, "val_mse": 0.007510020863264799, "val_root_mean_squared_error": 0.08666037768125534, "lr": 0.04089900851249695, "_runtime": 399.34438252449036, "_step": 269, "best_val_loss": 0.00017497215594630688, "best_epoch": 28, "_wandb": {"runtime": 398}}