{"graph": {"_type": "graph-file", "sha256": "8daf7e86f159484d71e9f7b752a36cceda20c4c5aba79e1280e99f4f67d66bb9", "size": 593, "path": "media/graph/graph_summary_8daf7e86f159484d71e9.graph.json"}, "epoch": 499, "_timestamp": 1684491859.190992, "loss": 0.00153851427603513, "mae": 0.024271002039313316, "mse": 0.0011825977126136422, "root_mean_squared_error": 0.03438891842961311, "val_loss": 0.0013841035543009639, "val_mae": 0.023074688389897346, "val_mse": 0.0010281845461577177, "val_root_mean_squared_error": 0.032065317034721375, "lr": 9.999999747378752e-06, "_runtime": 185.7338411808014, "_step": 499, "best_val_loss": 0.0013841035543009639, "best_epoch": 499, "_wandb": {"runtime": 185}}