{"graph": {"_type": "graph-file", "sha256": "428d43ed4ba55bd25f52d194ff345c5907a27f8043c5b04fe59c6e24e8072621", "size": 569, "path": "media/graph/graph_summary_428d43ed4ba55bd25f52.graph.json"}, "epoch": 199, "_timestamp": 1684186107.6327589, "loss": 0.0035141140688210726, "mae": 0.049850013107061386, "mse": 0.0035106416326016188, "val_loss": 0.003517396282404661, "val_mae": 0.0500546470284462, "val_mse": 0.0035138921812176704, "lr": 9.999999747378752e-06, "_runtime": 570.7981648445129, "_step": 199, "best_val_loss": 0.003517396282404661, "best_epoch": 199, "_wandb": {"runtime": 570}}