{"graph": {"_type": "graph-file", "sha256": "b1394f6ac533335fb212020ac6f35e5421f16e5eb784a19f319fca6203007e7f", "size": 1020, "path": "media/graph/graph_summary_b1394f6ac533335fb212.graph.json"}, "epoch": 19, "_timestamp": 1681891231.309773, "loss": 3.3937559127807617, "mae": 0.045230913907289505, "mse": 0.0030293280724436045, "val_loss": 3.393556833267212, "val_mae": 0.045805227011442184, "val_mse": 0.003107229480519891, "lr": 9.999999747378752e-06, "_runtime": 82.53316402435303, "_step": 179, "best_val_loss": 2.3755338191986084, "best_epoch": 19, "_wandb": {"runtime": 81}}