{"graph": {"_type": "graph-file", "sha256": "79b08f6778947b3bc8a78ef05d3dff856660767dcb2583e232a2bb59d0e5856f", "size": 593, "path": "media/graph/graph_summary_79b08f6778947b3bc8a7.graph.json"}, "epoch": 249, "_timestamp": 1684408036.644157, "loss": 0.0008202313911169767, "mae": 0.019085144624114037, "mse": 0.0005941473064012825, "root_mean_squared_error": 0.02437513694167137, "val_loss": 0.0008288802346214652, "val_mae": 0.019115407019853592, "val_mse": 0.0006025525508448482, "val_root_mean_squared_error": 0.024546947330236435, "lr": 9.999999747378752e-06, "_runtime": 329.091992855072, "_step": 249, "best_val_loss": 0.0008285333169624209, "best_epoch": 240, "_wandb": {"runtime": 327}}