{"graph": {"_type": "graph-file", "sha256": "67e39dc95825729588e5ac36270606e1b7a4ca29510a9b637d14c325df2afab8", "size": 513, "path": "media/graph/graph_summary_67e39dc95825729588e5.graph.json"}, "epoch": 149, "_timestamp": 1684576527.8319683, "loss": 0.0008565876050852239, "mae": 0.02528594806790352, "mse": 0.0008565876050852239, "val_loss": 0.0009139257599599659, "val_mae": 0.026453690603375435, "val_mse": 0.0009139257599599659, "lr": 0.0001346875069430098, "_runtime": 3540.748341321945, "_step": 149, "best_val_loss": 0.0009118915186263621, "best_epoch": 22, "_wandb": {"runtime": 3539}}