{"graph": {"_type": "graph-file", "sha256": "62adf72a846d167414421c26f61a059263e9d3957c36b4e12fb587a4b3a0b101", "size": 593, "path": "media/graph/graph_summary_62adf72a846d16741442.graph.json"}, "epoch": 499, "_timestamp": 1684492127.8575003, "loss": 0.001354192034341395, "mae": 0.02183491736650467, "mse": 0.000998854055069387, "root_mean_squared_error": 0.03160465136170387, "val_loss": 0.0012196494499221444, "val_mae": 0.020559757947921753, "val_mse": 0.0008643111796118319, "val_root_mean_squared_error": 0.029399169608950615, "lr": 9.999999747378752e-06, "_runtime": 202.8903203010559, "_step": 499, "best_val_loss": 0.0012196169700473547, "best_epoch": 494, "_wandb": {"runtime": 201}}