{"graph": {"_type": "graph-file", "sha256": "b8c27efc18c72531fa17bd11457154f8e5d8fe5db54a1ea20dc1c0a550cc44f3", "size": 579, "path": "media/graph/graph_summary_b8c27efc18c72531fa17.graph.json"}, "epoch": 9, "_timestamp": 1682356874.631001, "loss": 0.001726791844703257, "mae": 0.02998826839029789, "mse": 0.0014881446259096265, "val_loss": 0.0015981654869392514, "val_mae": 0.029329264536499977, "val_mse": 0.001448242925107479, "lr": 0.09925000369548798, "_runtime": 12.34782099723816, "_step": 9, "best_val_loss": 0.0015446420293301344, "best_epoch": 8, "_wandb": {"runtime": 11}}