{"graph": {"_type": "graph-file", "sha256": "c32428d287406381d2718861ee671115bb1e128e3ce39d0ddf9f33cb16f978fd", "size": 740, "path": "media/graph/graph_summary_c32428d287406381d271.graph.json"}, "epoch": 0, "_timestamp": 1681055264.2681925, "loss": 8.909152030944824, "mae": 0.08761543035507202, "mse": 0.023461978882551193, "val_loss": 6.118265628814697, "val_mae": 0.1316319853067398, "val_mse": 0.018974920734763145, "lr": 0.0010000000474974513, "_runtime": 3.5146265029907227, "_step": 0, "best_val_loss": 6.118265628814697, "best_epoch": 0, "_wandb": {"runtime": 3}}