{"graph": {"_type": "graph-file", "sha256": "347013a5fed21f5a27b399f5e8d16080b30e4d416f8a777f4117177ad5fb2997", "size": 1105, "path": "media/graph/graph_summary_347013a5fed21f5a27b3.graph.json"}, "epoch": 149, "_timestamp": 1683683888.1006463, "loss": 6.049584044376388e-05, "mae": 0.005951357074081898, "mse": 6.049584044376388e-05, "root_mean_squared_error": 0.0077779097482562065, "val_loss": 6.448030762840062e-05, "val_mae": 0.006122497841715813, "val_mse": 6.448030762840062e-05, "val_root_mean_squared_error": 0.00802996288985014, "lr": 9.999999747378752e-06, "_runtime": 4347.355489253998, "_step": 1499, "best_val_loss": 2.989263339259196e-05, "best_epoch": 147, "_wandb": {"runtime": 4346}}