{"graph": {"_type": "graph-file", "sha256": "a5099b7ac0216a0561c9813cf83f3cb6dff7e85d85092033693a7c3908ee180f", "size": 597, "path": "media/graph/graph_summary_a5099b7ac0216a0561c9.graph.json"}, "epoch": 49, "_timestamp": 1682689367.9832127, "loss": 0.0019817191641777754, "mae": 0.037906061857938766, "mse": 0.0019176662899553776, "val_loss": 0.002017602324485779, "val_mae": 0.03830438852310181, "val_mse": 0.0019554859027266502, "lr": 0.0001250000059371814, "_runtime": 118.31648778915405, "_step": 49, "best_val_loss": 0.0020174572709947824, "best_epoch": 48, "_wandb": {"runtime": 117}}