{"graph": {"_type": "graph-file", "sha256": "79b08f6778947b3bc8a78ef05d3dff856660767dcb2583e232a2bb59d0e5856f", "size": 593, "path": "media/graph/graph_summary_79b08f6778947b3bc8a7.graph.json"}, "epoch": 99, "_timestamp": 1684424707.9438581, "loss": 0.001061829854734242, "mae": 0.022020354866981506, "mse": 0.0007838407764211297, "root_mean_squared_error": 0.027997156605124474, "val_loss": 0.0010217579547315836, "val_mae": 0.021656999364495277, "val_mse": 0.0007238715188577771, "val_root_mean_squared_error": 0.026904860511422157, "lr": 0.005337500013411045, "_runtime": 132.6624791622162, "_step": 99, "best_val_loss": 0.0010188800515607, "best_epoch": 98, "_wandb": {"runtime": 131}}