{"graph": {"_type": "graph-file", "sha256": "20e35673a78840d8e0b54e123f95393a3ade2a2f46ebb7dab97e4e71442de47a", "size": 487, "path": "media/graph/graph_summary_20e35673a78840d8e0b5.graph.json"}, "epoch": 99, "_timestamp": 1682498962.4476867, "loss": 2.473070526320953e-05, "mae": 0.0036082733422517776, "mse": 2.473070526320953e-05, "root_mean_squared_error": 0.004972997587174177, "val_loss": 2.351622788410168e-05, "val_mae": 0.0034755251836031675, "val_mse": 2.351622788410168e-05, "val_root_mean_squared_error": 0.004849353339523077, "lr": 0.004310000222176313, "_runtime": 697.9706506729126, "_step": 99, "best_val_loss": 2.035058059846051e-05, "best_epoch": 97, "_wandb": {"runtime": 696}}