{"graph": {"_type": "graph-file", "sha256": "9eb265a373347b90d3a078cbf2eba6f3621443bec68c0a4c0b554fa5c3bf99fa", "size": 740, "path": "media/graph/graph_summary_9eb265a373347b90d3a0.graph.json"}, "epoch": 49, "_timestamp": 1681308698.3564827, "loss": 2.5080771446228027, "mae": 0.03385068103671074, "mse": 0.001582955475896597, "val_loss": 2.507796049118042, "val_mae": 0.03442075848579407, "val_mse": 0.0016315283719450235, "lr": 9.999999747378752e-06, "_runtime": 167.58058977127075, "_step": 49, "best_val_loss": 2.507796049118042, "best_epoch": 49, "_wandb": {"runtime": 167}}