{"graph": {"_type": "graph-file", "sha256": "e69dad264e70d5b54e07e1a9225fd75d5e30853f78f90278e365c352554c5dd6", "size": 593, "path": "media/graph/graph_summary_e69dad264e70d5b54e07.graph.json"}, "epoch": 29, "_timestamp": 1681746917.3791635, "loss": 0.002265059854835272, "mae": 0.03830667585134506, "mse": 0.0019717207178473473, "val_loss": 0.002309569390490651, "val_mae": 0.038664475083351135, "val_mse": 0.0020166372414678335, "lr": 0.001525628031231463, "_runtime": 97.27363538742065, "_step": 269, "best_val_loss": 0.00199191365391016, "best_epoch": 29, "_wandb": {"runtime": 96}}