{"graph": {"_type": "graph-file", "sha256": "b8c27efc18c72531fa17bd11457154f8e5d8fe5db54a1ea20dc1c0a550cc44f3", "size": 579, "path": "media/graph/graph_summary_b8c27efc18c72531fa17.graph.json"}, "epoch": 9, "_timestamp": 1682357616.2435, "loss": 0.0035534787457436323, "mae": 0.0507095642387867, "mse": 0.0034217291977256536, "root_mean_squared_error": 0.058495547622442245, "val_loss": 0.003483944572508335, "val_mae": 0.050219811499118805, "val_mse": 0.0034078359603881836, "val_root_mean_squared_error": 0.058376673609018326, "lr": 0.09925000369548798, "_runtime": 10.01271390914917, "_step": 9, "best_val_loss": 0.0034188220743089914, "best_epoch": 2, "_wandb": {"runtime": 9}}