{"epoch": 295, "_timestamp": 1682531771.8236427, "loss": 0.001623190357349813, "mae": 0.032533589750528336, "mse": 0.001623190357349813, "root_mean_squared_error": 0.040288835763931274, "val_loss": 0.0016857599839568138, "val_mae": 0.03299916908144951, "val_mse": 0.0016857599839568138, "val_root_mean_squared_error": 0.0410580076277256, "lr": 9.999999747378752e-06, "_runtime": 4447.690754652023, "_step": 895}