{"graph": {"_type": "graph-file", "sha256": "20c0edb3806e3791bfbc05ea7541706e246e2aae390be6c9d257832604aae0a2", "size": 512, "path": "media/graph/graph_summary_20c0edb3806e3791bfbc.graph.json"}, "epoch": 49, "_timestamp": 1683146780.4551258, "loss": 0.0017821096116676927, "mae": 0.03135843947529793, "mse": 0.0017821096116676927, "root_mean_squared_error": 0.042215026915073395, "val_loss": 0.0014557858230546117, "val_mae": 0.028079789131879807, "val_mse": 0.0014557858230546117, "val_root_mean_squared_error": 0.03815476596355438, "lr": 0.03156588226556778, "_runtime": 1894.7964367866516, "_step": 499, "best_val_loss": 3.7841331504751e-05, "best_epoch": 47, "_wandb": {"runtime": 1893}}