{"graph": {"_type": "graph-file", "sha256": "b51c67e230dc256c0ff2048d8b4e814d4e87e8198a8493d7a56d00d1f9eee97e", "size": 1096, "path": "media/graph/graph_summary_b51c67e230dc256c0ff2.graph.json"}, "epoch": 149, "_timestamp": 1684871788.8083794, "loss": 0.0002701365447137505, "mae": 0.011915086768567562, "mse": 0.0002701365447137505, "root_mean_squared_error": 0.016435829922556877, "val_loss": 0.00027208789833821356, "val_mae": 0.011954514309763908, "val_mse": 0.00027208789833821356, "val_root_mean_squared_error": 0.01649508811533451, "lr": 5.2257928473409265e-05, "_runtime": 174.33462834358215, "_step": 149, "best_val_loss": 0.00027208789833821356, "best_epoch": 149, "_wandb": {"runtime": 173}}