{"graph": {"_type": "graph-file", "sha256": "8486821397936c04f05eb59477a6c4eccde099a35bc192f206aff187f9f96a33", "size": 770, "path": "media/graph/graph_summary_8486821397936c04f05e.graph.json"}, "epoch": 19, "_timestamp": 1682256784.6512787, "loss": 0.007567142602056265, "mae": 0.07518517225980759, "mse": 0.007567142602056265, "val_loss": 0.0075100199319422245, "val_mae": 0.07456815987825394, "val_mse": 0.0075100199319422245, "lr": 9.999999747378752e-06, "_runtime": 188.8089246749878, "_step": 179, "best_val_loss": 0.0075100199319422245, "best_epoch": 0, "_wandb": {"runtime": 188}}