{"graph": {"_type": "graph-file", "sha256": "a087add86b312f72c931294c7356467414b135bb24692633ed22031017b21a0d", "size": 593, "path": "media/graph/graph_summary_a087add86b312f72c931.graph.json"}, "epoch": 299, "_timestamp": 1684508129.452574, "loss": 0.00131192896515131, "mae": 0.02045070379972458, "mse": 0.0009351851767860353, "root_mean_squared_error": 0.030580798164010048, "val_loss": 0.001192261348478496, "val_mae": 0.019865484908223152, "val_mse": 0.0008155131945386529, "val_root_mean_squared_error": 0.028557192534208298, "lr": 9.999999747378752e-06, "_runtime": 94.56398296356201, "_step": 299, "best_val_loss": 0.0011921866098418832, "best_epoch": 296, "_wandb": {"runtime": 93}}