{"graph": {"_type": "graph-file", "sha256": "9ddb5ce411971f1d49672a7c8823691761f6e113ffb2ba88f02fb4e834056542", "size": 729, "path": "media/graph/graph_summary_9ddb5ce411971f1d4967.graph.json"}, "epoch": 49, "_timestamp": 1680964796.205848, "loss": 0.0008192591485567391, "mae": 0.024716991931200027, "mse": 0.00081923435209319, "val_loss": 0.0008652710821479559, "val_mae": 0.025663454085588455, "val_mse": 0.0008652444230392575, "lr": 9.999999747378752e-06, "_runtime": 63.99785590171814, "_step": 49, "best_val_loss": 0.000865258916746825, "best_epoch": 42, "_wandb": {"runtime": 62}}