{"graph": {"_type": "graph-file", "sha256": "1ac42279a8a8ee75daecbd716f2cfd7ba2fd41eaabde548ec7ec7a227be58735", "size": 579, "path": "media/graph/graph_summary_1ac42279a8a8ee75daec.graph.json"}, "epoch": 249, "_timestamp": 1684404425.917163, "loss": 0.0008765351376496255, "mae": 0.02516648918390274, "mse": 0.0008485430735163391, "root_mean_squared_error": 0.029129762202501297, "val_loss": 0.000938110810238868, "val_mae": 0.026282930746674538, "val_mse": 0.0009101444738917053, "val_root_mean_squared_error": 0.030168600380420685, "lr": 9.999999747378752e-06, "_runtime": 268.8120198249817, "_step": 249, "best_val_loss": 0.000938110810238868, "best_epoch": 249, "_wandb": {"runtime": 268}}