{"graph": {"_type": "graph-file", "sha256": "c9b8455352c6576033a42d0639483f34d79514cf92cfc4ab463692e25de23689", "size": 586, "path": "media/graph/graph_summary_c9b8455352c6576033a4.graph.json"}, "epoch": 249, "_timestamp": 1684415680.852758, "loss": 29885.177734375, "mae": 149.34085083007812, "mse": 29885.177734375, "root_mean_squared_error": 172.873291015625, "val_loss": 29604.603515625, "val_mae": 148.24887084960938, "val_mse": 29604.603515625, "val_root_mean_squared_error": 172.05987548828125, "lr": 9.999999747378752e-06, "_runtime": 373.97506284713745, "_step": 249, "best_val_loss": 29604.603515625, "best_epoch": 8, "_wandb": {"runtime": 372}}