{"graph": {"_type": "graph-file", "sha256": "c43a6a08b8d95bcf8fd69640763fc6156f983d2fce3ea520ce9c63c2dc6a05bf", "size": 565, "path": "media/graph/graph_summary_c43a6a08b8d95bcf8fd6.graph.json"}, "epoch": 299, "_timestamp": 1684846326.3865244, "loss": 0.00022834235278423876, "mae": 0.011450720019638538, "mse": 0.00018302230455446988, "root_mean_squared_error": 0.013528573326766491, "val_loss": 0.00024810718605294824, "val_mae": 0.012020321562886238, "val_mse": 0.00020279498130548745, "val_root_mean_squared_error": 0.014240610413253307, "lr": 9.999999747378752e-06, "_runtime": 132.8036015033722, "_step": 299, "best_val_loss": 0.0002480574476066977, "best_epoch": 294, "_wandb": {"runtime": 131}}