{"graph": {"_type": "graph-file", "sha256": "1a6e41cb709340fe3f1a4fa9b20100c18891d0868756d47ebfd117e2ada3ba34", "size": 766, "path": "media/graph/graph_summary_1a6e41cb709340fe3f1a.graph.json"}, "epoch": 149, "_timestamp": 1682799923.656725, "loss": 0.0075671435333788395, "mae": 0.07518516480922699, "mse": 0.0075671435333788395, "root_mean_squared_error": 0.08698932826519012, "val_loss": 0.0075100199319422245, "val_mae": 0.07456816732883453, "val_mse": 0.0075100199319422245, "val_root_mean_squared_error": 0.08666037023067474, "lr": 9.999999747378752e-06, "_runtime": 323.50281500816345, "_step": 1349, "best_val_loss": 0.0075100199319422245, "best_epoch": 0, "_wandb": {"runtime": 322}}