{"graph": {"_type": "graph-file", "sha256": "3f3897e65bfb894a2e6c89a318b06f7ba1e9e28a86b063c6835fbebc82c94744", "size": 1096, "path": "media/graph/graph_summary_3f3897e65bfb894a2e6c.graph.json"}, "epoch": 29, "_timestamp": 1682749615.1480625, "loss": 0.0019528454868122935, "mae": 0.03826814517378807, "mse": 0.0019528454868122935, "root_mean_squared_error": 0.04419101029634476, "val_loss": 0.0019899255130439997, "val_mae": 0.03871104493737221, "val_mse": 0.0019899255130439997, "val_root_mean_squared_error": 0.04460857808589935, "lr": 8.098281250568107e-05, "_runtime": 150.56428050994873, "_step": 269, "best_val_loss": 0.0019223237177357078, "best_epoch": 24, "_wandb": {"runtime": 149}}