{"graph": {"_type": "graph-file", "sha256": "d36722842b87b1a43da1487f095215d04307a820ffc0c5e88cb6d2d7eefa2798", "size": 579, "path": "media/graph/graph_summary_d36722842b87b1a43da1.graph.json"}, "epoch": 49, "_timestamp": 1681570712.6402864, "loss": 0.00409020995721221, "mae": 0.049661532044410706, "mse": 0.003297351533547044, "val_loss": 0.004116130527108908, "val_mae": 0.049597203731536865, "val_mse": 0.0033260576892644167, "lr": 9.999999747378752e-06, "_runtime": 122.11509251594543, "_step": 49, "best_val_loss": 0.004116130527108908, "best_epoch": 49, "_wandb": {"runtime": 123}}