{"graph": {"_type": "graph-file", "sha256": "a08b533769a8ef6254b803f12c994e6b1b805a21260144814b0df7d153d2e0c1", "size": 733, "path": "media/graph/graph_summary_a08b533769a8ef6254b8.graph.json"}, "epoch": 49, "_timestamp": 1681836312.132238, "loss": 0.0021328022703528404, "mae": 0.03791394457221031, "mse": 0.0019184824777767062, "val_loss": 0.002170944819226861, "val_mae": 0.03830771520733833, "val_mse": 0.001956608146429062, "lr": 9.999999747378752e-06, "_runtime": 84.84852290153503, "_step": 449, "best_val_loss": 0.0019497423199936748, "best_epoch": 15, "_wandb": {"runtime": 84}}