{"graph": {"_type": "graph-file", "sha256": "5597be678b8c77cb204ffc44a07d422e8dadf45df40099ba3f8114cf99a37e4d", "size": 583, "path": "media/graph/graph_summary_5597be678b8c77cb204f.graph.json"}, "epoch": 49, "_timestamp": 1681574286.3397572, "loss": 0.0020170959178358316, "mae": 0.037540681660175323, "mse": 0.001884742989204824, "val_loss": 0.0020500165410339832, "val_mae": 0.03800249099731445, "val_mse": 0.0019204001873731613, "lr": 9.999999747378752e-06, "_runtime": 72.97589015960693, "_step": 49, "best_val_loss": 0.0020500165410339832, "best_epoch": 49, "_wandb": {"runtime": 72}}