{"graph": {"_type": "graph-file", "sha256": "87647593ec0cf08b09dc9d253e2e475668451aa027b7b99f1a0f8541bce6569b", "size": 487, "path": "media/graph/graph_summary_87647593ec0cf08b09dc.graph.json"}, "epoch": 49, "_timestamp": 1682452264.322764, "loss": 4.120607627555728e-05, "mae": 0.004755166359245777, "mse": 4.120607627555728e-05, "root_mean_squared_error": 0.006419195793569088, "val_loss": 2.5505565645289607e-05, "val_mae": 0.003662971779704094, "val_mse": 2.5505565645289607e-05, "val_root_mean_squared_error": 0.005050303414463997, "lr": 0.03448000177741051, "_runtime": 222.97272181510925, "_step": 49, "best_val_loss": 2.3982336642802693e-05, "best_epoch": 43, "_wandb": {"runtime": 221}}