{"graph": {"_type": "graph-file", "sha256": "2910eba9003358c5f98da7e9c12e27bbd61ff5182315926c931febaf8b665ab2", "size": 722, "path": "media/graph/graph_summary_2910eba9003358c5f98d.graph.json"}, "epoch": 9, "_timestamp": 1680778042.027367, "loss": 8.568676948547363, "mae": 0.016074340790510178, "mse": 0.00042983851744793355, "val_loss": 8.504169464111328, "val_mae": 0.01789328083395958, "val_mse": 0.000495546730235219, "lr": 2.499999936844688e-05, "_runtime": 16.88806414604187, "_step": 9, "best_val_loss": 8.504169464111328, "best_epoch": 9, "_wandb": {"runtime": 16}}