{"graph": {"_type": "graph-file", "sha256": "9bc7189b24d497184a211ecf0c9990edd106176e780992dcbe4311c61618a83a", "size": 593, "path": "media/graph/graph_summary_9bc7189b24d497184a21.graph.json"}, "epoch": 699, "_timestamp": 1684451059.5017846, "loss": 0.0008957221871241927, "mae": 0.019140055403113365, "mse": 0.0007161374087445438, "root_mean_squared_error": 0.02676074393093586, "val_loss": 0.0009430870995856822, "val_mae": 0.019659249112010002, "val_mse": 0.0007635384681634605, "val_root_mean_squared_error": 0.027632199227809906, "lr": 9.999999747378752e-06, "_runtime": 555.786598443985, "_step": 699, "best_val_loss": 0.0009430169593542814, "best_epoch": 695, "_wandb": {"runtime": 553}}