{"graph": {"_type": "graph-file", "sha256": "2e433bade24008da84b01a1a14a403d408f60efb41bfb349829a15c3024ac000", "size": 483, "path": "media/graph/graph_summary_2e433bade24008da84b0.graph.json"}, "epoch": 149, "_timestamp": 1683141937.5229607, "loss": 0.0033993986435234547, "mae": 0.05048982799053192, "mse": 0.0033993986435234547, "root_mean_squared_error": 0.05830436199903488, "val_loss": 0.0033996927086263895, "val_mae": 0.05055573210120201, "val_mse": 0.0033996927086263895, "val_root_mean_squared_error": 0.05830688402056694, "lr": 0.00011572607763810083, "_runtime": 1071.1487035751343, "_step": 1499, "best_val_loss": 0.003220980055630207, "best_epoch": 149, "_wandb": {"runtime": 1069}}