{"graph": {"_type": "graph-file", "sha256": "dd5e40f9554f0059afc33a00737cc3926b9c39abeeefcf1816cde3023151145c", "size": 513, "path": "media/graph/graph_summary_dd5e40f9554f0059afc3.graph.json"}, "epoch": 149, "_timestamp": 1683119107.1086679, "loss": 0.00017263203335460275, "mae": 0.009749509394168854, "mse": 0.00017263203335460275, "root_mean_squared_error": 0.013138950802385807, "val_loss": 0.00017554844089318067, "val_mae": 0.009987544268369675, "val_mse": 0.00017554844089318067, "val_root_mean_squared_error": 0.013249468989670277, "lr": 0.0002693750138860196, "_runtime": 3677.07612490654, "_step": 149, "best_val_loss": 0.00017306962399743497, "best_epoch": 148, "_wandb": {"runtime": 3676}}