{"graph": {"_type": "graph-file", "sha256": "68b02e771716f3691059b7c87feb4e7bdb52932286aaeacdbdcdadff983e3d72", "size": 590, "path": "media/graph/graph_summary_68b02e771716f3691059.graph.json"}, "epoch": 49, "_timestamp": 1681056072.4152374, "loss": 0.0017868716968223453, "mae": 0.03635691478848457, "mse": 0.0017868715804070234, "val_loss": 0.0018305565463379025, "val_mae": 0.03691370412707329, "val_mse": 0.0018305565463379025, "lr": 9.999999747378752e-06, "_runtime": 65.55334639549255, "_step": 49, "best_val_loss": 0.0018305565463379025, "best_epoch": 49, "_wandb": {"runtime": 65}}