{"graph": {"_type": "graph-file", "sha256": "0503ee0bf39c37d41789a9ec189b304ec0c0c131a124f15f198c8fb783b607f8", "size": 770, "path": "media/graph/graph_summary_0503ee0bf39c37d41789.graph.json"}, "epoch": 19, "_timestamp": 1682267182.1840513, "loss": 0.007567146327346563, "mae": 0.07518515735864639, "mse": 0.007567145396023989, "val_loss": 0.0075100199319422245, "val_mae": 0.07456815987825394, "val_mse": 0.0075100199319422245, "lr": 0.009763091802597046, "_runtime": 166.98066926002502, "_step": 179, "best_val_loss": 0.0075100199319422245, "best_epoch": 0, "_wandb": {"runtime": 166}}