{"graph": {"_type": "graph-file", "sha256": "79b08f6778947b3bc8a78ef05d3dff856660767dcb2583e232a2bb59d0e5856f", "size": 593, "path": "media/graph/graph_summary_79b08f6778947b3bc8a7.graph.json"}, "epoch": 299, "_timestamp": 1684430392.1118996, "loss": 0.0016163620166480541, "mae": 0.027364274486899376, "mse": 0.0012603804934769869, "root_mean_squared_error": 0.035501837730407715, "val_loss": 0.0017091338522732258, "val_mae": 0.02825731225311756, "val_mse": 0.0013532486045733094, "val_root_mean_squared_error": 0.0367865264415741, "lr": 9.999999747378752e-06, "_runtime": 206.76174664497375, "_step": 299, "best_val_loss": 0.0017075006617233157, "best_epoch": 206, "_wandb": {"runtime": 205}}