{"graph": {"_type": "graph-file", "sha256": "9ed30b1f26893e460ce885adc388934cab5e77ae7884c473c6c2fa2e98b490b0", "size": 487, "path": "media/graph/graph_summary_9ed30b1f26893e460ce8.graph.json"}, "epoch": 49, "_timestamp": 1682433225.450226, "loss": 0.0003945212229155004, "mae": 0.014473727904260159, "mse": 0.0003945212229155004, "root_mean_squared_error": 0.01986255869269371, "R2": 0.784324586391449, "val_loss": 0.0004808675148524344, "val_mae": 0.016257772222161293, "val_mse": 0.0004808675148524344, "val_root_mean_squared_error": 0.0219286922365427, "val_R2": -151.55734252929688, "lr": 0.06136711314320564, "_runtime": 291.6659541130066, "_step": 449, "best_val_loss": 8.822603558655828e-05, "best_epoch": 49, "_wandb": {"runtime": 290}}