{"graph": {"_type": "graph-file", "sha256": "20e35673a78840d8e0b54e123f95393a3ade2a2f46ebb7dab97e4e71442de47a", "size": 487, "path": "media/graph/graph_summary_20e35673a78840d8e0b5.graph.json"}, "epoch": 19, "_timestamp": 1682439916.1712453, "loss": 0.0006183943478390574, "mae": 0.01881566271185875, "mse": 0.0006183943478390574, "root_mean_squared_error": 0.02486753650009632, "val_loss": 0.0011244576890021563, "val_mae": 0.029416950419545174, "val_mse": 0.0011244576890021563, "val_root_mean_squared_error": 0.03353293612599373, "lr": 0.06896000355482101, "_runtime": 59.210570335388184, "_step": 19, "best_val_loss": 0.0004561772511806339, "best_epoch": 17, "_wandb": {"runtime": 58}}