{"graph": {"_type": "graph-file", "sha256": "e69dad264e70d5b54e07e1a9225fd75d5e30853f78f90278e365c352554c5dd6", "size": 593, "path": "media/graph/graph_summary_e69dad264e70d5b54e07.graph.json"}, "epoch": 19, "_timestamp": 1681834014.4101775, "loss": 0.0022377099376171827, "mae": 0.03846399486064911, "mse": 0.0020094781648367643, "val_loss": 0.0022220993414521217, "val_mae": 0.03855029493570328, "val_mse": 0.0019791380036622286, "lr": 0.01776822842657566, "_runtime": 35.36759948730469, "_step": 179, "best_val_loss": 0.00136873172596097, "best_epoch": 19, "_wandb": {"runtime": 34}}