{"graph": {"_type": "graph-file", "sha256": "9eb265a373347b90d3a078cbf2eba6f3621443bec68c0a4c0b554fa5c3bf99fa", "size": 740, "path": "media/graph/graph_summary_9eb265a373347b90d3a0.graph.json"}, "epoch": 49, "_timestamp": 1681310366.932133, "loss": 2.4779651165008545, "mae": 0.03652524575591087, "mse": 0.001793589792214334, "val_loss": 2.4776899814605713, "val_mae": 0.03702002763748169, "val_mse": 0.0018444854067638516, "lr": 9.999999747378752e-06, "_runtime": 164.74617385864258, "_step": 49, "best_val_loss": 2.4776899814605713, "best_epoch": 49, "_wandb": {"runtime": 166}}