{"graph": {"_type": "graph-file", "sha256": "a087add86b312f72c931294c7356467414b135bb24692633ed22031017b21a0d", "size": 593, "path": "media/graph/graph_summary_a087add86b312f72c931.graph.json"}, "epoch": 499, "_timestamp": 1684527458.966468, "loss": 0.001336910529062152, "mae": 0.02683355286717415, "mse": 0.0011155818356201053, "root_mean_squared_error": 0.03340032696723938, "val_loss": 0.001404623151756823, "val_mae": 0.02763756737112999, "val_mse": 0.0011832983000203967, "val_root_mean_squared_error": 0.03439910337328911, "lr": 9.999999747378752e-06, "_runtime": 325.66468620300293, "_step": 499, "best_val_loss": 0.0014038255903869867, "best_epoch": 494, "_wandb": {"runtime": 324}}