{"graph": {"_type": "graph-file", "sha256": "3f3897e65bfb894a2e6c89a318b06f7ba1e9e28a86b063c6835fbebc82c94744", "size": 1096, "path": "media/graph/graph_summary_3f3897e65bfb894a2e6c.graph.json"}, "epoch": 29, "_timestamp": 1682746131.3185236, "loss": 0.001939918496645987, "mae": 0.038130708038806915, "mse": 0.001939918496645987, "root_mean_squared_error": 0.04404449835419655, "val_loss": 0.0019758795388042927, "val_mae": 0.03856354206800461, "val_mse": 0.0019758795388042927, "val_root_mean_squared_error": 0.04445086419582367, "lr": 0.000965108978562057, "_runtime": 175.28059363365173, "_step": 269, "best_val_loss": 0.0019278819672763348, "best_epoch": 29, "_wandb": {"runtime": 174}}