{"graph": {"_type": "graph-file", "sha256": "1ac42279a8a8ee75daecbd716f2cfd7ba2fd41eaabde548ec7ec7a227be58735", "size": 579, "path": "media/graph/graph_summary_1ac42279a8a8ee75daec.graph.json"}, "epoch": 699, "_timestamp": 1684444583.7459474, "loss": 0.0005826092674396932, "mae": 0.017912501469254494, "mse": 0.0004989920416846871, "root_mean_squared_error": 0.022338129580020905, "val_loss": 0.0006436664843931794, "val_mae": 0.019228709861636162, "val_mse": 0.0005600515869446099, "val_root_mean_squared_error": 0.0236654095351696, "lr": 9.999999747378752e-06, "_runtime": 704.8337514400482, "_step": 699, "best_val_loss": 0.0006436664843931794, "best_epoch": 699, "_wandb": {"runtime": 704}}