{"graph": {"_type": "graph-file", "sha256": "828d14aae617c0ef269368b978d0e432dd2a3288c70550b043946938d51eec62", "size": 487, "path": "media/graph/graph_summary_828d14aae617c0ef2693.graph.json"}, "epoch": 99, "_timestamp": 1682498249.7276263, "loss": 0.00018946875934489071, "mae": 0.009875250048935413, "mse": 0.00018946875934489071, "root_mean_squared_error": 0.013764765113592148, "val_loss": 0.00019324375898577273, "val_mae": 0.009569812566041946, "val_mse": 0.00019324375898577273, "val_root_mean_squared_error": 0.013901214115321636, "lr": 0.004310000222176313, "_runtime": 846.4697964191437, "_step": 99, "best_val_loss": 0.00019324375898577273, "best_epoch": 99, "_wandb": {"runtime": 847}}