{"graph": {"_type": "graph-file", "sha256": "62adf72a846d167414421c26f61a059263e9d3957c36b4e12fb587a4b3a0b101", "size": 593, "path": "media/graph/graph_summary_62adf72a846d16741442.graph.json"}, "epoch": 299, "_timestamp": 1684429697.608053, "loss": 0.0016593816690146923, "mae": 0.02751336805522442, "mse": 0.0013265152228996158, "root_mean_squared_error": 0.036421358585357666, "val_loss": 0.0016794063849374652, "val_mae": 0.027803806588053703, "val_mse": 0.0013466238742694259, "val_root_mean_squared_error": 0.03669637441635132, "lr": 9.999999747378752e-06, "_runtime": 243.5328118801117, "_step": 299, "best_val_loss": 0.0016794063849374652, "best_epoch": 299, "_wandb": {"runtime": 243}}