{"graph": {"_type": "graph-file", "sha256": "14318a1699127dcc5d906c704763ff2bfcab4f6d32d0cdc7ba12957f26306092", "size": 1093, "path": "media/graph/graph_summary_14318a1699127dcc5d90.graph.json"}, "epoch": 29, "_timestamp": 1682745300.7888565, "loss": 0.0019167952705174685, "mae": 0.03788372129201889, "mse": 0.0019167952705174685, "root_mean_squared_error": 0.04378122463822365, "val_loss": 0.0019502181094139814, "val_mae": 0.038298480212688446, "val_mse": 0.0019502181094139814, "val_root_mean_squared_error": 0.044161275029182434, "lr": 0.00012250228610355407, "_runtime": 245.2313735485077, "_step": 269, "best_val_loss": 0.0019496085587888956, "best_epoch": 22, "_wandb": {"runtime": 244}}