{"graph": {"_type": "graph-file", "sha256": "883fe32725dd652e0e373402b78d47f9fa8dfd5364bfc46ad41e8ac9106a3ceb", "size": 488, "path": "media/graph/graph_summary_883fe32725dd652e0e37.graph.json"}, "epoch": 49, "_timestamp": 1682432917.1972284, "loss": 0.001915009692311287, "mae": 0.03787465766072273, "mse": 0.001915009692311287, "root_mean_squared_error": 0.04376082494854927, "R2": -0.05923609063029289, "val_loss": 0.0019506042590364814, "val_mae": 0.03830118849873543, "val_mse": 0.0019506042590364814, "val_root_mean_squared_error": 0.04416564479470253, "val_R2": -0.05442039668560028, "lr": 9.999999747378752e-06, "_runtime": 244.05182242393494, "_step": 449, "best_val_loss": 0.0018891673535108566, "best_epoch": 47, "_wandb": {"runtime": 243}}