{"graph": {"_type": "graph-file", "sha256": "659d6965810bece9df8de80eb8042e13521f548a1ff4aefc582b0be3705b38f8", "size": 1181, "path": "media/graph/graph_summary_659d6965810bece9df8d.graph.json"}, "epoch": 49, "_timestamp": 1681306240.7659273, "loss": 0.0019143392564728856, "mae": 0.03787104785442352, "mse": 0.0019143392564728856, "val_loss": 0.0019499732879921794, "val_mae": 0.038300931453704834, "val_mse": 0.0019499732879921794, "lr": 9.999999747378752e-06, "_runtime": 33.155086278915405, "_step": 49, "best_val_loss": 0.001949615078046918, "best_epoch": 18, "_wandb": {"runtime": 31}}