{"graph": {"_type": "graph-file", "sha256": "7f536ae0ffdaf919ed70a5e8df646a81016cb887426c680e7f43e673e651436c", "size": 772, "path": "media/graph/graph_summary_7f536ae0ffdaf919ed70.graph.json"}, "epoch": 149, "_timestamp": 1682705698.9054317, "loss": 0.8115810751914978, "mae": 0.8998148441314697, "mse": 0.8115810751914978, "root_mean_squared_error": 0.9008779525756836, "val_loss": 0.8127270340919495, "val_mae": 0.9004318118095398, "val_mse": 0.8127270340919495, "val_root_mean_squared_error": 0.9015138149261475, "lr": 9.999999747378752e-06, "_runtime": 356.91115975379944, "_step": 1349, "best_val_loss": 0.004492978099733591, "best_epoch": 4, "_wandb": {"runtime": 355}}