{"graph": {"_type": "graph-file", "sha256": "3214fba4a76cf7eed6d3feaa290d31d32cfff8947fe4bf64ca2d0402044502c5", "size": 1095, "path": "media/graph/graph_summary_3214fba4a76cf7eed6d3.graph.json"}, "epoch": 29, "_timestamp": 1683654243.6534169, "loss": 0.0010943913366645575, "mae": 0.024750133976340294, "mse": 0.0010943913366645575, "root_mean_squared_error": 0.03308158367872238, "val_loss": 0.0010456966701894999, "val_mae": 0.023735176771879196, "val_mse": 0.0010456966701894999, "val_root_mean_squared_error": 0.03233723342418671, "lr": 0.0027846735902130604, "_runtime": 182.46464681625366, "_step": 299, "best_val_loss": 0.00015442800940945745, "best_epoch": 26, "_wandb": {"runtime": 181}}