{"graph": {"_type": "graph-file", "sha256": "b03d333e707ceb7b2cf401aec5f09d1e399200f49c6cccf8dad71a51826584d0", "size": 1095, "path": "media/graph/graph_summary_b03d333e707ceb7b2cf4.graph.json"}, "epoch": 29, "_timestamp": 1682778768.4819968, "loss": 0.0006816164241172373, "mae": 0.01905665174126625, "mse": 0.0006816164241172373, "root_mean_squared_error": 0.0261077880859375, "val_loss": 0.0006555220461450517, "val_mae": 0.017404653131961823, "val_mse": 0.0006555220461450517, "val_root_mean_squared_error": 0.025603165850043297, "lr": 0.0015837725950405002, "_runtime": 230.08981084823608, "_step": 269, "best_val_loss": 7.932396692922339e-05, "best_epoch": 28, "_wandb": {"runtime": 228}}