{"graph": {"_type": "graph-file", "sha256": "bbd64619352e4cf0d101a9fd9930e6693d1d5932d9f0ddeb8a9b8136be8ac371", "size": 429, "path": "media/graph/graph_summary_bbd64619352e4cf0d101.graph.json"}, "epoch": 19, "_timestamp": 1682587559.652716, "loss": 0.0019169761799275875, "mae": 0.037894170731306076, "mse": 0.0019169761799275875, "root_mean_squared_error": 0.0437832847237587, "val_loss": 0.0019509095000103116, "val_mae": 0.03832125663757324, "val_mse": 0.0019509095000103116, "val_root_mean_squared_error": 0.0441691018640995, "lr": 0.0173939261585474, "_runtime": 3055.2310128211975, "_step": 179, "best_val_loss": 0.001945420284755528, "best_epoch": 9, "_wandb": {"runtime": 3054}}