{"graph": {"_type": "graph-file", "sha256": "fdbfb9be1fe8e0acde4e81946219a6bb51c096d7512575c59ba8e9e7929809dc", "size": 1038, "path": "media/graph/graph_summary_fdbfb9be1fe8e0acde4e.graph.json"}, "epoch": 49, "_timestamp": 1680889145.4311676, "loss": 0.010106837376952171, "mae": 0.03365098685026169, "mse": 0.0017217540880665183, "val_loss": 0.009122396819293499, "val_mae": 0.02557365410029888, "val_mse": 0.0008648034418001771, "lr": 9.999999747378752e-06, "_runtime": 106.3875687122345, "_step": 49, "best_val_loss": 0.009122396819293499, "best_epoch": 49, "_wandb": {"runtime": 106}}