{"graph": {"_type": "graph-file", "sha256": "c369f61950402fa913dbcbd94a21435d5ba55d17b4d222cb2fe2b46c36f66a58", "size": 512, "path": "media/graph/graph_summary_c369f61950402fa913db.graph.json"}, "epoch": 149, "_timestamp": 1684261699.1299396, "loss": 2.5592946258257143e-05, "mae": 0.003143939422443509, "mse": 2.5592946258257143e-05, "val_loss": 2.762324220384471e-05, "val_mae": 0.0033025189768522978, "val_mse": 2.762324220384471e-05, "lr": 0.0005387500277720392, "_runtime": 7093.567726612091, "_step": 149, "best_val_loss": 2.548753582232166e-05, "best_epoch": 137, "_wandb": {"runtime": 7091}}