{"graph": {"_type": "graph-file", "sha256": "b0e991419d33b8f9c145667fc3dc680a07142ed57013a1d3ab881f78806acf0c", "size": 593, "path": "media/graph/graph_summary_b0e991419d33b8f9c145.graph.json"}, "epoch": 49, "_timestamp": 1681827689.1496348, "loss": 0.001746764057315886, "mae": 0.03411032631993294, "mse": 0.0016105056274682283, "val_loss": 0.0017737477319315076, "val_mae": 0.03439245745539665, "val_mse": 0.0016373354010283947, "lr": 9.999999747378752e-06, "_runtime": 184.0036337375641, "_step": 449, "best_val_loss": 0.0017190410289913416, "best_epoch": 49, "_wandb": {"runtime": 183}}