{"graph": {"_type": "graph-file", "sha256": "2ff39cfc022753b756bf8fbde79df65fe417eb65a85fdfaa76ffeffde16a53db", "size": 1100, "path": "media/graph/graph_summary_2ff39cfc022753b756bf.graph.json"}, "epoch": 149, "_timestamp": 1683667972.3063693, "loss": 6.179387855809182e-05, "mae": 0.0057268086820840836, "mse": 6.179387855809182e-05, "root_mean_squared_error": 0.007860907353460789, "val_loss": 6.676825432805344e-05, "val_mae": 0.005880287848412991, "val_mse": 6.676825432805344e-05, "val_root_mean_squared_error": 0.008171183988451958, "lr": 9.999999747378752e-06, "_runtime": 2112.5477442741394, "_step": 1499, "best_val_loss": 2.058553582173772e-05, "best_epoch": 148, "_wandb": {"runtime": 2111}}