{"graph": {"_type": "graph-file", "sha256": "6e753f31705c38561cfc6b4ef457068dcf4f9f6257279008888c877b63efee4d", "size": 513, "path": "media/graph/graph_summary_6e753f31705c38561cfc.graph.json"}, "epoch": 149, "_timestamp": 1684707226.6166975, "loss": 5.593360401690006e-05, "mae": 0.004870528355240822, "mse": 5.593360401690006e-05, "val_loss": 6.735629722243175e-05, "val_mae": 0.005228069145232439, "val_mse": 6.735629722243175e-05, "lr": 0.0005387500277720392, "_runtime": 5449.581595659256, "_step": 149, "best_val_loss": 6.55781477689743e-05, "best_epoch": 148, "_wandb": {"runtime": 5448}}