{"graph": {"_type": "graph-file", "sha256": "b316eee0dfc40bd7c8e1929c43f8e902fe191e80a511242ecb95b21fce8e25cb", "size": 877, "path": "media/graph/graph_summary_b316eee0dfc40bd7c8e1.graph.json"}, "epoch": 199, "_timestamp": 1681887594.1033936, "loss": 0.0019143339013680816, "mae": 0.03787105530500412, "mse": 0.0019143339013680816, "val_loss": 0.0019499927293509245, "val_mae": 0.03830069676041603, "val_mse": 0.0019499927293509245, "lr": 9.999999747378752e-06, "_runtime": 513.0253486633301, "_step": 1799, "best_val_loss": 0.0019496091408655047, "best_epoch": 16, "_wandb": {"runtime": 512}}