{"graph": {"_type": "graph-file", "sha256": "933e251831c0be6efd41c8002e09d371e7db72c5f1e02b9c50a32c039fd199e2", "size": 770, "path": "media/graph/graph_summary_933e251831c0be6efd41.graph.json"}, "epoch": 199, "_timestamp": 1682278267.7360625, "loss": 0.007567141205072403, "mae": 0.07518516480922699, "mse": 0.007567141205072403, "val_loss": 0.0075100199319422245, "val_mae": 0.07456815987825394, "val_mse": 0.0075100199319422245, "lr": 1.190059174405178e-05, "_runtime": 734.1237936019897, "_step": 1799, "best_val_loss": 0.0075100199319422245, "best_epoch": 0, "_wandb": {"runtime": 733}}