{"graph": {"_type": "graph-file", "sha256": "0aefe818bd72f5996af43d11f603b720f44ba087f2d08bd572ce3fd873a74083", "size": 593, "path": "media/graph/graph_summary_0aefe818bd72f5996af4.graph.json"}, "epoch": 49, "_timestamp": 1681743717.5188725, "loss": 0.0014018104411661625, "mae": 0.03009924292564392, "mse": 0.0013086467515677214, "val_loss": 0.0014089604374021292, "val_mae": 0.030309071764349937, "val_mse": 0.0013158040819689631, "lr": 9.999999747378752e-06, "_runtime": 71.16327857971191, "_step": 449, "best_val_loss": 0.0010056118480861187, "best_epoch": 43, "_wandb": {"runtime": 70}}