{"graph": {"_type": "graph-file", "sha256": "89d947a5cf65a40457e559b2a00189e53ecd4043fa5a7d62ccc933e3b8a9a71b", "size": 1078, "path": "media/graph/graph_summary_89d947a5cf65a40457e5.graph.json"}, "epoch": 149, "_timestamp": 1684866531.5443158, "loss": 3.188317714375444e-05, "mae": 0.004444073885679245, "mse": 3.188317714375444e-05, "root_mean_squared_error": 0.005646518897265196, "val_loss": 3.2043371902545914e-05, "val_mae": 0.004430060740560293, "val_mse": 3.2043371902545914e-05, "val_root_mean_squared_error": 0.005660685710608959, "lr": 5.2257928473409265e-05, "_runtime": 239.0529727935791, "_step": 149, "best_val_loss": 3.2023704989114776e-05, "best_epoch": 146, "_wandb": {"runtime": 237}}