{"graph": {"_type": "graph-file", "sha256": "e6a343afe123b34d9978ca10ce6339b1a7c1a890bfdc26f0d786b46df91b410c", "size": 1162, "path": "media/graph/graph_summary_e6a343afe123b34d9978.graph.json"}, "epoch": 49, "_timestamp": 1680967916.7300944, "loss": 0.0008192833047360182, "mae": 0.024716563522815704, "mse": 0.0008192503591999412, "val_loss": 0.0008652752148918808, "val_mae": 0.025663267821073532, "val_mse": 0.0008652429096400738, "lr": 9.999999747378752e-06, "_runtime": 87.6762683391571, "_step": 49, "best_val_loss": 0.0008652678225189447, "best_epoch": 45, "_wandb": {"runtime": 86}}