{"graph": {"_type": "graph-file", "sha256": "a087add86b312f72c931294c7356467414b135bb24692633ed22031017b21a0d", "size": 593, "path": "media/graph/graph_summary_a087add86b312f72c931.graph.json"}, "epoch": 249, "_timestamp": 1684520459.7782907, "loss": 0.00048023153794929385, "mae": 0.012641103006899357, "mse": 0.00030504565802402794, "root_mean_squared_error": 0.017465556040406227, "val_loss": 0.0005048798047937453, "val_mae": 0.013235267251729965, "val_mse": 0.00032970498432405293, "val_root_mean_squared_error": 0.018157780170440674, "lr": 9.999999747378752e-06, "_runtime": 203.14452171325684, "_step": 249, "best_val_loss": 0.000504544354043901, "best_epoch": 246, "_wandb": {"runtime": 201}}