{"graph": {"_type": "graph-file", "sha256": "3204a7b7641e2d9e53a7be0bac6b59573d3a870a010323d0813c31b846fe6141", "size": 595, "path": "media/graph/graph_summary_3204a7b7641e2d9e53a7.graph.json"}, "epoch": 49, "_timestamp": 1681581755.3386753, "loss": 0.005202666390687227, "mae": 0.03650425374507904, "mse": 0.0018094205297529697, "val_loss": 0.00518471235409379, "val_mae": 0.036997534334659576, "val_mse": 0.001857491792179644, "lr": 9.999999747378752e-06, "_runtime": 84.47238826751709, "_step": 49, "best_val_loss": 0.00518471235409379, "best_epoch": 49, "_wandb": {"runtime": 84}}