{"graph": {"_type": "graph-file", "sha256": "67e39dc95825729588e5ac36270606e1b7a4ca29510a9b637d14c325df2afab8", "size": 513, "path": "media/graph/graph_summary_67e39dc95825729588e5.graph.json"}, "epoch": 399, "_timestamp": 1684791529.7562268, "loss": 0.00011762278154492378, "mae": 0.0075658708810806274, "mse": 0.00011762278154492378, "val_loss": 0.00012495738337747753, "val_mae": 0.00782804749906063, "val_mse": 0.00012495738337747753, "lr": 9.999999747378752e-06, "_runtime": 2006.8707506656647, "_step": 399, "best_val_loss": 0.00012164242070866749, "best_epoch": 342, "_wandb": {"runtime": 2005}}