{"graph": {"_type": "graph-file", "sha256": "70decf8a2dbb52314d7806bfa26597dbe0e2441f241afc4154aaa79d2ac582fe", "size": 593, "path": "media/graph/graph_summary_70decf8a2dbb52314d78.graph.json"}, "epoch": 149, "_timestamp": 1681587182.216348, "loss": 0.002461591735482216, "mae": 0.03765900433063507, "mse": 0.0019014353165403008, "val_loss": 0.0025047557428479195, "val_mae": 0.03807290643453598, "val_mse": 0.0019441379699856043, "lr": 9.999999747378752e-06, "_runtime": 222.21298003196716, "_step": 149, "best_val_loss": 0.0025047557428479195, "best_epoch": 149, "_wandb": {"runtime": 222}}