{"graph": {"_type": "graph-file", "sha256": "c5b057b72f41d98af8db19cadee829de01d335e60b4e9af36b3a2bf83f23e484", "size": 1028, "path": "media/graph/graph_summary_c5b057b72f41d98af8db.graph.json"}, "epoch": 49, "_timestamp": 1680882706.1548645, "loss": 0.007280617021024227, "mae": 0.024732720106840134, "mse": 0.0008202748722396791, "val_loss": 0.0072149187326431274, "val_mae": 0.02564416080713272, "val_mse": 0.0008648931980133057, "lr": 9.999999747378752e-06, "_runtime": 89.98631954193115, "_step": 49, "best_val_loss": 0.0072149187326431274, "best_epoch": 49, "_wandb": {"runtime": 89}}