{"graph": {"_type": "graph-file", "sha256": "aa8b85ad47a063c5efd4a63a7d723358e08020c260802055617919ca22263080", "size": 1101, "path": "media/graph/graph_summary_aa8b85ad47a063c5efd4.graph.json"}, "epoch": 29, "_timestamp": 1683654041.7117796, "loss": 0.0034160041250288486, "mae": 0.05061163380742073, "mse": 0.0034160041250288486, "root_mean_squared_error": 0.05844658985733986, "val_loss": 0.0034149615094065666, "val_mae": 0.05067392811179161, "val_mse": 0.003414961276575923, "val_root_mean_squared_error": 0.05843766778707504, "lr": 9.999999747378752e-06, "_runtime": 553.6204135417938, "_step": 299, "best_val_loss": 0.00329257408156991, "best_epoch": 9, "_wandb": {"runtime": 552}}