{"graph": {"_type": "graph-file", "sha256": "79b08f6778947b3bc8a78ef05d3dff856660767dcb2583e232a2bb59d0e5856f", "size": 593, "path": "media/graph/graph_summary_79b08f6778947b3bc8a7.graph.json"}, "epoch": 249, "_timestamp": 1684417916.655054, "loss": 726980.0625, "mae": 848.1560668945312, "mse": 726980.0625, "root_mean_squared_error": 852.6312866210938, "val_loss": 731715.75, "val_mae": 850.9691772460938, "val_mse": 731715.75, "val_root_mean_squared_error": 855.4038696289062, "lr": 9.999999747378752e-06, "_runtime": 342.8354411125183, "_step": 249, "best_val_loss": 731715.75, "best_epoch": 7, "_wandb": {"runtime": 341}}