{"graph": {"_type": "graph-file", "sha256": "6e7774e3fdb1eda9cfd090d316871433f807c68e02aba0aec6eb73f1b1189884", "size": 513, "path": "media/graph/graph_summary_6e7774e3fdb1eda9cfd0.graph.json"}, "epoch": 149, "_timestamp": 1684043197.6680095, "loss": 8.999535930342972e-05, "mae": 0.007019259501248598, "mse": 8.999535930342972e-05, "root_mean_squared_error": 0.009486588649451733, "val_loss": 9.827345638768747e-05, "val_mae": 0.007437756285071373, "val_mse": 9.827345638768747e-05, "val_root_mean_squared_error": 0.009913296438753605, "lr": 0.0005387500277720392, "_runtime": 6675.309536457062, "_step": 149, "best_val_loss": 9.47847292991355e-05, "best_epoch": 142, "_wandb": {"runtime": 6674}}