{"graph": {"_type": "graph-file", "sha256": "16ecfa3cac81f1273782278afab584fa57113f3a87a4b763ee360bb000c41a74", "size": 740, "path": "media/graph/graph_summary_16ecfa3cac81f1273782.graph.json"}, "epoch": 49, "_timestamp": 1681310543.3236358, "loss": 2.48036527633667, "mae": 0.03554372861981392, "mse": 0.0017187673365697265, "val_loss": 2.480083465576172, "val_mae": 0.0359635092318058, "val_mse": 0.0017624030588194728, "lr": 9.999999747378752e-06, "_runtime": 165.10006880760193, "_step": 49, "best_val_loss": 2.480083465576172, "best_epoch": 49, "_wandb": {"runtime": 167}}