{"graph": {"_type": "graph-file", "sha256": "fdb62e808b5ad715cc8aca84b719f9a5e71312c21b74c81b0fd47343dcc12a51", "size": 567, "path": "media/graph/graph_summary_fdb62e808b5ad715cc8a.graph.json"}, "epoch": 49, "_timestamp": 1684341010.444858, "loss": 0.0019144655670970678, "mae": 0.03787197917699814, "mse": 0.001914462773129344, "root_mean_squared_error": 0.04375457391142845, "val_loss": 0.0019500349881127477, "val_mae": 0.03830026835203171, "val_mse": 0.0019500328926369548, "val_root_mean_squared_error": 0.0441591776907444, "lr": 6.25000029685907e-05, "_runtime": 201.24345207214355, "_step": 49, "best_val_loss": 0.0019497984321787953, "best_epoch": 14, "_wandb": {"runtime": 201}}