{"graph": {"_type": "graph-file", "sha256": "67e39dc95825729588e5ac36270606e1b7a4ca29510a9b637d14c325df2afab8", "size": 513, "path": "media/graph/graph_summary_67e39dc95825729588e5.graph.json"}, "epoch": 149, "_timestamp": 1684669863.8612828, "loss": 0.007617043796926737, "mae": 0.07556075602769852, "mse": 0.007617043796926737, "val_loss": 0.007539713755249977, "val_mae": 0.07526958733797073, "val_mse": 0.007539713755249977, "lr": 0.0001346875069430098, "_runtime": 8469.513616800308, "_step": 149, "best_val_loss": 0.00753827067092061, "best_epoch": 143, "_wandb": {"runtime": 8468}}