{"graph": {"_type": "graph-file", "sha256": "8e1ae19ed6e65bb34823e218134a1c8981dce0698cf4c36219216c1957a86856", "size": 990, "path": "media/graph/graph_summary_8e1ae19ed6e65bb34823.graph.json"}, "epoch": 49, "_timestamp": 1680887990.3413522, "loss": 0.22429020702838898, "mae": 0.024711189791560173, "mse": 0.0008202804601751268, "val_loss": 0.22310960292816162, "val_mae": 0.025659721344709396, "val_mse": 0.0008652208489365876, "lr": 9.999999747378752e-06, "_runtime": 70.75801730155945, "_step": 49, "best_val_loss": 0.22310960292816162, "best_epoch": 49, "_wandb": {"runtime": 71}}