{"graph": {"_type": "graph-file", "sha256": "6764b1db862caad0cc9840de9bb4fbbb2d429a95cb817441994c77a31e6de6ce", "size": 1155, "path": "media/graph/graph_summary_6764b1db862caad0cc98.graph.json"}, "epoch": 49, "_timestamp": 1681069525.5149863, "loss": 0.0033976223785430193, "mae": 0.050587791949510574, "mse": 0.003397587686777115, "val_loss": 0.003406081348657608, "val_mae": 0.05028626695275307, "val_mse": 0.0034060459583997726, "lr": 9.999999747378752e-06, "_runtime": 132.0713222026825, "_step": 49, "best_val_loss": 0.0034060401376336813, "best_epoch": 42, "_wandb": {"runtime": 131}}