{"graph": {"_type": "graph-file", "sha256": "f1406ad1b15778a053e3496bedb6b2630ef1420cd2210017aef6a4767df2ad9a", "size": 593, "path": "media/graph/graph_summary_f1406ad1b15778a053e3.graph.json"}, "epoch": 299, "_timestamp": 1684428983.2095366, "loss": 0.0026027103886008263, "mae": 0.035630855709314346, "mse": 0.0024024914018809795, "root_mean_squared_error": 0.049015216529369354, "val_loss": 0.0026515063364058733, "val_mae": 0.036042626947164536, "val_mse": 0.0024513585958629847, "val_root_mean_squared_error": 0.04951119422912598, "lr": 9.999999747378752e-06, "_runtime": 230.79216861724854, "_step": 299, "best_val_loss": 0.0026510946918278933, "best_epoch": 285, "_wandb": {"runtime": 229}}