{"graph": {"_type": "graph-file", "sha256": "f1406ad1b15778a053e3496bedb6b2630ef1420cd2210017aef6a4767df2ad9a", "size": 593, "path": "media/graph/graph_summary_f1406ad1b15778a053e3.graph.json"}, "epoch": 99, "_timestamp": 1684423896.3740628, "loss": 0.0023296219296753407, "mae": 0.03354274481534958, "mse": 0.0021816599182784557, "root_mean_squared_error": 0.04670824110507965, "val_loss": 0.002385887550190091, "val_mae": 0.03438662365078926, "val_mse": 0.0022476227022707462, "val_root_mean_squared_error": 0.04740909859538078, "lr": 0.0006671875016763806, "_runtime": 136.11753368377686, "_step": 99, "best_val_loss": 0.0023612112272530794, "best_epoch": 95, "_wandb": {"runtime": 134}}