{"graph": {"_type": "graph-file", "sha256": "428d43ed4ba55bd25f52d194ff345c5907a27f8043c5b04fe59c6e24e8072621", "size": 569, "path": "media/graph/graph_summary_428d43ed4ba55bd25f52.graph.json"}, "epoch": 49, "_timestamp": 1682688034.0691073, "loss": 0.0019665942527353764, "mae": 0.037878695875406265, "mse": 0.0019173001637682319, "val_loss": 0.0019983446691185236, "val_mae": 0.03832406923174858, "val_mse": 0.0019502149662002921, "lr": 0.0001250000059371814, "_runtime": 291.22602224349976, "_step": 49, "best_val_loss": 0.0019983446691185236, "best_epoch": 49, "_wandb": {"runtime": 295}}