{"graph": {"_type": "graph-file", "sha256": "b5c0a834d97b343b45e4b13125b4d09a0768a54bcdb194134044bdcdcc011be9", "size": 926, "path": "media/graph/graph_summary_b5c0a834d97b343b45e4.graph.json"}, "epoch": 19, "_timestamp": 1682437690.1640756, "loss": 0.22771529853343964, "mae": 0.47518521547317505, "mse": 0.22771529853343964, "root_mean_squared_error": 0.47719523310661316, "val_loss": 0.22716450691223145, "val_mae": 0.47456806898117065, "val_mse": 0.22716450691223145, "val_root_mean_squared_error": 0.4766177833080292, "lr": 9.999999747378752e-06, "_runtime": 14.344258546829224, "_step": 19, "best_val_loss": 0.22716450691223145, "best_epoch": 0, "_wandb": {"runtime": 13}}