{"graph": {"_type": "graph-file", "sha256": "79b08f6778947b3bc8a78ef05d3dff856660767dcb2583e232a2bb59d0e5856f", "size": 593, "path": "media/graph/graph_summary_79b08f6778947b3bc8a7.graph.json"}, "epoch": 699, "_timestamp": 1684450494.9566429, "loss": 0.002225924516096711, "mae": 0.0372491292655468, "mse": 0.0019600249361246824, "root_mean_squared_error": 0.04427216574549675, "val_loss": 0.002324820728972554, "val_mae": 0.0385209321975708, "val_mse": 0.00205894629471004, "val_root_mean_squared_error": 0.04537561163306236, "lr": 9.999999747378752e-06, "_runtime": 428.9554228782654, "_step": 699, "best_val_loss": 0.0023232547100633383, "best_epoch": 693, "_wandb": {"runtime": 427}}