{"graph": {"_type": "graph-file", "sha256": "0aefe818bd72f5996af43d11f603b720f44ba087f2d08bd572ce3fd873a74083", "size": 593, "path": "media/graph/graph_summary_0aefe818bd72f5996af4.graph.json"}, "epoch": 19, "_timestamp": 1681745768.6686268, "loss": 0.002072563162073493, "mae": 0.03807869926095009, "mse": 0.0019406229257583618, "val_loss": 0.002112646121531725, "val_mae": 0.03845975175499916, "val_mse": 0.0019841203466057777, "lr": 0.010653579607605934, "_runtime": 58.2197208404541, "_step": 179, "best_val_loss": 0.0019538847263902426, "best_epoch": 19, "_wandb": {"runtime": 57}}