{"graph": {"_type": "graph-file", "sha256": "c20c214e3e7585bdf7e69ed05bd426f3fef9e846f1e7c1c5d56e5ce51307f964", "size": 1038, "path": "media/graph/graph_summary_c20c214e3e7585bdf7e6.graph.json"}, "epoch": 49, "_timestamp": 1680888867.571396, "loss": 0.0016356880078092217, "mae": 0.028280170634388924, "mse": 0.0011809252901002765, "val_loss": 0.0013230443000793457, "val_mae": 0.025663362815976143, "val_mse": 0.0008701749611645937, "lr": 9.999999747378752e-06, "_runtime": 93.90017008781433, "_step": 49, "best_val_loss": 0.0013221288099884987, "best_epoch": 48, "_wandb": {"runtime": 92}}