{"graph": {"_type": "graph-file", "sha256": "2910eba9003358c5f98da7e9c12e27bbd61ff5182315926c931febaf8b665ab2", "size": 722, "path": "media/graph/graph_summary_2910eba9003358c5f98d.graph.json"}, "epoch": 49, "_timestamp": 1681318627.6915636, "loss": 1.3752225637435913, "mae": 0.051402315497398376, "mse": 0.0035687044728547335, "val_loss": 1.375015139579773, "val_mae": 0.05155216157436371, "val_mse": 0.003599874908104539, "lr": 9.999999747378752e-06, "_runtime": 98.45148062705994, "_step": 49, "best_val_loss": 1.375015139579773, "best_epoch": 49, "_wandb": {"runtime": 98}}