{"graph": {"_type": "graph-file", "sha256": "9eb265a373347b90d3a078cbf2eba6f3621443bec68c0a4c0b554fa5c3bf99fa", "size": 740, "path": "media/graph/graph_summary_9eb265a373347b90d3a0.graph.json"}, "epoch": 99, "_timestamp": 1680792844.4790566, "loss": 0.08351296931505203, "mae": 0.02395261451601982, "mse": 0.0007718547713011503, "val_loss": 0.08294407278299332, "val_mae": 0.024942385032773018, "val_mse": 0.000823101494461298, "lr": 9.999999747378752e-06, "_runtime": 162.5422215461731, "_step": 99, "best_val_loss": 0.08294407278299332, "best_epoch": 99, "_wandb": {"runtime": 162}}