{"graph": {"_type": "graph-file", "sha256": "b316eee0dfc40bd7c8e1929c43f8e902fe191e80a511242ecb95b21fce8e25cb", "size": 877, "path": "media/graph/graph_summary_b316eee0dfc40bd7c8e1.graph.json"}, "epoch": 19, "_timestamp": 1681901487.9613583, "loss": 0.0031887495424598455, "mae": 0.03788989409804344, "mse": 0.0019170672167092562, "val_loss": 0.00324054341763258, "val_mae": 0.03834214434027672, "val_mse": 0.0019647947046905756, "lr": 0.00696939043700695, "_runtime": 39.989222288131714, "_step": 179, "best_val_loss": 0.0022580926306545734, "best_epoch": 17, "_wandb": {"runtime": 39}}