{"graph": {"_type": "graph-file", "sha256": "74eb4da14a7946959beab73ae4b7d6b7e56fceec427c0e71a986e6b2ab3ab4cb", "size": 579, "path": "media/graph/graph_summary_74eb4da14a7946959bea.graph.json"}, "epoch": 199, "_timestamp": 1684355338.9948323, "loss": 0.0015546121867373586, "mae": 0.027039673179388046, "mse": 0.0013595183845609426, "root_mean_squared_error": 0.03687164559960365, "val_loss": 0.0014960471307858825, "val_mae": 0.027025246992707253, "val_mse": 0.0013013664865866303, "val_root_mean_squared_error": 0.036074455827474594, "lr": 9.999999747378752e-06, "_runtime": 290.09803223609924, "_step": 199, "best_val_loss": 0.0014958262909203768, "best_epoch": 195, "_wandb": {"runtime": 288}}