{"graph": {"_type": "graph-file", "sha256": "75392d8990f043329e5dc2bf9fcecb097c0f5dd75d79c6dc68580d2e66643c15", "size": 708, "path": "media/graph/graph_summary_75392d8990f043329e5d.graph.json"}, "epoch": 49, "_timestamp": 1681050093.4540753, "loss": 0.22065259516239166, "mae": 0.024709684774279594, "mse": 0.0008189761429093778, "val_loss": 0.21951407194137573, "val_mae": 0.02563977800309658, "val_mse": 0.0008648137445561588, "lr": 9.999999747378752e-06, "_runtime": 178.47585034370422, "_step": 49, "best_val_loss": 0.21951407194137573, "best_epoch": 49, "_wandb": {"runtime": 181}}