{"graph": {"_type": "graph-file", "sha256": "cc8da45c1b7a9744967fa531acd5c24a909c31b24b428636b1ad31bc9676222a", "size": 583, "path": "media/graph/graph_summary_cc8da45c1b7a9744967f.graph.json"}, "epoch": 1, "_timestamp": 1682695904.429672, "loss": 0.8555597066879272, "mae": 0.03999099135398865, "mse": 0.0022459235042333603, "val_loss": 0.6117494106292725, "val_mae": 0.0388457328081131, "val_mse": 0.002028453629463911, "lr": 0.0010000000474974513, "_runtime": 7.682704925537109, "_step": 1, "best_val_loss": 0.6117494106292725, "best_epoch": 1, "_wandb": {"runtime": 7}}