{"graph": {"_type": "graph-file", "sha256": "0503ee0bf39c37d41789a9ec189b304ec0c0c131a124f15f198c8fb783b607f8", "size": 770, "path": "media/graph/graph_summary_0503ee0bf39c37d41789.graph.json"}, "epoch": 199, "_timestamp": 1682258110.7129142, "loss": 0.0075671435333788395, "mae": 0.07518517971038818, "mse": 0.0075671435333788395, "val_loss": 0.0075100199319422245, "val_mae": 0.07456815987825394, "val_mse": 0.0075100199319422245, "lr": 9.999999747378752e-06, "_runtime": 805.9919831752777, "_step": 1799, "best_val_loss": 0.0075100199319422245, "best_epoch": 0, "_wandb": {"runtime": 805}}