{"graph": {"_type": "graph-file", "sha256": "198c026e0cff7766b4e29e3665880b1ddb2639e3cf2a3ac9749af3dc4626d190", "size": 597, "path": "media/graph/graph_summary_198c026e0cff7766b4e2.graph.json"}, "epoch": 199, "_timestamp": 1684192381.3099053, "loss": 0.13698869943618774, "mae": 0.36467474699020386, "mse": 0.13698869943618774, "val_loss": 0.1383109837770462, "val_mae": 0.3665222227573395, "val_mse": 0.1383109837770462, "lr": 9.999999747378752e-06, "_runtime": 745.5260121822357, "_step": 199, "best_val_loss": 0.13831032812595367, "best_epoch": 37, "_wandb": {"runtime": 743}}