{"graph": {"_type": "graph-file", "sha256": "176169cf2e260c4e7952ee4b83eff6f50cad3ac87c622524399efdf7ec9ca59a", "size": 593, "path": "media/graph/graph_summary_176169cf2e260c4e7952.graph.json"}, "epoch": 299, "_timestamp": 1684441115.7301629, "loss": 0.0007166487630456686, "mae": 0.021049614995718002, "mse": 0.0006405633175745606, "root_mean_squared_error": 0.025309352204203606, "val_loss": 0.0007486320100724697, "val_mae": 0.02184230089187622, "val_mse": 0.0006726071005687118, "val_root_mean_squared_error": 0.025934670120477676, "lr": 9.999999747378752e-06, "_runtime": 412.30300974845886, "_step": 299, "best_val_loss": 0.0007485748501494527, "best_epoch": 298, "_wandb": {"runtime": 410}}