{"graph": {"_type": "graph-file", "sha256": "c6d503f86f78d4fd10a788fb1f61986fe34bd78dc03217c7428ec89bc81e633e", "size": 1133, "path": "media/graph/graph_summary_c6d503f86f78d4fd10a7.graph.json"}, "epoch": 49, "_timestamp": 1681069387.0396361, "loss": 0.001914416323415935, "mae": 0.037871118634939194, "mse": 0.0019143779063597322, "val_loss": 0.0019500916823744774, "val_mae": 0.038300126791000366, "val_mse": 0.0019500470953062177, "lr": 9.999999747378752e-06, "_runtime": 110.78841614723206, "_step": 49, "best_val_loss": 0.0019499409245327115, "best_epoch": 38, "_wandb": {"runtime": 110}}