{"graph": {"_type": "graph-file", "sha256": "ba7675b3881617dc55a5fd5f3ad2ac35b15f00dcc2efbb97362060e917a370e0", "size": 1036, "path": "media/graph/graph_summary_ba7675b3881617dc55a5.graph.json"}, "epoch": 14, "_timestamp": 1680881480.155166, "loss": 0.33304134011268616, "mae": 0.02397121489048004, "mse": 0.0007779693114571273, "val_loss": 0.3138955533504486, "val_mae": 0.0250365249812603, "val_mse": 0.0008694887510500848, "lr": 0.0001250000059371814, "_runtime": 43.10123896598816, "_step": 14, "best_val_loss": 0.3138955533504486, "best_epoch": 14, "_wandb": {"runtime": 44}}