{"graph": {"_type": "graph-file", "sha256": "cfd359a1e091eb2c2ee8552724924b1d6f6f028639a8c47a87f0a8d658c8b927", "size": 484, "path": "media/graph/graph_summary_cfd359a1e091eb2c2ee8.graph.json"}, "epoch": 49, "_timestamp": 1682433740.8713264, "loss": 0.0007257506367750466, "mae": 0.020949481055140495, "mse": 0.0007257506367750466, "root_mean_squared_error": 0.02693975903093815, "R2": 0.6051486730575562, "val_loss": 0.0006629764684475958, "val_mae": 0.02026691660284996, "val_mse": 0.0006629764684475958, "val_root_mean_squared_error": 0.025748329237103462, "val_R2": -127.34180450439453, "lr": 0.05500950291752815, "_runtime": 173.91812348365784, "_step": 449, "best_val_loss": 0.00021791880135424435, "best_epoch": 49, "_wandb": {"runtime": 173}}