{"graph": {"_type": "graph-file", "sha256": "cd41cf1637564050c56b587de0d9065ad3241a3ae052808d94519eb5b78f162b", "size": 1094, "path": "media/graph/graph_summary_cd41cf1637564050c56b.graph.json"}, "epoch": 29, "_timestamp": 1682750180.1357381, "loss": 0.0019337163539603353, "mae": 0.03806593641638756, "mse": 0.0019337163539603353, "root_mean_squared_error": 0.04397404193878174, "val_loss": 0.0019698196556419134, "val_mae": 0.03849995136260986, "val_mse": 0.0019698196556419134, "val_root_mean_squared_error": 0.04438265040516853, "lr": 0.001474908902309835, "_runtime": 88.35876703262329, "_step": 269, "best_val_loss": 0.001918161753565073, "best_epoch": 25, "_wandb": {"runtime": 87}}