{"graph": {"_type": "graph-file", "sha256": "1eb9d47744b1b19d409af2d297b9f6820ff3b39e4d33bc084d0a8d2988a7dc7b", "size": 1097, "path": "media/graph/graph_summary_1eb9d47744b1b19d409a.graph.json"}, "epoch": 19, "_timestamp": 1682765277.8981097, "loss": 0.001916426233947277, "mae": 0.03789655119180679, "mse": 0.001916426233947277, "root_mean_squared_error": 0.04377700760960579, "val_loss": 0.0019507438410073519, "val_mae": 0.038305990397930145, "val_mse": 0.0019507438410073519, "val_root_mean_squared_error": 0.044167228043079376, "lr": 0.046761948615312576, "_runtime": 101.09971761703491, "_step": 179, "best_val_loss": 0.001949627767316997, "best_epoch": 15, "_wandb": {"runtime": 99}}