{"graph": {"_type": "graph-file", "sha256": "3f7941e1061a62b0a3b348a4ec9512e557faae56e5ce87fc57fda166a6f1843f", "size": 484, "path": "media/graph/graph_summary_3f7941e1061a62b0a3b3.graph.json"}, "epoch": 149, "_timestamp": 1683136278.5715754, "loss": 0.0034022273030132055, "mae": 0.05049130693078041, "mse": 0.0034022273030132055, "root_mean_squared_error": 0.05832861363887787, "val_loss": 0.0034020147286355495, "val_mae": 0.05055810883641243, "val_mse": 0.0034020147286355495, "val_root_mean_squared_error": 0.05832679197192192, "lr": 0.0005648558144457638, "_runtime": 5699.20446228981, "_step": 1499, "best_val_loss": 0.00336892856284976, "best_epoch": 148, "_wandb": {"runtime": 5697}}