{"graph": {"_type": "graph-file", "sha256": "77ac9d780cc44c4535a67871d7f4c93a87b1701e0b31ec274c019d9f97fc0304", "size": 606, "path": "media/graph/graph_summary_77ac9d780cc44c4535a6.graph.json"}, "epoch": 0, "_timestamp": 1684696512.0375278, "loss": 3.298314332962036, "mae": 1.1646511554718018, "mse": 2.0378644466400146, "val_loss": 3.1790876388549805, "val_mae": 1.054093599319458, "val_mse": 1.207167625427246, "lr": 0.04270000010728836, "_runtime": 4.552688837051392, "_step": 0, "best_val_loss": 3.1790876388549805, "best_epoch": 0, "_wandb": {"runtime": 3}}