{"graph": {"_type": "graph-file", "sha256": "d397f0f6d89811b47dde07f992f73af2e7ad88931777e60623fede90490ed4c3", "size": 596, "path": "media/graph/graph_summary_d397f0f6d89811b47dde.graph.json"}, "epoch": 49, "_timestamp": 1681573166.246588, "loss": 0.0028051126282662153, "mae": 0.03688041493296623, "mse": 0.0018365336582064629, "val_loss": 0.0028585256077349186, "val_mae": 0.03739921376109123, "val_mse": 0.0018916999688372016, "lr": 9.999999747378752e-06, "_runtime": 78.30063104629517, "_step": 49, "best_val_loss": 0.0028585256077349186, "best_epoch": 49, "_wandb": {"runtime": 78}}