{"graph": {"_type": "graph-file", "sha256": "86994d56127f456294a9eb96562c3aa9a38fe697e127c009804230aa906b5c55", "size": 770, "path": "media/graph/graph_summary_86994d56127f456294a9.graph.json"}, "epoch": 149, "_timestamp": 1682272912.8178046, "loss": 0.0075671435333788395, "mae": 0.07518517225980759, "mse": 0.0075671435333788395, "val_loss": 0.007510020863264799, "val_mae": 0.07456815987825394, "val_mse": 0.007510020863264799, "lr": 9.999999747378752e-06, "_runtime": 641.0464336872101, "_step": 1349, "best_val_loss": 0.007510020863264799, "best_epoch": 0, "_wandb": {"runtime": 640}}