{"graph": {"_type": "graph-file", "sha256": "87647593ec0cf08b09dc9d253e2e475668451aa027b7b99f1a0f8541bce6569b", "size": 487, "path": "media/graph/graph_summary_87647593ec0cf08b09dc.graph.json"}, "epoch": 149, "_timestamp": 1682876020.5452206, "loss": 3.522344559314661e-05, "mae": 0.0041983239352703094, "mse": 3.522344559314661e-05, "root_mean_squared_error": 0.005934934597462416, "val_loss": 3.575896698748693e-05, "val_mae": 0.004212748259305954, "val_mse": 3.575896698748693e-05, "val_root_mean_squared_error": 0.005979880224913359, "lr": 0.0005387500277720392, "_runtime": 1191.7633745670319, "_step": 149, "best_val_loss": 2.8213275072630495e-05, "best_epoch": 39, "_wandb": {"runtime": 1190}}