{"graph": {"_type": "graph-file", "sha256": "e1c5146a14dac9e891034494e5f615d9a4c30822e28e092be8532ce92df9540b", "size": 579, "path": "media/graph/graph_summary_e1c5146a14dac9e89103.graph.json"}, "epoch": 49, "_timestamp": 1681320229.2280273, "loss": 0.004018325824290514, "mae": 0.049480635672807693, "mse": 0.0032696619164198637, "val_loss": 0.004045995883643627, "val_mae": 0.049419302493333817, "val_mse": 0.003297599032521248, "lr": 9.999999747378752e-06, "_runtime": 75.4688024520874, "_step": 49, "best_val_loss": 0.004045995883643627, "best_epoch": 49, "_wandb": {"runtime": 75}}