{"graph": {"_type": "graph-file", "sha256": "ec35f05d1e54fd35919b3ecc8d79a013754072fc4ad47a08ee56275424f77d50", "size": 964, "path": "media/graph/graph_summary_ec35f05d1e54fd35919b.graph.json"}, "epoch": 49, "_timestamp": 1682663619.1499922, "loss": 0.0019148499704897404, "mae": 0.037864457815885544, "mse": 0.0019148499704897404, "root_mean_squared_error": 0.043758999556303024, "val_loss": 0.0019511242862790823, "val_mae": 0.03829226270318031, "val_mse": 0.0019511242862790823, "val_root_mean_squared_error": 0.0441715344786644, "lr": 0.011433552950620651, "_runtime": 2104.264880180359, "_step": 449, "best_val_loss": 0.0019435709109529853, "best_epoch": 42, "_wandb": {"runtime": 2102}}