{"graph": {"_type": "graph-file", "sha256": "147d32a9bcaf37f93815f217b7232d693b1a69f5c6bbdd36718c12313dfb9e0a", "size": 593, "path": "media/graph/graph_summary_147d32a9bcaf37f93815.graph.json"}, "epoch": 49, "_timestamp": 1682023823.9403384, "loss": 0.0015727314166724682, "mae": 0.032019518315792084, "mse": 0.0014552702195942402, "val_loss": 0.0016034713480621576, "val_mae": 0.03253705054521561, "val_mse": 0.0014866505516692996, "lr": 3.057937647099607e-05, "_runtime": 371.43592643737793, "_step": 449, "best_val_loss": 0.0008282291819341481, "best_epoch": 47, "_wandb": {"runtime": 370}}