{"graph": {"_type": "graph-file", "sha256": "16ecfa3cac81f1273782278afab584fa57113f3a87a4b763ee360bb000c41a74", "size": 740, "path": "media/graph/graph_summary_16ecfa3cac81f1273782.graph.json"}, "epoch": 9, "_timestamp": 1680778154.4222016, "loss": 8.56344985961914, "mae": 0.017907464876770973, "mse": 0.0004941304796375334, "val_loss": 8.5060396194458, "val_mae": 0.019526485353708267, "val_mse": 0.0005484024877659976, "lr": 2.499999936844688e-05, "_runtime": 19.457189559936523, "_step": 9, "best_val_loss": 8.5060396194458, "best_epoch": 9, "_wandb": {"runtime": 19}}