{"graph": {"_type": "graph-file", "sha256": "e69dad264e70d5b54e07e1a9225fd75d5e30853f78f90278e365c352554c5dd6", "size": 593, "path": "media/graph/graph_summary_e69dad264e70d5b54e07.graph.json"}, "epoch": 29, "_timestamp": 1681746753.4703417, "loss": 0.001704858266748488, "mae": 0.032310254871845245, "mse": 0.001480863313190639, "val_loss": 0.0017282452899962664, "val_mae": 0.0327325165271759, "val_mse": 0.0015071273082867265, "lr": 0.0001862608769442886, "_runtime": 53.27915668487549, "_step": 269, "best_val_loss": 0.0014306512894108891, "best_epoch": 29, "_wandb": {"runtime": 52}}