{"graph": {"_type": "graph-file", "sha256": "0aefe818bd72f5996af43d11f603b720f44ba087f2d08bd572ce3fd873a74083", "size": 593, "path": "media/graph/graph_summary_0aefe818bd72f5996af4.graph.json"}, "epoch": 49, "_timestamp": 1681919846.8040562, "loss": 0.0012054939288645983, "mae": 0.027254853397607803, "mse": 0.0011167434277012944, "val_loss": 0.0011572595685720444, "val_mae": 0.02676408365368843, "val_mse": 0.0010681417770683765, "lr": 0.023422351107001305, "_runtime": 77.47204327583313, "_step": 449, "best_val_loss": 0.0008323850343003869, "best_epoch": 48, "_wandb": {"runtime": 76}}