{"graph": {"_type": "graph-file", "sha256": "8717d4f0ae6ad130f7bf6caacc70c1229f52b712d8386517ab1831eaa8fa9542", "size": 1099, "path": "media/graph/graph_summary_8717d4f0ae6ad130f7bf.graph.json"}, "epoch": 149, "_timestamp": 1683659769.7470171, "loss": 7.008587272139266e-05, "mae": 0.005896022077649832, "mse": 7.008587272139266e-05, "root_mean_squared_error": 0.008371730335056782, "val_loss": 7.562212704215199e-05, "val_mae": 0.006116883829236031, "val_mse": 7.562212704215199e-05, "val_root_mean_squared_error": 0.008696097880601883, "lr": 9.999999747378752e-06, "_runtime": 5515.963806152344, "_step": 1499, "best_val_loss": 1.5079691365826875e-05, "best_epoch": 147, "_wandb": {"runtime": 5514}}