{"graph": {"_type": "graph-file", "sha256": "fdbfb9be1fe8e0acde4e81946219a6bb51c096d7512575c59ba8e9e7929809dc", "size": 1038, "path": "media/graph/graph_summary_fdbfb9be1fe8e0acde4e.graph.json"}, "epoch": 49, "_timestamp": 1680960056.639947, "loss": 0.070762038230896, "mae": 0.03218997269868851, "mse": 0.0016001434996724129, "val_loss": 0.06944532692432404, "val_mae": 0.025101711973547935, "val_mse": 0.0008387102279812098, "lr": 9.999999747378752e-06, "_runtime": 155.552099943161, "_step": 49, "best_val_loss": 0.06944532692432404, "best_epoch": 49, "_wandb": {"runtime": 156}}