{"graph": {"_type": "graph-file", "sha256": "fcaf4461ef590475c8ff5fad8daf9909c823ec61889dce3ff59a30ab457d98b4", "size": 593, "path": "media/graph/graph_summary_fcaf4461ef590475c8ff.graph.json"}, "epoch": 19, "_timestamp": 1682076706.3540435, "loss": 0.2059347927570343, "mae": 0.4525294601917267, "mse": 0.2059347927570343, "val_loss": 0.20654915273189545, "val_mae": 0.45319458842277527, "val_mse": 0.20654915273189545, "lr": 9.999999747378752e-06, "_runtime": 57.853110551834106, "_step": 179, "best_val_loss": 0.002067873952910304, "best_epoch": 19, "_wandb": {"runtime": 57}}