{"graph": {"_type": "graph-file", "sha256": "c43a6a08b8d95bcf8fd69640763fc6156f983d2fce3ea520ce9c63c2dc6a05bf", "size": 565, "path": "media/graph/graph_summary_c43a6a08b8d95bcf8fd6.graph.json"}, "epoch": 99, "_timestamp": 1684419941.5348449, "loss": 807.5001220703125, "mae": 24.25758934020996, "mse": 807.4791870117188, "root_mean_squared_error": 28.41617774963379, "val_loss": 785.9362182617188, "val_mae": 23.65619468688965, "val_mse": 785.9151611328125, "val_root_mean_squared_error": 28.034177780151367, "lr": 0.0010000000474974513, "_runtime": 256.2740697860718, "_step": 99, "best_val_loss": 785.9362182617188, "best_epoch": 99, "_wandb": {"runtime": 256}}