{"graph": {"_type": "graph-file", "sha256": "6b661ee68a9e83fb819a483f5a1668581ecbdd6399e744e8ec02dc700dc82bfe", "size": 593, "path": "media/graph/graph_summary_6b661ee68a9e83fb819a.graph.json"}, "epoch": 199, "_timestamp": 1684399365.8158355, "loss": 0.016025206074118614, "mae": 0.08439227193593979, "mse": 0.015034644864499569, "root_mean_squared_error": 0.12261584401130676, "val_loss": 0.015729151666164398, "val_mae": 0.08373888581991196, "val_mse": 0.014738485217094421, "val_root_mean_squared_error": 0.12140216678380966, "lr": 1.0424804713693447e-05, "_runtime": 790.5045673847198, "_step": 199, "best_val_loss": 0.01572873815894127, "best_epoch": 197, "_wandb": {"runtime": 789}}