{"graph": {"_type": "graph-file", "sha256": "e69dad264e70d5b54e07e1a9225fd75d5e30853f78f90278e365c352554c5dd6", "size": 593, "path": "media/graph/graph_summary_e69dad264e70d5b54e07.graph.json"}, "epoch": 29, "_timestamp": 1681839658.7684348, "loss": 0.0019143508980050683, "mae": 0.037871118634939194, "mse": 0.0019143461249768734, "val_loss": 0.0019499860936775804, "val_mae": 0.03830083832144737, "val_mse": 0.0019499812042340636, "lr": 9.999999747378752e-06, "_runtime": 59.570271730422974, "_step": 269, "best_val_loss": 0.001949875382706523, "best_epoch": 10, "_wandb": {"runtime": 58}}