{"graph": {"_type": "graph-file", "sha256": "bc117795c950aa4dca5bb352c893e239b73c7a83648a66fd426c22f426537b73", "size": 593, "path": "media/graph/graph_summary_bc117795c950aa4dca5b.graph.json"}, "epoch": 9, "_timestamp": 1682436919.0050056, "loss": 0.0021958849392831326, "mae": 0.038395196199417114, "mse": 0.001988467527553439, "root_mean_squared_error": 0.04459223523736, "R2": -0.0767400860786438, "val_loss": 0.0022924805525690317, "val_mae": 0.03841632604598999, "val_mse": 0.0019599604420363903, "val_root_mean_squared_error": 0.04427143931388855, "val_R2": -805.8199462890625, "lr": 0.09925000369548798, "_runtime": 7.920360565185547, "_step": 9, "best_val_loss": 0.001999923726543784, "best_epoch": 5, "_wandb": {"runtime": 6}}