{"graph": {"_type": "graph-file", "sha256": "e61e9e0fe6082f59c724040cb55b7790425c52f7796885a7bbb4f86129308f32", "size": 1185, "path": "media/graph/graph_summary_e61e9e0fe6082f59c724.graph.json"}, "epoch": 0, "_timestamp": 1681306303.4106352, "loss": 3.542917490005493, "mae": 0.059153903275728226, "mse": 0.010199322365224361, "val_loss": 0.03462470695376396, "val_mae": 0.0409071147441864, "val_mse": 0.002371671376749873, "lr": 0.10000000149011612, "_runtime": 3.9747233390808105, "_step": 0, "best_val_loss": 0.03462470695376396, "best_epoch": 0}