{"graph": {"_type": "graph-file", "sha256": "1ac42279a8a8ee75daecbd716f2cfd7ba2fd41eaabde548ec7ec7a227be58735", "size": 579, "path": "media/graph/graph_summary_1ac42279a8a8ee75daec.graph.json"}, "epoch": 199, "_timestamp": 1684355020.5679052, "loss": 0.0007799281738698483, "mae": 0.018917430192232132, "mse": 0.000665104656945914, "root_mean_squared_error": 0.025789622217416763, "val_loss": 0.00080302165588364, "val_mae": 0.01898634061217308, "val_mse": 0.0006880216533318162, "val_root_mean_squared_error": 0.026230165734887123, "lr": 9.999999747378752e-06, "_runtime": 193.68709516525269, "_step": 199, "best_val_loss": 0.0008028653101064265, "best_epoch": 193, "_wandb": {"runtime": 192}}