{"graph": {"_type": "graph-file", "sha256": "e69dad264e70d5b54e07e1a9225fd75d5e30853f78f90278e365c352554c5dd6", "size": 593, "path": "media/graph/graph_summary_e69dad264e70d5b54e07.graph.json"}, "epoch": 29, "_timestamp": 1681907291.4806697, "loss": 0.001914376043714583, "mae": 0.03787203133106232, "mse": 0.0019143751123920083, "val_loss": 0.0019501395290717483, "val_mae": 0.03829919546842575, "val_mse": 0.0019501394126564264, "lr": 9.999999747378752e-06, "_runtime": 203.73268270492554, "_step": 269, "best_val_loss": 0.0009847001638263464, "best_epoch": 22, "_wandb": {"runtime": 203}}