{"graph": {"_type": "graph-file", "sha256": "e69dad264e70d5b54e07e1a9225fd75d5e30853f78f90278e365c352554c5dd6", "size": 593, "path": "media/graph/graph_summary_e69dad264e70d5b54e07.graph.json"}, "epoch": 49, "_timestamp": 1681907076.17283, "loss": 0.0019144982798025012, "mae": 0.03787175193428993, "mse": 0.0019144213292747736, "val_loss": 0.0019501090282574296, "val_mae": 0.03830024600028992, "val_mse": 0.0019500349881127477, "lr": 9.999999747378752e-06, "_runtime": 218.96688413619995, "_step": 449, "best_val_loss": 0.00149757438339293, "best_epoch": 49, "_wandb": {"runtime": 218}}