{"graph": {"_type": "graph-file", "sha256": "cbff42b5c8f56268dd4dbdd898737cd61bb0809b60388101e5dbd1864548e98f", "size": 440, "path": "media/graph/graph_summary_cbff42b5c8f56268dd4d.graph.json"}, "epoch": 149, "_timestamp": 1683063481.148645, "loss": 5.514840268006083e-06, "mae": 0.0017665403429418802, "mse": 5.514840268006083e-06, "root_mean_squared_error": 0.002348369685932994, "val_loss": 5.21499123351532e-06, "val_mae": 0.0016981065273284912, "val_mse": 5.21499123351532e-06, "val_root_mean_squared_error": 0.002283635549247265, "lr": 0.0002693750138860196, "_runtime": 1933.336735010147, "_step": 149, "best_val_loss": 5.21499123351532e-06, "best_epoch": 149, "_wandb": {"runtime": 1933}}