{"graph": {"_type": "graph-file", "sha256": "bd294f4e55bd3c59eae7236306e73c9a562fd8b43e52872ad2bf372a692bd100", "size": 1104, "path": "media/graph/graph_summary_bd294f4e55bd3c59eae7.graph.json"}, "epoch": 149, "_timestamp": 1684872163.4450479, "loss": 8.61307853483595e-05, "mae": 0.006918728817254305, "mse": 8.61307853483595e-05, "root_mean_squared_error": 0.009280667640268803, "val_loss": 9.14294141693972e-05, "val_mae": 0.007127151358872652, "val_mse": 9.14294141693972e-05, "val_root_mean_squared_error": 0.009561872109770775, "lr": 0.00010451585694681853, "_runtime": 179.05378484725952, "_step": 149, "best_val_loss": 9.107241203309968e-05, "best_epoch": 144, "_wandb": {"runtime": 177}}