{"graph": {"_type": "graph-file", "sha256": "c32428d287406381d2718861ee671115bb1e128e3ce39d0ddf9f33cb16f978fd", "size": 740, "path": "media/graph/graph_summary_c32428d287406381d271.graph.json"}, "epoch": 99, "_timestamp": 1680790867.640096, "loss": 0.0008231066749431193, "mae": 0.02471841126680374, "mse": 0.0008193592657335103, "val_loss": 0.0008689775131642818, "val_mae": 0.025663284584879875, "val_mse": 0.0008652430842630565, "lr": 9.999999747378752e-06, "_runtime": 275.6853928565979, "_step": 99, "best_val_loss": 0.0008689630776643753, "best_epoch": 95, "_wandb": {"runtime": 273}}