{"graph": {"_type": "graph-file", "sha256": "1a7b612cd506dbbedec88f89a72b444484a13b0fa9990d5a1943440fbf027c68", "size": 513, "path": "media/graph/graph_summary_1a7b612cd506dbbedec8.graph.json"}, "epoch": 149, "_timestamp": 1684607428.2122636, "loss": 0.007616622373461723, "mae": 0.0755554810166359, "mse": 0.007616622373461723, "val_loss": 0.007546178065240383, "val_mae": 0.07529372721910477, "val_mse": 0.007546178065240383, "lr": 0.0001346875069430098, "_runtime": 9044.972098588943, "_step": 149, "best_val_loss": 0.007538274396210909, "best_epoch": 148, "_wandb": {"runtime": 9042}}