{"graph": {"_type": "graph-file", "sha256": "6394c963b435de6950795b6940bf3d2cfdb9ad6fc2253f2e980d9a4c2023f18c", "size": 593, "path": "media/graph/graph_summary_6394c963b435de695079.graph.json"}, "epoch": 19, "_timestamp": 1682076758.0857785, "loss": 0.20593470335006714, "mae": 0.45252934098243713, "mse": 0.20593470335006714, "val_loss": 0.20654910802841187, "val_mae": 0.45319461822509766, "val_mse": 0.20654910802841187, "lr": 9.999999747378752e-06, "_runtime": 42.51594853401184, "_step": 179, "best_val_loss": 0.0020900783129036427, "best_epoch": 19, "_wandb": {"runtime": 41}}