{"graph": {"_type": "graph-file", "sha256": "b0e991419d33b8f9c145667fc3dc680a07142ed57013a1d3ab881f78806acf0c", "size": 593, "path": "media/graph/graph_summary_b0e991419d33b8f9c145.graph.json"}, "epoch": 49, "_timestamp": 1681829751.4663455, "loss": 0.0013519778149202466, "mae": 0.029318949207663536, "mse": 0.0012644472299143672, "val_loss": 0.0012964567868039012, "val_mae": 0.02865692228078842, "val_mse": 0.0012084828922525048, "lr": 0.011513402685523033, "_runtime": 110.18133354187012, "_step": 449, "best_val_loss": 0.000908433401491493, "best_epoch": 45, "_wandb": {"runtime": 109}}