{"graph": {"_type": "graph-file", "sha256": "f1406ad1b15778a053e3496bedb6b2630ef1420cd2210017aef6a4767df2ad9a", "size": 593, "path": "media/graph/graph_summary_f1406ad1b15778a053e3.graph.json"}, "epoch": 299, "_timestamp": 1684847734.4519565, "loss": 0.0009427423356100917, "mae": 0.017976539209485054, "mse": 0.0006929626688361168, "root_mean_squared_error": 0.026324184611439705, "val_loss": 0.0010171945905312896, "val_mae": 0.01902209408581257, "val_mse": 0.0007674359949305654, "val_root_mean_squared_error": 0.027702635154128075, "lr": 9.999999747378752e-06, "_runtime": 222.13526248931885, "_step": 299, "best_val_loss": 0.0010160752572119236, "best_epoch": 283, "_wandb": {"runtime": 220}}