{"graph": {"_type": "graph-file", "sha256": "9ce3499af94d7fcb82376139f2689e596fbabd11ce14e4eb5cfe7bc25e92dbad", "size": 590, "path": "media/graph/graph_summary_9ce3499af94d7fcb8237.graph.json"}, "epoch": 49, "_timestamp": 1681576133.3297358, "loss": 0.0025874869897961617, "mae": 0.037622060626745224, "mse": 0.0019008873496204615, "val_loss": 0.0026313569396734238, "val_mae": 0.03804663568735123, "val_mse": 0.0019468876998871565, "lr": 9.999999747378752e-06, "_runtime": 74.16938972473145, "_step": 49, "best_val_loss": 0.0026313569396734238, "best_epoch": 49, "_wandb": {"runtime": 74}}