{"graph": {"_type": "graph-file", "sha256": "453629ece7c19dc579d6470d7dfbed534b7e4f78ce823592f211637e80f18864", "size": 586, "path": "media/graph/graph_summary_453629ece7c19dc579d6.graph.json"}, "epoch": 149, "_timestamp": 1681924652.7397513, "loss": 0.0007388488738797605, "mae": 0.02074798010289669, "mse": 0.0006979395402595401, "val_loss": 0.0007843021303415298, "val_mae": 0.02147909626364708, "val_mse": 0.0007434386643581092, "lr": 1.2115478966734372e-05, "_runtime": 89.85409426689148, "_step": 149, "best_val_loss": 0.0007837024168111384, "best_epoch": 122, "_wandb": {"runtime": 88}}