{"graph": {"_type": "graph-file", "sha256": "198c026e0cff7766b4e29e3665880b1ddb2639e3cf2a3ac9749af3dc4626d190", "size": 597, "path": "media/graph/graph_summary_198c026e0cff7766b4e2.graph.json"}, "epoch": 49, "_timestamp": 1682689190.892195, "loss": 0.0019690904300659895, "mae": 0.037886276841163635, "mse": 0.0019162133103236556, "val_loss": 0.0020042359828948975, "val_mae": 0.0382927730679512, "val_mse": 0.001951034413650632, "lr": 6.25000029685907e-05, "_runtime": 122.61491894721985, "_step": 49, "best_val_loss": 0.0020042359828948975, "best_epoch": 49, "_wandb": {"runtime": 122}}