{"graph": {"_type": "graph-file", "sha256": "270d7efe005ab41e3f1a950e1ff63d7588c75044119188123434a2b8ab028922", "size": 593, "path": "media/graph/graph_summary_270d7efe005ab41e3f1a.graph.json"}, "epoch": 249, "_timestamp": 1684417563.5389798, "loss": 567349.0, "mae": 748.1560668945312, "mse": 567349.0, "root_mean_squared_error": 753.2257080078125, "val_loss": 571521.875, "val_mae": 750.9691772460938, "val_mse": 571521.875, "val_root_mean_squared_error": 755.9906616210938, "lr": 9.999999747378752e-06, "_runtime": 352.4795527458191, "_step": 249, "best_val_loss": 571521.875, "best_epoch": 8, "_wandb": {"runtime": 350}}