{"graph": {"_type": "graph-file", "sha256": "5636c053853ad2ef51fa3361962bd1642e865536d20953eae535f7ca6d6d03ca", "size": 1096, "path": "media/graph/graph_summary_5636c053853ad2ef51fa.graph.json"}, "epoch": 149, "_timestamp": 1683678944.2459793, "loss": 0.0005355196772143245, "mae": 0.01679965853691101, "mse": 0.0005355196772143245, "root_mean_squared_error": 0.023141296580433846, "val_loss": 0.0005701144109480083, "val_mae": 0.017407288774847984, "val_mse": 0.0005701144109480083, "val_root_mean_squared_error": 0.023877065628767014, "lr": 9.999999747378752e-06, "_runtime": 3839.036820411682, "_step": 1499, "best_val_loss": 4.8744037485448644e-05, "best_epoch": 143, "_wandb": {"runtime": 3837}}