{"graph": {"_type": "graph-file", "sha256": "75392d8990f043329e5dc2bf9fcecb097c0f5dd75d79c6dc68580d2e66643c15", "size": 708, "path": "media/graph/graph_summary_75392d8990f043329e5d.graph.json"}, "epoch": 49, "_timestamp": 1681054200.320526, "loss": 0.0019214036874473095, "mae": 0.03788212314248085, "mse": 0.0019148658029735088, "val_loss": 0.0019565639086067677, "val_mae": 0.03830494359135628, "val_mse": 0.0019497070461511612, "lr": 9.999999747378752e-06, "_runtime": 32.237910985946655, "_step": 49, "best_val_loss": 0.0019565639086067677, "best_epoch": 49, "_wandb": {"runtime": 32}}