{"graph": {"_type": "graph-file", "sha256": "bf17a904ca6c8a3637c5f68fe8b9be4530bd526b621618bd59fb446f7a694ea9", "size": 1078, "path": "media/graph/graph_summary_bf17a904ca6c8a3637c5.graph.json"}, "epoch": 299, "_timestamp": 1684873285.7916932, "loss": 0.0008551382925361395, "mae": 0.025257961824536324, "mse": 0.0008551382925361395, "root_mean_squared_error": 0.029242748394608498, "val_loss": 0.0009129708050750196, "val_mae": 0.02643756754696369, "val_mse": 0.0009129708050750196, "val_root_mean_squared_error": 0.03021540679037571, "lr": 9.999999747378752e-06, "_runtime": 94.97196912765503, "_step": 299, "best_val_loss": 0.0009118987945839763, "best_epoch": 39, "_wandb": {"runtime": 93}}