{"graph": {"_type": "graph-file", "sha256": "c32428d287406381d2718861ee671115bb1e128e3ce39d0ddf9f33cb16f978fd", "size": 740, "path": "media/graph/graph_summary_c32428d287406381d271.graph.json"}, "epoch": 99, "_timestamp": 1680793918.5623498, "loss": 0.0014542663702741265, "mae": 0.024750925600528717, "mse": 0.0008216113201342523, "val_loss": 0.0014988877810537815, "val_mae": 0.02565384842455387, "val_mse": 0.0008682169718667865, "lr": 9.999999747378752e-06, "_runtime": 164.08492588996887, "_step": 99, "best_val_loss": 0.0014988877810537815, "best_epoch": 99, "_wandb": {"runtime": 164}}