{"graph": {"_type": "graph-file", "sha256": "89d947a5cf65a40457e559b2a00189e53ecd4043fa5a7d62ccc933e3b8a9a71b", "size": 1078, "path": "media/graph/graph_summary_89d947a5cf65a40457e5.graph.json"}, "epoch": 299, "_timestamp": 1684874080.4450648, "loss": 2.3723545382381417e-05, "mae": 0.0037069807294756174, "mse": 2.3723545382381417e-05, "root_mean_squared_error": 0.004870682489126921, "val_loss": 2.5110397473326884e-05, "val_mae": 0.003795567201450467, "val_mse": 2.5110397473326884e-05, "val_root_mean_squared_error": 0.0050110281445086, "lr": 9.999999747378752e-06, "_runtime": 319.1504967212677, "_step": 299, "best_val_loss": 2.5096953322645277e-05, "best_epoch": 283, "_wandb": {"runtime": 317}}