{"graph": {"_type": "graph-file", "sha256": "57dc9c741263a94e97f3876461adb92051b7ba93b27045a5f1cd3f0a0e2c6380", "size": 487, "path": "media/graph/graph_summary_57dc9c741263a94e97f3.graph.json"}, "epoch": 99, "_timestamp": 1682501671.3880446, "loss": 2.034256795013789e-05, "mae": 0.003469085553660989, "mse": 2.034256795013789e-05, "root_mean_squared_error": 0.004510273691266775, "val_loss": 2.0227316781529225e-05, "val_mae": 0.0033497721888124943, "val_mse": 2.0227316781529225e-05, "val_root_mean_squared_error": 0.00449747871607542, "lr": 0.004310000222176313, "_runtime": 688.0960376262665, "_step": 99, "best_val_loss": 1.939910725923255e-05, "best_epoch": 95, "_wandb": {"runtime": 686}}