{"graph": {"_type": "graph-file", "sha256": "0aefe818bd72f5996af43d11f603b720f44ba087f2d08bd572ce3fd873a74083", "size": 593, "path": "media/graph/graph_summary_0aefe818bd72f5996af4.graph.json"}, "epoch": 49, "_timestamp": 1681744927.287065, "loss": 0.0019143432145938277, "mae": 0.03787105157971382, "mse": 0.0019143420504406095, "val_loss": 0.0019499413901939988, "val_mae": 0.038301315158605576, "val_mse": 0.0019499397603794932, "lr": 9.999999747378752e-06, "_runtime": 279.9678590297699, "_step": 449, "best_val_loss": 0.0007947247358970344, "best_epoch": 33, "_wandb": {"runtime": 278}}