{"graph": {"_type": "graph-file", "sha256": "8486821397936c04f05eb59477a6c4eccde099a35bc192f206aff187f9f96a33", "size": 770, "path": "media/graph/graph_summary_8486821397936c04f05e.graph.json"}, "epoch": 49, "_timestamp": 1682282382.3354974, "loss": 0.0075671435333788395, "mae": 0.07518515735864639, "mse": 0.0075671435333788395, "val_loss": 0.0075100199319422245, "val_mae": 0.07456815987825394, "val_mse": 0.0075100199319422245, "lr": 0.011585775762796402, "_runtime": 165.337393283844, "_step": 449, "best_val_loss": 0.0075100199319422245, "best_epoch": 0, "_wandb": {"runtime": 164}}