{"graph": {"_type": "graph-file", "sha256": "c3c91b589010bb3daa5be1d4557561e0340272bd557a880714b84340140fa2d7", "size": 593, "path": "media/graph/graph_summary_c3c91b589010bb3daa5b.graph.json"}, "epoch": 199, "_timestamp": 1682071716.3493888, "loss": 0.20593467354774475, "mae": 0.4525294899940491, "mse": 0.20593467354774475, "val_loss": 0.20654912292957306, "val_mae": 0.45319461822509766, "val_mse": 0.20654912292957306, "lr": 9.999999747378752e-06, "_runtime": 610.6049139499664, "_step": 1799, "best_val_loss": 0.0019639984238892794, "best_epoch": 173, "_wandb": {"runtime": 609}}