{"graph": {"_type": "graph-file", "sha256": "9bc7189b24d497184a211ecf0c9990edd106176e780992dcbe4311c61618a83a", "size": 593, "path": "media/graph/graph_summary_9bc7189b24d497184a21.graph.json"}, "epoch": 249, "_timestamp": 1684408440.8681867, "loss": 0.0009134585852734745, "mae": 0.020971396937966347, "mse": 0.0007615303620696068, "root_mean_squared_error": 0.02759583853185177, "val_loss": 0.000956819043494761, "val_mae": 0.02140633948147297, "val_mse": 0.0008048166637308896, "val_root_mean_squared_error": 0.028369290754199028, "lr": 9.999999747378752e-06, "_runtime": 395.9761736392975, "_step": 249, "best_val_loss": 0.000956672360189259, "best_epoch": 246, "_wandb": {"runtime": 394}}