{"graph": {"_type": "graph-file", "sha256": "8daf7e86f159484d71e9f7b752a36cceda20c4c5aba79e1280e99f4f67d66bb9", "size": 593, "path": "media/graph/graph_summary_8daf7e86f159484d71e9.graph.json"}, "epoch": 99, "_timestamp": 1684424156.6605372, "loss": 0.0076119014993309975, "mae": 0.0756000205874443, "mse": 0.00761190103366971, "root_mean_squared_error": 0.08724620938301086, "val_loss": 0.007575795520097017, "val_mae": 0.0752800926566124, "val_mse": 0.007575795520097017, "val_root_mean_squared_error": 0.0870390459895134, "lr": 8.339843770954758e-05, "_runtime": 114.89951515197754, "_step": 99, "best_val_loss": 0.007567365188151598, "best_epoch": 52, "_wandb": {"runtime": 113}}