{"graph": {"_type": "graph-file", "sha256": "62adf72a846d167414421c26f61a059263e9d3957c36b4e12fb587a4b3a0b101", "size": 593, "path": "media/graph/graph_summary_62adf72a846d16741442.graph.json"}, "epoch": 99, "_timestamp": 1684424276.672048, "loss": 0.007611885666847229, "mae": 0.07559993863105774, "mse": 0.007611884269863367, "root_mean_squared_error": 0.0872461125254631, "val_loss": 0.007575094234198332, "val_mae": 0.0752771720290184, "val_mse": 0.007575094234198332, "val_root_mean_squared_error": 0.08703501522541046, "lr": 8.339843770954758e-05, "_runtime": 110.8658721446991, "_step": 99, "best_val_loss": 0.007567759603261948, "best_epoch": 28, "_wandb": {"runtime": 109}}