{"graph": {"_type": "graph-file", "sha256": "6e753f31705c38561cfc6b4ef457068dcf4f9f6257279008888c877b63efee4d", "size": 513, "path": "media/graph/graph_summary_6e753f31705c38561cfc.graph.json"}, "epoch": 399, "_timestamp": 1684793104.240601, "loss": 8.646673086332157e-05, "mae": 0.006414605304598808, "mse": 8.646673086332157e-05, "val_loss": 9.130179387284443e-05, "val_mae": 0.006549985148012638, "val_mse": 9.130179387284443e-05, "lr": 9.999999747378752e-06, "_runtime": 1566.187252998352, "_step": 399, "best_val_loss": 9.108537051361054e-05, "best_epoch": 324, "_wandb": {"runtime": 1564}}