{"graph": {"_type": "graph-file", "sha256": "a087add86b312f72c931294c7356467414b135bb24692633ed22031017b21a0d", "size": 593, "path": "media/graph/graph_summary_a087add86b312f72c931.graph.json"}, "epoch": 99, "_timestamp": 1684421637.836101, "loss": 128824.390625, "mae": 348.1560363769531, "mse": 128824.25, "root_mean_squared_error": 358.92095947265625, "val_loss": 130746.6796875, "val_mae": 350.9691467285156, "val_mse": 130746.609375, "val_root_mean_squared_error": 361.5890197753906, "lr": 9.999999747378752e-06, "_runtime": 129.08127307891846, "_step": 99, "best_val_loss": 130746.6796875, "best_epoch": 51, "_wandb": {"runtime": 127}}