{"graph": {"_type": "graph-file", "sha256": "1a7b612cd506dbbedec88f89a72b444484a13b0fa9990d5a1943440fbf027c68", "size": 513, "path": "media/graph/graph_summary_1a7b612cd506dbbedec8.graph.json"}, "epoch": 149, "_timestamp": 1684016236.2340164, "loss": 4.734494359581731e-05, "mae": 0.004994100425392389, "mse": 4.734494359581731e-05, "root_mean_squared_error": 0.006880766246467829, "val_loss": 4.5622873585671186e-05, "val_mae": 0.005054031498730183, "val_mse": 4.5622873585671186e-05, "val_root_mean_squared_error": 0.006754470523446798, "lr": 0.0010775000555440784, "_runtime": 7599.638300418854, "_step": 149, "best_val_loss": 4.4622003770200536e-05, "best_epoch": 148, "_wandb": {"runtime": 7598}}