{"graph": {"_type": "graph-file", "sha256": "828d14aae617c0ef269368b978d0e432dd2a3288c70550b043946938d51eec62", "size": 487, "path": "media/graph/graph_summary_828d14aae617c0ef2693.graph.json"}, "epoch": 199, "_timestamp": 1683003336.01381, "loss": 8.083403372438625e-05, "mae": 0.006432758644223213, "mse": 8.083403372438625e-05, "root_mean_squared_error": 0.008990774862468243, "val_loss": 8.559048728784546e-05, "val_mae": 0.006476474925875664, "val_mse": 8.559048728784546e-05, "val_root_mean_squared_error": 0.009251512587070465, "lr": 6.73437534715049e-05, "_runtime": 1573.882486820221, "_step": 199, "best_val_loss": 8.550154598196968e-05, "best_epoch": 194, "_wandb": {"runtime": 1572}}