{"graph": {"_type": "graph-file", "sha256": "aa6b37f1a81d9d733d7c7aa1b6a1c366144faa804bfaaded310267b734d6ef7f", "size": 513, "path": "media/graph/graph_summary_aa6b37f1a81d9d733d7c.graph.json"}, "epoch": 149, "_timestamp": 1683515779.217411, "loss": 1.3194544408179354e-05, "mae": 0.002639617072418332, "mse": 1.3194544408179354e-05, "root_mean_squared_error": 0.0036324295215308666, "val_loss": 1.3192896403779741e-05, "val_mae": 0.002757847076281905, "val_mse": 1.3192896403779741e-05, "val_root_mean_squared_error": 0.0036322027444839478, "lr": 0.0001346875069430098, "_runtime": 6938.433033943176, "_step": 149, "best_val_loss": 1.2443830200936645e-05, "best_epoch": 138, "_wandb": {"runtime": 6937}}