{"graph": {"_type": "graph-file", "sha256": "648ce490d461fca91036cc9ceb1c2d9682a2a1b2dde26118c1111b93dc1a7c3b", "size": 1098, "path": "media/graph/graph_summary_648ce490d461fca91036.graph.json"}, "epoch": 49, "_timestamp": 1682777276.3200252, "loss": 0.0003481113526504487, "mae": 0.013672162778675556, "mse": 0.0003481113526504487, "root_mean_squared_error": 0.0186577420681715, "val_loss": 0.000401684723328799, "val_mae": 0.012920822016894817, "val_mse": 0.000401684723328799, "val_root_mean_squared_error": 0.020042072981595993, "lr": 0.004241974093019962, "_runtime": 322.1918821334839, "_step": 449, "best_val_loss": 7.128442666726187e-05, "best_epoch": 49, "_wandb": {"runtime": 320}}