{"graph": {"_type": "graph-file", "sha256": "00ba84b5b80064de14c15dc66ab6c65c3e81717400a83b76d23583317d2f6a44", "size": 1096, "path": "media/graph/graph_summary_00ba84b5b80064de14c1.graph.json"}, "epoch": 299, "_timestamp": 1684875048.0677679, "loss": 7.33489214326255e-05, "mae": 0.006432130932807922, "mse": 7.33489214326255e-05, "root_mean_squared_error": 0.008564398624002934, "val_loss": 8.268470264738426e-05, "val_mae": 0.0067315474152565, "val_mse": 8.268470264738426e-05, "val_root_mean_squared_error": 0.00909311231225729, "lr": 9.999999747378752e-06, "_runtime": 335.3731439113617, "_step": 299, "best_val_loss": 8.247514051618055e-05, "best_epoch": 274, "_wandb": {"runtime": 333}}