{"graph": {"_type": "graph-file", "sha256": "e9684d89b3320760bc02fdeff3f09ae7ad65b5ba3e67041bf3bed70f8a932a4e", "size": 586, "path": "media/graph/graph_summary_e9684d89b3320760bc02.graph.json"}, "epoch": 57, "_timestamp": 1681842722.876214, "loss": 0.001920320326462388, "mae": 0.037848055362701416, "mse": 0.0019126232946291566, "val_loss": 0.0019554286263883114, "val_mae": 0.038287416100502014, "val_mse": 0.001947747659869492, "lr": 0.0018809548346325755, "_runtime": 553.7430830001831, "_step": 657, "best_val_loss": 0.0019554286263883114, "best_epoch": 57}