{"graph": {"_type": "graph-file", "sha256": "f64dc3c80885127e0e16bb582ad9e1f649e3e819590122ca9108efd4ba6087c3", "size": 770, "path": "media/graph/graph_summary_f64dc3c80885127e0e16.graph.json"}, "epoch": 19, "_timestamp": 1682262481.9462693, "loss": 0.007567140739411116, "mae": 0.07518515735864639, "mse": 0.007567140739411116, "val_loss": 0.0075100199319422245, "val_mae": 0.07456815987825394, "val_mse": 0.0075100199319422245, "lr": 0.0015277861384674907, "_runtime": 154.0481562614441, "_step": 179, "best_val_loss": 0.0075100199319422245, "best_epoch": 0, "_wandb": {"runtime": 153}}