{"graph": {"_type": "graph-file", "sha256": "6e753f31705c38561cfc6b4ef457068dcf4f9f6257279008888c877b63efee4d", "size": 513, "path": "media/graph/graph_summary_6e753f31705c38561cfc.graph.json"}, "epoch": 149, "_timestamp": 1683550758.2153015, "loss": 4.343177715782076e-05, "mae": 0.0045487056486308575, "mse": 4.343177715782076e-05, "root_mean_squared_error": 0.006590278819203377, "val_loss": 4.3337655370123684e-05, "val_mae": 0.004677846096456051, "val_mse": 4.3337655370123684e-05, "val_root_mean_squared_error": 0.006583134178072214, "lr": 0.0005387500277720392, "_runtime": 6699.195287466049, "_step": 149, "best_val_loss": 4.129135049879551e-05, "best_epoch": 147, "_wandb": {"runtime": 6698}}