{"graph": {"_type": "graph-file", "sha256": "9deba064768249838005c861ae3f9c87080f31953c9be57265fe59f5a4f044b4", "size": 593, "path": "media/graph/graph_summary_9deba064768249838005.graph.json"}, "epoch": 199, "_timestamp": 1682077693.945941, "loss": 0.20595888793468475, "mae": 0.45252954959869385, "mse": 0.2059345543384552, "val_loss": 0.2065732181072235, "val_mae": 0.45319461822509766, "val_mse": 0.20654892921447754, "lr": 9.999999747378752e-06, "_runtime": 550.5531060695648, "_step": 1799, "best_val_loss": 0.0024225227534770966, "best_epoch": 199, "_wandb": {"runtime": 549}}