{"graph": {"_type": "graph-file", "sha256": "50c0ac54b12eaef92caa2bb76e95c30e19f641047844ef9ce739012bbf621497", "size": 740, "path": "media/graph/graph_summary_50c0ac54b12eaef92caa.graph.json"}, "epoch": 99, "_timestamp": 1680787947.9284272, "loss": 5.498992443084717, "mae": 0.0206260047852993, "mse": 0.000603758729994297, "val_loss": 5.488814830780029, "val_mae": 0.022307924926280975, "val_mse": 0.0007101096562109888, "lr": 9.999999747378752e-06, "_runtime": 114.96343111991882, "_step": 99, "best_val_loss": 5.488814830780029, "best_epoch": 99, "_wandb": {"runtime": 114}}