{"graph": {"_type": "graph-file", "sha256": "9ce3499af94d7fcb82376139f2689e596fbabd11ce14e4eb5cfe7bc25e92dbad", "size": 590, "path": "media/graph/graph_summary_9ce3499af94d7fcb8237.graph.json"}, "epoch": 49, "_timestamp": 1680963454.4614727, "loss": 0.0007469779811799526, "mae": 0.023461880162358284, "mse": 0.0007469779811799526, "val_loss": 0.0007906880346126854, "val_mae": 0.024383747950196266, "val_mse": 0.0007906880928203464, "lr": 9.999999747378752e-06, "_runtime": 62.858935832977295, "_step": 49, "best_val_loss": 0.0007906880346126854, "best_epoch": 49, "_wandb": {"runtime": 62}}