{"graph": {"_type": "graph-file", "sha256": "ff441591ba63d5b08f3947fee16bef00959bfaf6c75eed109169c8a0b69f0f87", "size": 565, "path": "media/graph/graph_summary_ff441591ba63d5b08f39.graph.json"}, "epoch": 9, "_timestamp": 1681748348.2375722, "loss": 0.007018106523901224, "mae": 0.039429184049367905, "mse": 0.0021375594660639763, "val_loss": 0.00637954892590642, "val_mae": 0.03989085927605629, "val_mse": 0.0021680048666894436, "lr": 0.0010000000474974513, "_runtime": 10.516287088394165, "_step": 9, "best_val_loss": 0.00637954892590642, "best_epoch": 9, "_wandb": {"runtime": 10}}