{"graph": {"_type": "graph-file", "sha256": "41c02e066333465a24763178e6a41566ea75adb486f663ee763a8bb8f2cd51db", "size": 767, "path": "media/graph/graph_summary_41c02e066333465a2476.graph.json"}, "epoch": 19, "_timestamp": 1682718928.1200752, "loss": 0.6822338700294495, "mae": 0.8248148560523987, "mse": 0.6822339296340942, "root_mean_squared_error": 0.8259744048118591, "val_loss": 0.6832872629165649, "val_mae": 0.8254318833351135, "val_mse": 0.6832872629165649, "val_root_mean_squared_error": 0.8266119360923767, "lr": 0.003973767627030611, "_runtime": 59.477397203445435, "_step": 179, "best_val_loss": 0.0025532031431794167, "best_epoch": 8, "_wandb": {"runtime": 58}}