{"graph": {"_type": "graph-file", "sha256": "b316eee0dfc40bd7c8e1929c43f8e902fe191e80a511242ecb95b21fce8e25cb", "size": 877, "path": "media/graph/graph_summary_b316eee0dfc40bd7c8e1.graph.json"}, "epoch": 49, "_timestamp": 1681825671.7608857, "loss": 0.0021196024026721716, "mae": 0.037913475185632706, "mse": 0.0019184884149581194, "val_loss": 0.0021571647375822067, "val_mae": 0.03830825164914131, "val_mse": 0.001956796273589134, "lr": 9.999999747378752e-06, "_runtime": 422.381454706192, "_step": 449, "best_val_loss": 0.0019498919136822224, "best_epoch": 21, "_wandb": {"runtime": 421}}