{"graph": {"_type": "graph-file", "sha256": "91f8bef3c495d17b89db08c47be15cef4e2021e8d5e3bbd7b314fbd0a4e632fd", "size": 583, "path": "media/graph/graph_summary_91f8bef3c495d17b89db.graph.json"}, "epoch": 49, "_timestamp": 1680963105.474185, "loss": 0.0004025741945952177, "mae": 0.015618808567523956, "mse": 0.0004025741945952177, "val_loss": 0.00045095381210558116, "val_mae": 0.01678662933409214, "val_mse": 0.00045095381210558116, "lr": 9.999999747378752e-06, "_runtime": 58.43239402770996, "_step": 49, "best_val_loss": 0.00045095381210558116, "best_epoch": 49, "_wandb": {"runtime": 58}}