{"graph": {"_type": "graph-file", "sha256": "c2a013a94fc2cf18169e567c1637a57460b1b06a6cb0741f585cc7614f32196f", "size": 772, "path": "media/graph/graph_summary_c2a013a94fc2cf18169e.graph.json"}, "epoch": 49, "_timestamp": 1682797874.8125966, "loss": 0.007567143067717552, "mae": 0.07518516480922699, "mse": 0.007567143067717552, "root_mean_squared_error": 0.08698932826519012, "val_loss": 0.0075100199319422245, "val_mae": 0.07456817477941513, "val_mse": 0.0075100199319422245, "val_root_mean_squared_error": 0.08666037023067474, "lr": 0.001262337900698185, "_runtime": 186.5983326435089, "_step": 449, "best_val_loss": 0.0075100199319422245, "best_epoch": 0, "_wandb": {"runtime": 185}}