{"graph": {"_type": "graph-file", "sha256": "44b7efdd62b4203beb13851d02af724a4832e438dc10de843aafe28cb7fc4e44", "size": 1036, "path": "media/graph/graph_summary_44b7efdd62b4203beb13.graph.json"}, "epoch": 49, "_timestamp": 1680882989.8700426, "loss": 0.0011830031871795654, "mae": 0.024715818464756012, "mse": 0.0008203046163544059, "val_loss": 0.0012289542937651277, "val_mae": 0.02566034160554409, "val_mse": 0.0008652351680211723, "lr": 9.999999747378752e-06, "_runtime": 96.4419105052948, "_step": 49, "best_val_loss": 0.0012289542937651277, "best_epoch": 49, "_wandb": {"runtime": 97}}