{"graph": {"_type": "graph-file", "sha256": "93e531370ca9aed9506166702716e8da7ca471ac6f56a5e8e50dbafb60bab5d3", "size": 579, "path": "media/graph/graph_summary_93e531370ca9aed95061.graph.json"}, "epoch": 49, "_timestamp": 1681579030.8669233, "loss": 0.0040663150139153, "mae": 0.05030966177582741, "mse": 0.003370553022250533, "val_loss": 0.0040840343572199345, "val_mae": 0.05015689879655838, "val_mse": 0.003387337550520897, "lr": 9.999999747378752e-06, "_runtime": 85.85395932197571, "_step": 49, "best_val_loss": 0.0040840343572199345, "best_epoch": 49, "_wandb": {"runtime": 85}}