{"graph": {"_type": "graph-file", "sha256": "9ddb5ce411971f1d49672a7c8823691761f6e113ffb2ba88f02fb4e834056542", "size": 729, "path": "media/graph/graph_summary_9ddb5ce411971f1d4967.graph.json"}, "epoch": 49, "_timestamp": 1681318773.4053302, "loss": 1.910050868988037, "mae": 0.03842949494719505, "mse": 0.001988973468542099, "val_loss": 1.9098254442214966, "val_mae": 0.038874220103025436, "val_mse": 0.0020146784372627735, "lr": 9.999999747378752e-06, "_runtime": 100.90491914749146, "_step": 49, "best_val_loss": 1.9098254442214966, "best_epoch": 49, "_wandb": {"runtime": 101}}