{"graph": {"_type": "graph-file", "sha256": "91cbcf33022116b3b9c2d98087da8f51ac4dd56e4b0c6c76182620485ffe7f3b", "size": 513, "path": "media/graph/graph_summary_91cbcf33022116b3b9c2.graph.json"}, "epoch": 149, "_timestamp": 1683101229.7493305, "loss": 1.6041383787523955e-05, "mae": 0.0029876434709876776, "mse": 1.6041383787523955e-05, "root_mean_squared_error": 0.0040051694959402084, "val_loss": 1.6941567082540132e-05, "val_mae": 0.0030637194868177176, "val_mse": 1.6941567082540132e-05, "val_root_mean_squared_error": 0.004116013180464506, "lr": 0.0005387500277720392, "_runtime": 3593.9507644176483, "_step": 149, "best_val_loss": 1.5566221918561496e-05, "best_epoch": 143, "_wandb": {"runtime": 3592}}