{"graph": {"_type": "graph-file", "sha256": "a087add86b312f72c931294c7356467414b135bb24692633ed22031017b21a0d", "size": 593, "path": "media/graph/graph_summary_a087add86b312f72c931.graph.json"}, "epoch": 199, "_timestamp": 1684397042.7244532, "loss": 0.014606378972530365, "mae": 0.08193567395210266, "mse": 0.013757938519120216, "root_mean_squared_error": 0.11729423701763153, "val_loss": 0.01440675463527441, "val_mae": 0.08119900524616241, "val_mse": 0.013558471575379372, "val_root_mean_squared_error": 0.11644084751605988, "lr": 2.0849609427386895e-05, "_runtime": 830.4328012466431, "_step": 199, "best_val_loss": 0.01440675463527441, "best_epoch": 199, "_wandb": {"runtime": 830}}