{"graph": {"_type": "graph-file", "sha256": "c9b8455352c6576033a42d0639483f34d79514cf92cfc4ab463692e25de23689", "size": 586, "path": "media/graph/graph_summary_c9b8455352c6576033a4.graph.json"}, "epoch": 299, "_timestamp": 1684500466.784355, "loss": 0.002249831799417734, "mae": 0.03152498975396156, "mse": 0.0018992676632478833, "root_mean_squared_error": 0.043580587953329086, "val_loss": 0.002128488151356578, "val_mae": 0.0315466932952404, "val_mse": 0.001777925412170589, "val_root_mean_squared_error": 0.042165450751781464, "lr": 9.999999747378752e-06, "_runtime": 88.37725591659546, "_step": 299, "best_val_loss": 0.002128210151568055, "best_epoch": 294, "_wandb": {"runtime": 87}}