{"graph": {"_type": "graph-file", "sha256": "9e30a2b5015485431c01e15b98e89389e3b6774d00ceeb1a2fee54984d443a8e", "size": 590, "path": "media/graph/graph_summary_9e30a2b5015485431c01.graph.json"}, "epoch": 49, "_timestamp": 1681574985.1025167, "loss": 0.0039040916599333286, "mae": 0.03905031085014343, "mse": 0.002070525661110878, "val_loss": 0.003952385857701302, "val_mae": 0.03939054533839226, "val_mse": 0.002121410798281431, "lr": 9.999999747378752e-06, "_runtime": 72.74651575088501, "_step": 49, "best_val_loss": 0.003952385857701302, "best_epoch": 49, "_wandb": {"runtime": 72}}