{"graph": {"_type": "graph-file", "sha256": "215fd90283ee376299bdcf4b74e270abc982f629a7e754c5d2f3c349bc9cf633", "size": 579, "path": "media/graph/graph_summary_215fd90283ee376299bd.graph.json"}, "epoch": 49, "_timestamp": 1681570853.3010204, "loss": 0.002338543301448226, "mae": 0.03767717257142067, "mse": 0.001903199590742588, "val_loss": 0.0023686476051807404, "val_mae": 0.03814056143164635, "val_mse": 0.001934342086315155, "lr": 9.999999747378752e-06, "_runtime": 65.49074339866638, "_step": 49, "best_val_loss": 0.0023686476051807404, "best_epoch": 49, "_wandb": {"runtime": 65}}