{"graph": {"_type": "graph-file", "sha256": "9bc7189b24d497184a211ecf0c9990edd106176e780992dcbe4311c61618a83a", "size": 593, "path": "media/graph/graph_summary_9bc7189b24d497184a21.graph.json"}, "epoch": 299, "_timestamp": 1684440612.6221604, "loss": 0.0009112181724049151, "mae": 0.02052801288664341, "mse": 0.0007439007167704403, "root_mean_squared_error": 0.027274543419480324, "val_loss": 0.0009520791936665773, "val_mae": 0.020933151245117188, "val_mse": 0.0007847427041269839, "val_root_mean_squared_error": 0.028013259172439575, "lr": 9.999999747378752e-06, "_runtime": 221.81894445419312, "_step": 299, "best_val_loss": 0.0009520272724330425, "best_epoch": 295, "_wandb": {"runtime": 219}}