{"graph": {"_type": "graph-file", "sha256": "0aefe818bd72f5996af43d11f603b720f44ba087f2d08bd572ce3fd873a74083", "size": 593, "path": "media/graph/graph_summary_0aefe818bd72f5996af4.graph.json"}, "epoch": 49, "_timestamp": 1681829604.962944, "loss": 0.001917242188937962, "mae": 0.037883419543504715, "mse": 0.0019155944464728236, "val_loss": 0.0019505565287545323, "val_mae": 0.03830265253782272, "val_mse": 0.0019498382462188601, "lr": 0.004312604665756226, "_runtime": 99.90146613121033, "_step": 449, "best_val_loss": 0.0012355138314887881, "best_epoch": 43, "_wandb": {"runtime": 99}}