{"graph": {"_type": "graph-file", "sha256": "ea19e4b32ac7cf7dcb00a4d05c48e90eb66dff1354d9aac7b221c564a1f96adf", "size": 511, "path": "media/graph/graph_summary_ea19e4b32ac7cf7dcb00.graph.json"}, "epoch": 149, "_timestamp": 1683215487.185981, "loss": 0.0033990382216870785, "mae": 0.05047253891825676, "mse": 0.0033990382216870785, "root_mean_squared_error": 0.05830127000808716, "val_loss": 0.0033993066754192114, "val_mae": 0.05053972080349922, "val_mse": 0.0033993066754192114, "val_root_mean_squared_error": 0.05830357223749161, "lr": 0.00023326613882090896, "_runtime": 5944.873369932175, "_step": 1499, "best_val_loss": 0.0033483379520475864, "best_epoch": 149, "_wandb": {"runtime": 5943}}