{"graph": {"_type": "graph-file", "sha256": "144f2003a9b3b549719745893a5a13a64478967739def335520f9c583013a8f7", "size": 774, "path": "media/graph/graph_summary_144f2003a9b3b5497197.graph.json"}, "epoch": 149, "_timestamp": 1682704144.2382333, "loss": 0.6822339296340942, "mae": 0.8248147964477539, "mse": 0.6822339296340942, "root_mean_squared_error": 0.8259745240211487, "val_loss": 0.6832873821258545, "val_mae": 0.8254318237304688, "val_mse": 0.6832873821258545, "val_root_mean_squared_error": 0.8266119360923767, "lr": 9.999999747378752e-06, "_runtime": 315.43344044685364, "_step": 1349, "best_val_loss": 0.0025532259605824947, "best_epoch": 6, "_wandb": {"runtime": 314}}