{"graph": {"_type": "graph-file", "sha256": "176169cf2e260c4e7952ee4b83eff6f50cad3ac87c622524399efdf7ec9ca59a", "size": 593, "path": "media/graph/graph_summary_176169cf2e260c4e7952.graph.json"}, "epoch": 299, "_timestamp": 1684503407.820855, "loss": 0.004350040107965469, "mae": 0.04965469241142273, "mse": 0.0033535922411829233, "root_mean_squared_error": 0.05791020765900612, "val_loss": 0.004366458393633366, "val_mae": 0.05053165182471275, "val_mse": 0.0033700421918183565, "val_root_mean_squared_error": 0.05805206298828125, "lr": 9.999999747378752e-06, "_runtime": 273.04164481163025, "_step": 299, "best_val_loss": 0.004366458393633366, "best_epoch": 299, "_wandb": {"runtime": 272}}