{"graph": {"_type": "graph-file", "sha256": "488503e7036e8ccca7ffd11ca4ce07837dcbf506bf811534e955e4bd3fcb5bd9", "size": 1104, "path": "media/graph/graph_summary_488503e7036e8ccca7ff.graph.json"}, "epoch": 149, "_timestamp": 1684872424.5197225, "loss": 0.0004331725067459047, "mae": 0.016755295917391777, "mse": 0.0004331725067459047, "root_mean_squared_error": 0.02081279829144478, "val_loss": 0.0004599853418767452, "val_mae": 0.017329076305031776, "val_mse": 0.0004599853418767452, "val_root_mean_squared_error": 0.02144726924598217, "lr": 5.2257928473409265e-05, "_runtime": 109.023193359375, "_step": 149, "best_val_loss": 0.00045963996672071517, "best_epoch": 143, "_wandb": {"runtime": 107}}