{"graph": {"_type": "graph-file", "sha256": "4c8185c8f5e04e39cd8f5552d04239b6d1cd9a5441834b2fc4ce30fde6208e51", "size": 740, "path": "media/graph/graph_summary_4c8185c8f5e04e39cd8f.graph.json"}, "epoch": 49, "_timestamp": 1681308978.3485978, "loss": 2.4782509803771973, "mae": 0.03681707754731178, "mse": 0.001809788285754621, "val_loss": 2.4779677391052246, "val_mae": 0.03726751357316971, "val_mse": 0.0018525392515584826, "lr": 9.999999747378752e-06, "_runtime": 91.13583970069885, "_step": 49, "best_val_loss": 2.4779677391052246, "best_epoch": 49, "_wandb": {"runtime": 90}}