{"graph": {"_type": "graph-file", "sha256": "ad4970d7fea97fd32dd8dedf20bd3240d7ef3f3239367917c5b8cb39d65c2962", "size": 771, "path": "media/graph/graph_summary_ad4970d7fea97fd32dd8.graph.json"}, "epoch": 149, "_timestamp": 1682801557.6020725, "loss": 0.007567142136394978, "mae": 0.0751851424574852, "mse": 0.007567142136394978, "root_mean_squared_error": 0.08698932081460953, "val_loss": 0.0075100199319422245, "val_mae": 0.07456815987825394, "val_mse": 0.0075100199319422245, "val_root_mean_squared_error": 0.08666037023067474, "lr": 9.999999747378752e-06, "_runtime": 1620.6322383880615, "_step": 1349, "best_val_loss": 0.0075100199319422245, "best_epoch": 0, "_wandb": {"runtime": 1619}}