{"graph": {"_type": "graph-file", "sha256": "cc8da45c1b7a9744967fa531acd5c24a909c31b24b428636b1ad31bc9676222a", "size": 583, "path": "media/graph/graph_summary_cc8da45c1b7a9744967f.graph.json"}, "epoch": 49, "_timestamp": 1682688558.312314, "loss": 0.0019243756541982293, "mae": 0.03788578882813454, "mse": 0.001915205386467278, "val_loss": 0.001958640292286873, "val_mae": 0.03830418363213539, "val_mse": 0.001949744182638824, "lr": 6.25000029685907e-05, "_runtime": 208.58306694030762, "_step": 49, "best_val_loss": 0.00195832597091794, "best_epoch": 47, "_wandb": {"runtime": 207}}