{"graph": {"_type": "graph-file", "sha256": "0503ee0bf39c37d41789a9ec189b304ec0c0c131a124f15f198c8fb783b607f8", "size": 770, "path": "media/graph/graph_summary_0503ee0bf39c37d41789.graph.json"}, "epoch": 29, "_timestamp": 1682282199.109831, "loss": 0.007567144464701414, "mae": 0.0751851350069046, "mse": 0.007567144464701414, "val_loss": 0.0075100199319422245, "val_mae": 0.07456815987825394, "val_mse": 0.0075100199319422245, "lr": 9.999999747378752e-06, "_runtime": 117.866464138031, "_step": 269, "best_val_loss": 0.0075100199319422245, "best_epoch": 0, "_wandb": {"runtime": 117}}