{"graph": {"_type": "graph-file", "sha256": "6b661ee68a9e83fb819a483f5a1668581ecbdd6399e744e8ec02dc700dc82bfe", "size": 593, "path": "media/graph/graph_summary_6b661ee68a9e83fb819a.graph.json"}, "epoch": 199, "_timestamp": 1684357151.9399545, "loss": 0.00146727473475039, "mae": 0.026437990367412567, "mse": 0.0012159786419942975, "root_mean_squared_error": 0.03487088531255722, "val_loss": 0.0015553819248452783, "val_mae": 0.02742631360888481, "val_mse": 0.0013042900245636702, "val_root_mean_squared_error": 0.036114953458309174, "lr": 1.0424804713693447e-05, "_runtime": 305.8254654407501, "_step": 199, "best_val_loss": 0.001554116141051054, "best_epoch": 185, "_wandb": {"runtime": 303}}