{"graph": {"_type": "graph-file", "sha256": "b262d3ba976a905f484979963bb8be18a745162a9c882f0db8008de3f924fed5", "size": 433, "path": "media/graph/graph_summary_b262d3ba976a905f4849.graph.json"}, "epoch": 19, "_timestamp": 1682584490.4884388, "loss": 0.002255344530567527, "mae": 0.04012279585003853, "mse": 0.002255344530567527, "root_mean_squared_error": 0.04749047011137009, "val_loss": 0.002277153078466654, "val_mae": 0.04042748361825943, "val_mse": 0.002277153078466654, "val_root_mean_squared_error": 0.047719527035951614, "lr": 9.999999747378752e-06, "_runtime": 196.67041778564453, "_step": 179, "best_val_loss": 0.0019482924835756421, "best_epoch": 2, "_wandb": {"runtime": 195}}