{"graph": {"_type": "graph-file", "sha256": "cc8da45c1b7a9744967fa531acd5c24a909c31b24b428636b1ad31bc9676222a", "size": 583, "path": "media/graph/graph_summary_cc8da45c1b7a9744967f.graph.json"}, "epoch": 9, "_timestamp": 1682700275.471701, "loss": 0.002024334156885743, "mae": 0.037938192486763, "mse": 0.0019256857922300696, "val_loss": 0.0020529816392809153, "val_mae": 0.03830526024103165, "val_mse": 0.001955767162144184, "lr": 0.0010000000474974513, "_runtime": 32.37629199028015, "_step": 9, "best_val_loss": 0.0020529816392809153, "best_epoch": 9, "_wandb": {"runtime": 32}}