{"graph": {"_type": "graph-file", "sha256": "c132a5585912016b7bb96a9d02cc4da60a5c6c3e56d9a611988a23dde51d251c", "size": 597, "path": "media/graph/graph_summary_c132a5585912016b7bb9.graph.json"}, "epoch": 9, "_timestamp": 1682700409.9679613, "loss": 0.001943341107107699, "mae": 0.037934478372335434, "mse": 0.0019214951898902655, "val_loss": 0.0019775365944951773, "val_mae": 0.038316771388053894, "val_mse": 0.0019601613748818636, "lr": 0.0010000000474974513, "_runtime": 30.327763319015503, "_step": 9, "best_val_loss": 0.0019775365944951773, "best_epoch": 9, "_wandb": {"runtime": 30}}