{"graph": {"_type": "graph-file", "sha256": "6b661ee68a9e83fb819a483f5a1668581ecbdd6399e744e8ec02dc700dc82bfe", "size": 593, "path": "media/graph/graph_summary_6b661ee68a9e83fb819a.graph.json"}, "epoch": 249, "_timestamp": 1684521508.43777, "loss": 0.00055559171596542, "mae": 0.014067990705370903, "mse": 0.0003587283717934042, "root_mean_squared_error": 0.018940124660730362, "val_loss": 0.0005746370879933238, "val_mae": 0.014461979269981384, "val_mse": 0.00037777077523060143, "val_root_mean_squared_error": 0.019436325877904892, "lr": 9.999999747378752e-06, "_runtime": 253.65095591545105, "_step": 249, "best_val_loss": 0.0005745863891206682, "best_epoch": 246, "_wandb": {"runtime": 252}}