{"graph": {"_type": "graph-file", "sha256": "11d901694bbcdf0cedaf33080226f27cdeb61547d6a657cd4426a5fc982e0ec6", "size": 875, "path": "media/graph/graph_summary_11d901694bbcdf0cedaf.graph.json"}, "epoch": 149, "_timestamp": 1681888011.1727395, "loss": 0.0019835440907627344, "mae": 0.03787757456302643, "mse": 0.0019151752348989248, "val_loss": 0.0020198337733745575, "val_mae": 0.03829013183712959, "val_mse": 0.0019515276653692126, "lr": 9.999999747378752e-06, "_runtime": 324.2277295589447, "_step": 1349, "best_val_loss": 0.0019496362656354904, "best_epoch": 30, "_wandb": {"runtime": 323}}