{"graph": {"_type": "graph-file", "sha256": "16ecfa3cac81f1273782278afab584fa57113f3a87a4b763ee360bb000c41a74", "size": 740, "path": "media/graph/graph_summary_16ecfa3cac81f1273782.graph.json"}, "epoch": 9, "_timestamp": 1680779347.5876567, "loss": 8.259963989257812, "mae": 0.01886594668030739, "mse": 0.0005426548887044191, "val_loss": 8.203311920166016, "val_mae": 0.020216312259435654, "val_mse": 0.0006650488940067589, "lr": 2.499999936844688e-05, "_runtime": 18.798524618148804, "_step": 9, "best_val_loss": 8.203311920166016, "best_epoch": 9, "_wandb": {"runtime": 18}}