{"graph": {"_type": "graph-file", "sha256": "270d7efe005ab41e3f1a950e1ff63d7588c75044119188123434a2b8ab028922", "size": 593, "path": "media/graph/graph_summary_270d7efe005ab41e3f1a.graph.json"}, "epoch": 99, "_timestamp": 1684424564.06423, "loss": 0.001031240331940353, "mae": 0.01929464004933834, "mse": 0.0007675961824133992, "root_mean_squared_error": 0.02770552597939968, "val_loss": 0.0010706009343266487, "val_mae": 0.019066253677010536, "val_mse": 0.0007973741157911718, "val_root_mean_squared_error": 0.02823781408369541, "lr": 0.0013343750033527613, "_runtime": 132.63779306411743, "_step": 99, "best_val_loss": 0.0010682103456929326, "best_epoch": 98, "_wandb": {"runtime": 131}}