{"graph": {"_type": "graph-file", "sha256": "dd5e40f9554f0059afc33a00737cc3926b9c39abeeefcf1816cde3023151145c", "size": 513, "path": "media/graph/graph_summary_dd5e40f9554f0059afc3.graph.json"}, "epoch": 149, "_timestamp": 1684036514.438299, "loss": 1.386615895171417e-05, "mae": 0.0026513151824474335, "mse": 1.386615895171417e-05, "root_mean_squared_error": 0.003723729168996215, "val_loss": 1.411519042449072e-05, "val_mae": 0.0026926882565021515, "val_mse": 1.411519042449072e-05, "val_root_mean_squared_error": 0.003757018828764558, "lr": 0.0005387500277720392, "_runtime": 6691.2687339782715, "_step": 149, "best_val_loss": 1.3919172488385811e-05, "best_epoch": 142, "_wandb": {"runtime": 6690}}