{"graph": {"_type": "graph-file", "sha256": "a9d198e3ac0e251b2f38afb4b01450f98b3eb08971856a19a52ed6369d985ac1", "size": 485, "path": "media/graph/graph_summary_a9d198e3ac0e251b2f38.graph.json"}, "epoch": 29, "_timestamp": 1683137062.690177, "loss": 0.003450463991612196, "mae": 0.05095632001757622, "mse": 0.003450463991612196, "root_mean_squared_error": 0.058740656822919846, "val_loss": 0.0034473598934710026, "val_mae": 0.05100709944963455, "val_mse": 0.0034473598934710026, "val_root_mean_squared_error": 0.05871422216296196, "lr": 5.8289748267270625e-05, "_runtime": 481.03639101982117, "_step": 299, "best_val_loss": 0.003400086425244808, "best_epoch": 7, "_wandb": {"runtime": 479}}