{"graph": {"_type": "graph-file", "sha256": "0aefe818bd72f5996af43d11f603b720f44ba087f2d08bd572ce3fd873a74083", "size": 593, "path": "media/graph/graph_summary_0aefe818bd72f5996af4.graph.json"}, "epoch": 9, "_timestamp": 1682358902.558328, "loss": 0.001577345305122435, "mae": 0.03078281506896019, "mse": 0.0013990453444421291, "root_mean_squared_error": 0.03740381449460983, "val_loss": 0.001460534636862576, "val_mae": 0.030712924897670746, "val_mse": 0.001309787156060338, "val_root_mean_squared_error": 0.03619098290801048, "lr": 0.09925000369548798, "_runtime": 11.848439931869507, "_step": 9, "best_val_loss": 0.001460534636862576, "best_epoch": 9, "_wandb": {"runtime": 11}}