{"graph": {"_type": "graph-file", "sha256": "2910eba9003358c5f98da7e9c12e27bbd61ff5182315926c931febaf8b665ab2", "size": 722, "path": "media/graph/graph_summary_2910eba9003358c5f98d.graph.json"}, "epoch": 9, "_timestamp": 1680785200.1899316, "loss": 0.03216440603137016, "mae": 0.02497473917901516, "mse": 0.0008450374007225037, "val_loss": 0.018389422446489334, "val_mae": 0.026725461706519127, "val_mse": 0.0009991514962166548, "lr": 0.0005000000237487257, "_runtime": 13.66612958908081, "_step": 9, "best_val_loss": 0.018389422446489334, "best_epoch": 9, "_wandb": {"runtime": 13}}