{"graph": {"_type": "graph-file", "sha256": "b0e991419d33b8f9c145667fc3dc680a07142ed57013a1d3ab881f78806acf0c", "size": 593, "path": "media/graph/graph_summary_b0e991419d33b8f9c145.graph.json"}, "epoch": 149, "_timestamp": 1681588004.986938, "loss": 0.0032624027226120234, "mae": 0.03845236450433731, "mse": 0.001985138049349189, "val_loss": 0.0033046023454517126, "val_mae": 0.03879383206367493, "val_mse": 0.002027845708653331, "lr": 9.999999747378752e-06, "_runtime": 215.32803988456726, "_step": 149, "best_val_loss": 0.0033046023454517126, "best_epoch": 149, "_wandb": {"runtime": 215}}