{"graph": {"_type": "graph-file", "sha256": "c43a6a08b8d95bcf8fd69640763fc6156f983d2fce3ea520ce9c63c2dc6a05bf", "size": 565, "path": "media/graph/graph_summary_c43a6a08b8d95bcf8fd6.graph.json"}, "epoch": 199, "_timestamp": 1684354686.0058315, "loss": 0.0008685995126143098, "mae": 0.025164706632494926, "mse": 0.0008484426070936024, "root_mean_squared_error": 0.02912803739309311, "val_loss": 0.0009302129037678242, "val_mae": 0.026282446458935738, "val_mse": 0.0009101045434363186, "val_root_mean_squared_error": 0.030167939141392708, "lr": 9.999999747378752e-06, "_runtime": 171.2874903678894, "_step": 199, "best_val_loss": 0.0009302114485763013, "best_epoch": 196, "_wandb": {"runtime": 170}}