{"graph": {"_type": "graph-file", "sha256": "75392d8990f043329e5dc2bf9fcecb097c0f5dd75d79c6dc68580d2e66643c15", "size": 708, "path": "media/graph/graph_summary_75392d8990f043329e5d.graph.json"}, "epoch": 99, "_timestamp": 1680789523.3909855, "loss": 0.0008192563545890152, "mae": 0.024716651067137718, "mse": 0.0008192291134037077, "val_loss": 0.000865267647895962, "val_mae": 0.025662969797849655, "val_mse": 0.0008652408723719418, "lr": 9.999999747378752e-06, "_runtime": 133.99857544898987, "_step": 99, "best_val_loss": 0.0008652674150653183, "best_epoch": 98, "_wandb": {"runtime": 133}}