{"graph": {"_type": "graph-file", "sha256": "9ddb5ce411971f1d49672a7c8823691761f6e113ffb2ba88f02fb4e834056542", "size": 729, "path": "media/graph/graph_summary_9ddb5ce411971f1d4967.graph.json"}, "epoch": 49, "_timestamp": 1681050483.9269273, "loss": 0.12566202878952026, "mae": 0.023567955940961838, "mse": 0.0007514437311328948, "val_loss": 0.12487802654504776, "val_mae": 0.024587737396359444, "val_mse": 0.0008014017948880792, "lr": 9.999999747378752e-06, "_runtime": 177.93393921852112, "_step": 49, "best_val_loss": 0.12487802654504776, "best_epoch": 49, "_wandb": {"runtime": 179}}