{"graph": {"_type": "graph-file", "sha256": "805d5485ec34b8f8ad6cdf4a76b08d6731c1da5dd0bd33cc6008185d72e09a8b", "size": 579, "path": "media/graph/graph_summary_805d5485ec34b8f8ad6c.graph.json"}, "epoch": 49, "_timestamp": 1681576914.1926618, "loss": 0.002908020978793502, "mae": 0.03788023442029953, "mse": 0.0019234194187447429, "val_loss": 0.002925466513261199, "val_mae": 0.03833518549799919, "val_mse": 0.0019529069541022182, "lr": 9.999999747378752e-06, "_runtime": 100.81727170944214, "_step": 49, "best_val_loss": 0.002925466513261199, "best_epoch": 49, "_wandb": {"runtime": 101}}