{"graph": {"_type": "graph-file", "sha256": "2910eba9003358c5f98da7e9c12e27bbd61ff5182315926c931febaf8b665ab2", "size": 722, "path": "media/graph/graph_summary_2910eba9003358c5f98d.graph.json"}, "epoch": 49, "_timestamp": 1681310004.1716242, "loss": 1.3660211563110352, "mae": 0.04759010300040245, "mse": 0.0030904496088624, "val_loss": 1.3658032417297363, "val_mae": 0.047415271401405334, "val_mse": 0.003110735910013318, "lr": 9.999999747378752e-06, "_runtime": 190.5078091621399, "_step": 49, "best_val_loss": 1.3658032417297363, "best_epoch": 49, "_wandb": {"runtime": 192}}