{"graph": {"_type": "graph-file", "sha256": "270d7efe005ab41e3f1a950e1ff63d7588c75044119188123434a2b8ab028922", "size": 593, "path": "media/graph/graph_summary_270d7efe005ab41e3f1a.graph.json"}, "epoch": 299, "_timestamp": 1684848985.508957, "loss": 0.0009829687187448144, "mae": 0.019556120038032532, "mse": 0.0007142513059079647, "root_mean_squared_error": 0.02672548033297062, "val_loss": 0.0010356723796576262, "val_mae": 0.02028944529592991, "val_mse": 0.0007669770275242627, "val_root_mean_squared_error": 0.027694350108504295, "lr": 9.999999747378752e-06, "_runtime": 256.14333391189575, "_step": 299, "best_val_loss": 0.0010354561964049935, "best_epoch": 292, "_wandb": {"runtime": 254}}