{"graph": {"_type": "graph-file", "sha256": "de22b56f358365512a341e4573d5b6b8a0a54f9e900aecce5d1a9142f2e1136f", "size": 493, "path": "media/graph/graph_summary_de22b56f358365512a34.graph.json"}, "epoch": 149, "_timestamp": 1684183817.9566422, "loss": 0.00012188585969852284, "mae": 0.006798704154789448, "mse": 0.00012188585969852284, "root_mean_squared_error": 0.011040193028748035, "val_loss": 0.00014665379421785474, "val_mae": 0.007193801458925009, "val_mse": 0.00014665379421785474, "val_root_mean_squared_error": 0.012110070325434208, "lr": 0.0005387500277720392, "_runtime": 5664.081582069397, "_step": 149, "best_val_loss": 0.00014665379421785474, "best_epoch": 149, "_wandb": {"runtime": 5665}}