{"graph": {"_type": "graph-file", "sha256": "8daf7e86f159484d71e9f7b752a36cceda20c4c5aba79e1280e99f4f67d66bb9", "size": 593, "path": "media/graph/graph_summary_8daf7e86f159484d71e9.graph.json"}, "epoch": 249, "_timestamp": 1684520716.7635763, "loss": 0.007615211419761181, "mae": 0.07555586099624634, "mse": 0.007615211419761181, "root_mean_squared_error": 0.08726517856121063, "val_loss": 0.007539563812315464, "val_mae": 0.07526866346597672, "val_mse": 0.007539563812315464, "val_root_mean_squared_error": 0.08683066070079803, "lr": 9.999999747378752e-06, "_runtime": 214.09242033958435, "_step": 249, "best_val_loss": 0.007538273464888334, "best_epoch": 47, "_wandb": {"runtime": 212}}