{"graph": {"_type": "graph-file", "sha256": "f1406ad1b15778a053e3496bedb6b2630ef1420cd2210017aef6a4767df2ad9a", "size": 593, "path": "media/graph/graph_summary_f1406ad1b15778a053e3.graph.json"}, "epoch": 199, "_timestamp": 1684355921.2636218, "loss": 0.0025985385291278362, "mae": 0.03861580044031143, "mse": 0.002467109588906169, "root_mean_squared_error": 0.049670007079839706, "val_loss": 0.002620422514155507, "val_mae": 0.038760896772146225, "val_mse": 0.002489078789949417, "val_root_mean_squared_error": 0.0498906672000885, "lr": 9.999999747378752e-06, "_runtime": 283.83860182762146, "_step": 199, "best_val_loss": 0.002620422514155507, "best_epoch": 199, "_wandb": {"runtime": 283}}