{"graph": {"_type": "graph-file", "sha256": "75392d8990f043329e5dc2bf9fcecb097c0f5dd75d79c6dc68580d2e66643c15", "size": 708, "path": "media/graph/graph_summary_75392d8990f043329e5d.graph.json"}, "epoch": 49, "_timestamp": 1681318444.332125, "loss": 2.469681978225708, "mae": 0.04075413569808006, "mse": 0.0023343136999756098, "val_loss": 2.4693655967712402, "val_mae": 0.041006918996572495, "val_mse": 0.002342069987207651, "lr": 9.999999747378752e-06, "_runtime": 57.003072023391724, "_step": 49, "best_val_loss": 2.4693655967712402, "best_epoch": 49, "_wandb": {"runtime": 57}}