{"graph": {"_type": "graph-file", "sha256": "270d7efe005ab41e3f1a950e1ff63d7588c75044119188123434a2b8ab028922", "size": 593, "path": "media/graph/graph_summary_270d7efe005ab41e3f1a.graph.json"}, "epoch": 199, "_timestamp": 1682949899.2917917, "loss": 0.0033999367151409388, "mae": 0.05047566443681717, "mse": 0.0033999367151409388, "root_mean_squared_error": 0.05830897390842438, "val_loss": 0.00340018467977643, "val_mae": 0.05054372549057007, "val_mse": 0.00340018467977643, "val_root_mean_squared_error": 0.0583111010491848, "lr": 9.999999747378752e-06, "_runtime": 4744.087985754013, "_step": 1999, "best_val_loss": 0.0034000929445028305, "best_epoch": 9, "_wandb": {"runtime": 4742}}