{"graph": {"_type": "graph-file", "sha256": "cab3aa21999ddbc740737114ad733fa180af76b5baf6917beadeb955b771a9f2", "size": 439, "path": "media/graph/graph_summary_cab3aa21999ddbc74073.graph.json"}, "epoch": 19, "_timestamp": 1683401773.6823866, "loss": 0.003399346023797989, "mae": 0.05047095939517021, "mse": 0.003399346023797989, "root_mean_squared_error": 0.058303914964199066, "val_loss": 0.003399750217795372, "val_mae": 0.05053991824388504, "val_mse": 0.003399750217795372, "val_root_mean_squared_error": 0.05830736830830574, "lr": 9.999999747378752e-06, "_runtime": 1079.7928075790405, "_step": 199, "best_val_loss": 0.003283802419900894, "best_epoch": 18, "_wandb": {"runtime": 1078}}