{"graph": {"_type": "graph-file", "sha256": "172a60ae5174bdf1083edeb6d6d427bcce75c2ae00912cd0c6b2dbb29445d640", "size": 1100, "path": "media/graph/graph_summary_172a60ae5174bdf1083e.graph.json"}, "epoch": 49, "_timestamp": 1682774789.266208, "loss": 0.0019308439223095775, "mae": 0.038032371550798416, "mse": 0.0019308439223095775, "root_mean_squared_error": 0.04394136741757393, "val_loss": 0.0019650855101644993, "val_mae": 0.03845605626702309, "val_mse": 0.0019650855101644993, "val_root_mean_squared_error": 0.04432928189635277, "lr": 0.0035528407897800207, "_runtime": 438.33383989334106, "_step": 449, "best_val_loss": 0.0019448735984042287, "best_epoch": 47, "_wandb": {"runtime": 437}}