{"graph": {"_type": "graph-file", "sha256": "e1668ef2d875ecc776e16f3501700eaddd1a5396842b15f34d9e06bc76dd30e5", "size": 766, "path": "media/graph/graph_summary_e1668ef2d875ecc776e1.graph.json"}, "epoch": 49, "_timestamp": 1682790834.3567436, "loss": 0.007567143999040127, "mae": 0.07518515735864639, "mse": 0.007567143999040127, "root_mean_squared_error": 0.08698933571577072, "val_loss": 0.007510020863264799, "val_mae": 0.07456815987825394, "val_mse": 0.007510020863264799, "val_root_mean_squared_error": 0.08666037768125534, "lr": 9.999999747378752e-06, "_runtime": 312.7689595222473, "_step": 449, "best_val_loss": 0.007510020863264799, "best_epoch": 0, "_wandb": {"runtime": 311}}