{"graph": {"_type": "graph-file", "sha256": "ff441591ba63d5b08f3947fee16bef00959bfaf6c75eed109169c8a0b69f0f87", "size": 565, "path": "media/graph/graph_summary_ff441591ba63d5b08f39.graph.json"}, "epoch": 49, "_timestamp": 1681576608.3376026, "loss": 0.004072112962603569, "mae": 0.03828318044543266, "mse": 0.00197942228987813, "val_loss": 0.004081801977008581, "val_mae": 0.03859598934650421, "val_mse": 0.0019914801232516766, "lr": 9.999999747378752e-06, "_runtime": 95.81552767753601, "_step": 49, "best_val_loss": 0.004081801977008581, "best_epoch": 49, "_wandb": {"runtime": 97}}