{"graph": {"_type": "graph-file", "sha256": "5fcd1e487d1764ad15de2fa098e80a5c18120f4192d62db19268193cab9e3e8a", "size": 513, "path": "media/graph/graph_summary_5fcd1e487d1764ad15de.graph.json"}, "epoch": 149, "_timestamp": 1683508824.7507045, "loss": 1.3714487067773007e-05, "mae": 0.0026850791182368994, "mse": 1.3714487067773007e-05, "root_mean_squared_error": 0.003703307593241334, "val_loss": 1.4215637747838628e-05, "val_mae": 0.002738234819844365, "val_mse": 1.4215637747838628e-05, "val_root_mean_squared_error": 0.003770363051444292, "lr": 0.0001346875069430098, "_runtime": 6976.645662546158, "_step": 149, "best_val_loss": 1.4215637747838628e-05, "best_epoch": 149, "_wandb": {"runtime": 6979}}