{"graph": {"_type": "graph-file", "sha256": "9c2297403badc13ed46f1f3349de4c55b03b2783ff90a9225f08d8a5a1dc565a", "size": 583, "path": "media/graph/graph_summary_9c2297403badc13ed46f.graph.json"}, "epoch": 49, "_timestamp": 1682688330.6678615, "loss": 0.0034434229601174593, "mae": 0.05059913918375969, "mse": 0.0033994526602327824, "val_loss": 0.0034513131249696016, "val_mae": 0.050300873816013336, "val_mse": 0.003406872972846031, "lr": 6.25000029685907e-05, "_runtime": 273.6459925174713, "_step": 49, "best_val_loss": 0.0034513131249696016, "best_epoch": 49, "_wandb": {"runtime": 276}}