{"graph": {"_type": "graph-file", "sha256": "6aa6df65ad587c9145405be801ea19271f8b0ec57046c0031601ec80d07da308", "size": 1100, "path": "media/graph/graph_summary_6aa6df65ad587c914540.graph.json"}, "epoch": 149, "_timestamp": 1682768241.3533578, "loss": 0.0019144070101901889, "mae": 0.03787168115377426, "mse": 0.0019144070101901889, "root_mean_squared_error": 0.04375392943620682, "val_loss": 0.001949954661540687, "val_mae": 0.038301143795251846, "val_mse": 0.001949954661540687, "val_root_mean_squared_error": 0.04415828362107277, "lr": 9.999999747378752e-06, "_runtime": 2142.1940898895264, "_step": 1349, "best_val_loss": 0.001949608325958252, "best_epoch": 45, "_wandb": {"runtime": 2140}}