{"graph": {"_type": "graph-file", "sha256": "d590dbd3138e69feb1b7ca47e866f3aecd6d7966cebb4bc097e9bb18fde79e53", "size": 439, "path": "media/graph/graph_summary_d590dbd3138e69feb1b7.graph.json"}, "epoch": 19, "_timestamp": 1683400673.9873762, "loss": 0.003397453110665083, "mae": 0.050429459661245346, "mse": 0.003397453110665083, "root_mean_squared_error": 0.05828767269849777, "val_loss": 0.0034023672342300415, "val_mae": 0.05055200308561325, "val_mse": 0.0034023672342300415, "val_root_mean_squared_error": 0.05832981318235397, "lr": 0.0029940183740109205, "_runtime": 493.1434922218323, "_step": 199, "best_val_loss": 9.445157775189728e-05, "best_epoch": 19, "_wandb": {"runtime": 492}}