{"graph": {"_type": "graph-file", "sha256": "79b08f6778947b3bc8a78ef05d3dff856660767dcb2583e232a2bb59d0e5856f", "size": 593, "path": "media/graph/graph_summary_79b08f6778947b3bc8a7.graph.json"}, "epoch": 199, "_timestamp": 1684357672.3191986, "loss": 0.0007152077159844339, "mae": 0.018144600093364716, "mse": 0.0005533996154554188, "root_mean_squared_error": 0.023524446412920952, "val_loss": 0.000740275252610445, "val_mae": 0.01847922056913376, "val_mse": 0.0005786289111711085, "val_root_mean_squared_error": 0.02405470609664917, "lr": 9.999999747378752e-06, "_runtime": 266.22771549224854, "_step": 199, "best_val_loss": 0.0007400654722005129, "best_epoch": 193, "_wandb": {"runtime": 264}}