{"graph": {"_type": "graph-file", "sha256": "420a2fcd2de43ee70c736e1eb41097fa31064d7aec06bd148979fdcdf4f22175", "size": 579, "path": "media/graph/graph_summary_420a2fcd2de43ee70c73.graph.json"}, "epoch": 9, "_timestamp": 1682436879.180759, "loss": 0.002010144991800189, "mae": 0.03801501914858818, "mse": 0.0019381226738914847, "root_mean_squared_error": 0.044024113565683365, "R2": -0.04416124150156975, "val_loss": 0.002003737725317478, "val_mae": 0.03838833048939705, "val_mse": 0.0019577168859541416, "val_root_mean_squared_error": 0.04424609616398811, "val_R2": -800.985107421875, "lr": 0.09925000369548798, "_runtime": 7.070647954940796, "_step": 9, "best_val_loss": 0.0019834379199892282, "best_epoch": 7, "_wandb": {"runtime": 5}}