{"graph": {"_type": "graph-file", "sha256": "62adf72a846d167414421c26f61a059263e9d3957c36b4e12fb587a4b3a0b101", "size": 593, "path": "media/graph/graph_summary_62adf72a846d16741442.graph.json"}, "epoch": 249, "_timestamp": 1684516158.3182485, "loss": 0.001318292343057692, "mae": 0.023371689021587372, "mse": 0.0009809263283386827, "root_mean_squared_error": 0.031319741159677505, "val_loss": 0.0012735616182908416, "val_mae": 0.023115897551178932, "val_mse": 0.0009361951961182058, "val_root_mean_squared_error": 0.030597306787967682, "lr": 9.999999747378752e-06, "_runtime": 102.39343047142029, "_step": 249, "best_val_loss": 0.0012732002651318908, "best_epoch": 244, "_wandb": {"runtime": 100}}