{"graph": {"_type": "graph-file", "sha256": "0aefe818bd72f5996af43d11f603b720f44ba087f2d08bd572ce3fd873a74083", "size": 593, "path": "media/graph/graph_summary_0aefe818bd72f5996af4.graph.json"}, "epoch": 149, "_timestamp": 1681895318.2429721, "loss": 0.17617325484752655, "mae": 0.041665248572826385, "mse": 0.002484220312908292, "val_loss": 0.1762348711490631, "val_mae": 0.04206877946853638, "val_mse": 0.0025492014829069376, "lr": 1.0473175279912539e-05, "_runtime": 246.5966501235962, "_step": 1349, "best_val_loss": 0.16445483267307281, "best_epoch": 149, "_wandb": {"runtime": 245}}