{"graph": {"_type": "graph-file", "sha256": "4b8bebba67c69112d4044524e5dd200f6e7d7f4fbbd92873f26b0b59d3f2afbf", "size": 740, "path": "media/graph/graph_summary_4b8bebba67c69112d404.graph.json"}, "epoch": 9, "_timestamp": 1680777868.3744364, "loss": 8.410337448120117, "mae": 0.021707309409976006, "mse": 0.0006767145823687315, "val_loss": 8.299446105957031, "val_mae": 0.024313466623425484, "val_mse": 0.0008693853160366416, "lr": 4.999999873689376e-05, "_runtime": 67.15548729896545, "_step": 99, "best_val_loss": 7.616008281707764, "best_epoch": 9, "_wandb": {"runtime": 66}}