{"graph": {"_type": "graph-file", "sha256": "8e18fd04a220e4d3d34782b87960db70a0a893e71852a84800e5c44201f8b8fd", "size": 593, "path": "media/graph/graph_summary_8e18fd04a220e4d3d347.graph.json"}, "epoch": 9, "_timestamp": 1682357689.4778368, "loss": 0.002254384569823742, "mae": 0.037538569420576096, "mse": 0.0019326743204146624, "root_mean_squared_error": 0.04396219179034233, "val_loss": 0.002283929381519556, "val_mae": 0.03772781044244766, "val_mse": 0.0019493120489642024, "val_root_mean_squared_error": 0.04415101557970047, "lr": 0.09925000369548798, "_runtime": 5.1545729637146, "_step": 9, "best_val_loss": 0.0019802781753242016, "best_epoch": 1, "_wandb": {"runtime": 3}}