{"graph": {"_type": "graph-file", "sha256": "0aefe818bd72f5996af43d11f603b720f44ba087f2d08bd572ce3fd873a74083", "size": 593, "path": "media/graph/graph_summary_0aefe818bd72f5996af4.graph.json"}, "epoch": 29, "_timestamp": 1681916837.18971, "loss": 0.0014693664852529764, "mae": 0.030763717368245125, "mse": 0.0013617266668006778, "val_loss": 0.0014431420713663101, "val_mae": 0.03070169873535633, "val_mse": 0.0013408131198957562, "lr": 0.03992578014731407, "_runtime": 64.58108592033386, "_step": 269, "best_val_loss": 0.0010080492356792092, "best_epoch": 28, "_wandb": {"runtime": 63}}