{"graph": {"_type": "graph-file", "sha256": "c43a6a08b8d95bcf8fd69640763fc6156f983d2fce3ea520ce9c63c2dc6a05bf", "size": 565, "path": "media/graph/graph_summary_c43a6a08b8d95bcf8fd6.graph.json"}, "epoch": 249, "_timestamp": 1684518982.1886065, "loss": 0.0002765681711025536, "mae": 0.011894086375832558, "mse": 0.000193327316083014, "root_mean_squared_error": 0.01390421949326992, "val_loss": 0.0002967924519907683, "val_mae": 0.012498327530920506, "val_mse": 0.0002135516406269744, "val_root_mean_squared_error": 0.014613405801355839, "lr": 9.999999747378752e-06, "_runtime": 359.42689752578735, "_step": 249, "best_val_loss": 0.0002967924519907683, "best_epoch": 249, "_wandb": {"runtime": 359}}