{"graph": {"_type": "graph-file", "sha256": "91cbcf33022116b3b9c2d98087da8f51ac4dd56e4b0c6c76182620485ffe7f3b", "size": 513, "path": "media/graph/graph_summary_91cbcf33022116b3b9c2.graph.json"}, "epoch": 199, "_timestamp": 1683874312.05466, "loss": 9.125480573857203e-05, "mae": 0.006207138765603304, "mse": 9.125480573857203e-05, "root_mean_squared_error": 0.009552737697958946, "val_loss": 9.06916829990223e-05, "val_mae": 0.006380108650773764, "val_mse": 9.06916829990223e-05, "val_root_mean_squared_error": 0.00952321756631136, "lr": 6.73437534715049e-05, "_runtime": 10535.003053188324, "_step": 199, "best_val_loss": 9.008657070808113e-05, "best_epoch": 198, "_wandb": {"runtime": 10533}}