{"graph": {"_type": "graph-file", "sha256": "9ddb5ce411971f1d49672a7c8823691761f6e113ffb2ba88f02fb4e834056542", "size": 729, "path": "media/graph/graph_summary_9ddb5ce411971f1d4967.graph.json"}, "epoch": 0, "_timestamp": 1680802496.1543155, "loss": 9.943973541259766, "mae": 0.032986074686050415, "mse": 0.002450264524668455, "val_loss": 7.3005499839782715, "val_mae": 0.037883780896663666, "val_mse": 0.0020504766143858433, "lr": 0.0010000000474974513, "_runtime": 3.7326934337615967, "_step": 0, "best_val_loss": 7.3005499839782715, "best_epoch": 0, "_wandb": {"runtime": 3}}