{"graph": {"_type": "graph-file", "sha256": "b742085c3212d7e66867272024ed2be0a65139458aed034cb70ac96d44debbbd", "size": 487, "path": "media/graph/graph_summary_b742085c3212d7e66867.graph.json"}, "epoch": 199, "_timestamp": 1683008452.8762727, "loss": 1.880428499134723e-06, "mae": 0.0010160042438656092, "mse": 1.880428499134723e-06, "root_mean_squared_error": 0.001371287158690393, "val_loss": 1.987963514693547e-06, "val_mae": 0.001053376356139779, "val_mse": 1.987963514693547e-06, "val_root_mean_squared_error": 0.0014099515974521637, "lr": 3.367187673575245e-05, "_runtime": 1275.3053486347198, "_step": 199, "best_val_loss": 1.9820238321699435e-06, "best_epoch": 193, "_wandb": {"runtime": 1273}}