{"graph": {"_type": "graph-file", "sha256": "94c118fa1fcf9b34691c052097f5336b907c40cbd701b09f5592c1b7aa5f07bc", "size": 1095, "path": "media/graph/graph_summary_94c118fa1fcf9b34691c.graph.json"}, "epoch": 149, "_timestamp": 1682769201.2949126, "loss": 0.0019145706901326776, "mae": 0.03787378966808319, "mse": 0.0019145706901326776, "root_mean_squared_error": 0.04375580698251724, "val_loss": 0.0019502538489177823, "val_mae": 0.03829817846417427, "val_mse": 0.0019502538489177823, "val_root_mean_squared_error": 0.04416167736053467, "lr": 0.0001858372997958213, "_runtime": 442.283709526062, "_step": 1349, "best_val_loss": 0.0019496118184179068, "best_epoch": 63, "_wandb": {"runtime": 441}}