{"graph": {"_type": "graph-file", "sha256": "f85faa612fac6ca1efad49344ff8990892544bf7c71b8f0c4c72ec9c42a16e3e", "size": 581, "path": "media/graph/graph_summary_f85faa612fac6ca1efad.graph.json"}, "epoch": 49, "_timestamp": 1681580997.3467274, "loss": 0.003763695480301976, "mae": 0.0486748069524765, "mse": 0.0031760192941874266, "val_loss": 0.0037861305754631758, "val_mae": 0.04854724183678627, "val_mse": 0.0031962627544999123, "lr": 9.999999747378752e-06, "_runtime": 79.04606628417969, "_step": 49, "best_val_loss": 0.0037861305754631758, "best_epoch": 49, "_wandb": {"runtime": 79}}