{"graph": {"_type": "graph-file", "sha256": "1ac42279a8a8ee75daecbd716f2cfd7ba2fd41eaabde548ec7ec7a227be58735", "size": 579, "path": "media/graph/graph_summary_1ac42279a8a8ee75daec.graph.json"}, "epoch": 51, "_timestamp": 1684420277.5871477, "loss": 3244.177001953125, "mae": 48.98235321044922, "mse": 3244.14111328125, "root_mean_squared_error": 56.95736312866211, "val_loss": 3322.5927734375, "val_mae": 49.171897888183594, "val_mse": 3322.555419921875, "val_root_mean_squared_error": 57.6416130065918, "lr": 0.0010000000474974513, "_runtime": 184.02063179016113, "_step": 51, "best_val_loss": 3322.5927734375, "best_epoch": 51, "_wandb": {"runtime": 182}}