{"graph": {"_type": "graph-file", "sha256": "0efca3fad46de98b1536a47803916b90aefc68391323e2569b408868cb4128b3", "size": 590, "path": "media/graph/graph_summary_0efca3fad46de98b1536.graph.json"}, "epoch": 49, "_timestamp": 1681056284.2587767, "loss": 0.0010029085678979754, "mae": 0.02506997622549534, "mse": 0.0010029085678979754, "val_loss": 0.0010686992900446057, "val_mae": 0.025824792683124542, "val_mse": 0.0010686992900446057, "lr": 9.999999747378752e-06, "_runtime": 26.969104766845703, "_step": 49, "best_val_loss": 0.0010686992900446057, "best_epoch": 49, "_wandb": {"runtime": 26}}