{"graph": {"_type": "graph-file", "sha256": "50c0ac54b12eaef92caa2bb76e95c30e19f641047844ef9ce739012bbf621497", "size": 740, "path": "media/graph/graph_summary_50c0ac54b12eaef92caa.graph.json"}, "epoch": 99, "_timestamp": 1680790584.1584241, "loss": 0.0008193211979232728, "mae": 0.024717101827263832, "mse": 0.000819281442090869, "val_loss": 0.0008652811520732939, "val_mae": 0.025663061067461967, "val_mse": 0.0008652412216179073, "lr": 9.999999747378752e-06, "_runtime": 182.621267080307, "_step": 99, "best_val_loss": 0.0008652759715914726, "best_epoch": 72, "_wandb": {"runtime": 181}}