{"graph": {"_type": "graph-file", "sha256": "75392d8990f043329e5dc2bf9fcecb097c0f5dd75d79c6dc68580d2e66643c15", "size": 708, "path": "media/graph/graph_summary_75392d8990f043329e5d.graph.json"}, "epoch": 0, "_timestamp": 1681052486.4685347, "loss": 10.011506080627441, "mae": 0.025946645066142082, "mse": 0.0009367801831103861, "val_loss": 7.351257801055908, "val_mae": 0.024711301550269127, "val_mse": 0.0008408322464674711, "lr": 0.0010000000474974513, "_runtime": 4.472032785415649, "_step": 0, "best_val_loss": 7.351257801055908, "best_epoch": 0, "_wandb": {"runtime": 5}}