{"graph": {"_type": "graph-file", "sha256": "c6d503f86f78d4fd10a788fb1f61986fe34bd78dc03217c7428ec89bc81e633e", "size": 1133, "path": "media/graph/graph_summary_c6d503f86f78d4fd10a7.graph.json"}, "epoch": 49, "_timestamp": 1681305379.903094, "loss": 0.0019143435638397932, "mae": 0.03787124156951904, "mse": 0.0019143435638397932, "val_loss": 0.001949999830685556, "val_mae": 0.03830062970519066, "val_mse": 0.001949999830685556, "lr": 9.999999747378752e-06, "_runtime": 25.798239946365356, "_step": 49, "best_val_loss": 0.0019496084423735738, "best_epoch": 16, "_wandb": {"runtime": 25}}