{"graph": {"_type": "graph-file", "sha256": "c794d19637a5db50ae91ad94a79e17abefd54d9934c7b5c9f144447b3cb65e12", "size": 1093, "path": "media/graph/graph_summary_c794d19637a5db50ae91.graph.json"}, "epoch": 49, "_timestamp": 1682747546.8574345, "loss": 0.0019157733768224716, "mae": 0.037877872586250305, "mse": 0.0019157733768224716, "root_mean_squared_error": 0.04376954585313797, "val_loss": 0.0019528184784576297, "val_mae": 0.03829489275813103, "val_mse": 0.0019528184784576297, "val_root_mean_squared_error": 0.04419070482254028, "lr": 0.00031934166327118874, "_runtime": 470.64197850227356, "_step": 449, "best_val_loss": 0.001949608908034861, "best_epoch": 43, "_wandb": {"runtime": 469}}