{"graph": {"_type": "graph-file", "sha256": "8d0d6e4a8d4d7106501bd6b41ef7bca2f01c21c4983ef79289d078c2f681c0d9", "size": 593, "path": "media/graph/graph_summary_8d0d6e4a8d4d7106501b.graph.json"}, "epoch": 49, "_timestamp": 1681579919.642608, "loss": 0.002941280836239457, "mae": 0.03727399557828903, "mse": 0.0018714662874117494, "val_loss": 0.002987493993714452, "val_mae": 0.037743616849184036, "val_mse": 0.001923433388583362, "lr": 9.999999747378752e-06, "_runtime": 62.43066596984863, "_step": 49, "best_val_loss": 0.002987493993714452, "best_epoch": 49, "_wandb": {"runtime": 62}}