{"graph": {"_type": "graph-file", "sha256": "b724bee7979ba3c36cf2fb17fbe6b7526990bbc4e4c3b47bf7b71e80e1979e6c", "size": 768, "path": "media/graph/graph_summary_b724bee7979ba3c36cf2.graph.json"}, "epoch": 19, "_timestamp": 1682719233.8278263, "loss": 0.007567143067717552, "mae": 0.07518516480922699, "mse": 0.007567143067717552, "root_mean_squared_error": 0.08698932826519012, "val_loss": 0.007510020863264799, "val_mae": 0.07456816732883453, "val_mse": 0.007510020863264799, "val_root_mean_squared_error": 0.08666037768125534, "lr": 0.043503981083631516, "_runtime": 55.31876826286316, "_step": 179, "best_val_loss": 0.007510020863264799, "best_epoch": 0, "_wandb": {"runtime": 54}}