{"graph": {"_type": "graph-file", "sha256": "fd3d6f86dab916c52d1cec37434f86639ec7928cbd466c17b990c8b4e587335a", "size": 968, "path": "media/graph/graph_summary_fd3d6f86dab916c52d1c.graph.json"}, "epoch": 49, "_timestamp": 1682677384.5954795, "loss": 0.001960648922249675, "mae": 0.038097724318504333, "mse": 0.001960648922249675, "root_mean_squared_error": 0.04427921399474144, "val_loss": 0.0022516606841236353, "val_mae": 0.040113918483257294, "val_mse": 0.0022516606841236353, "val_root_mean_squared_error": 0.04745166748762131, "lr": 0.019018862396478653, "_runtime": 1369.016933441162, "_step": 449, "best_val_loss": 0.0019496310269460082, "best_epoch": 47, "_wandb": {"runtime": 1367}}