{"graph": {"_type": "graph-file", "sha256": "09001e5d16255fb4ed41fabe8b9d2de06db7dfd3452aa6e163daecd443257980", "size": 773, "path": "media/graph/graph_summary_09001e5d16255fb4ed41.graph.json"}, "epoch": 149, "_timestamp": 1682789891.1490998, "loss": 0.007567142136394978, "mae": 0.07518516480922699, "mse": 0.007567142136394978, "root_mean_squared_error": 0.08698932081460953, "val_loss": 0.007510020397603512, "val_mae": 0.07456815987825394, "val_mse": 0.007510020397603512, "val_root_mean_squared_error": 0.08666037023067474, "lr": 9.999999747378752e-06, "_runtime": 881.5390727519989, "_step": 1349, "best_val_loss": 0.007510020397603512, "best_epoch": 0, "_wandb": {"runtime": 880}}