{"graph": {"_type": "graph-file", "sha256": "cf445d72f521970b6d7ce8f2af58a7164a625c894e8eef45f48b4ae72e9bc446", "size": 439, "path": "media/graph/graph_summary_cf445d72f521970b6d7c.graph.json"}, "epoch": 149, "_timestamp": 1682547296.0257554, "loss": 2.980680437758565e-05, "mae": 0.003610854037106037, "mse": 2.980680437758565e-05, "root_mean_squared_error": 0.005459560547024012, "val_loss": 3.0936109396861866e-05, "val_mae": 0.003671127138659358, "val_mse": 3.0936109396861866e-05, "val_root_mean_squared_error": 0.005562023725360632, "lr": 1.8988484953297302e-05, "_runtime": 3715.056728363037, "_step": 1349, "best_val_loss": 7.268241120073071e-07, "best_epoch": 144, "_wandb": {"runtime": 3713}}