{"graph": {"_type": "graph-file", "sha256": "8486821397936c04f05eb59477a6c4eccde099a35bc192f206aff187f9f96a33", "size": 770, "path": "media/graph/graph_summary_8486821397936c04f05e.graph.json"}, "epoch": 199, "_timestamp": 1682261919.982568, "loss": 0.007567139808088541, "mae": 0.07518517225980759, "mse": 0.007567139808088541, "val_loss": 0.007510020397603512, "val_mae": 0.07456816732883453, "val_mse": 0.007510020397603512, "lr": 9.999999747378752e-06, "_runtime": 845.3658781051636, "_step": 1799, "best_val_loss": 0.007510020397603512, "best_epoch": 0, "_wandb": {"runtime": 844}}