{"graph": {"_type": "graph-file", "sha256": "83adf49373329c083989913f151e3f6263af3a6919b1f6b98d43c7f799ad0fba", "size": 886, "path": "media/graph/graph_summary_83adf49373329c083989.graph.json"}, "epoch": 49, "_timestamp": 1681067431.3938491, "loss": 0.0019144233083352447, "mae": 0.0378720760345459, "mse": 0.0019143932731822133, "val_loss": 0.0019500056514516473, "val_mae": 0.03830092027783394, "val_mse": 0.0019499739864841104, "lr": 9.999999747378752e-06, "_runtime": 141.979070186615, "_step": 49, "best_val_loss": 0.0019500056514516473, "best_epoch": 49, "_wandb": {"runtime": 143}}