{"graph": {"_type": "graph-file", "sha256": "9f8c4aeaf7de0eba2e6209951861f77027f0124c6a492ce15db292fd0759a044", "size": 523, "path": "media/graph/graph_summary_9f8c4aeaf7de0eba2e62.graph.json"}, "epoch": 149, "_timestamp": 1684050140.7466486, "loss": 0.00014695088611915708, "mae": 0.00910615548491478, "mse": 0.00014695088611915708, "root_mean_squared_error": 0.012122330255806446, "val_loss": 0.00014654143888037652, "val_mae": 0.009094593115150928, "val_mse": 0.00014654143888037652, "val_root_mean_squared_error": 0.012105430476367474, "lr": 0.0005387500277720392, "_runtime": 2406.42325758934, "_step": 149, "best_val_loss": 0.00014654143888037652, "best_epoch": 149, "_wandb": {"runtime": 2408}}