{"graph": {"_type": "graph-file", "sha256": "56e217544f21a50892e002ec60cc726378bdbd48128a3adde6caea39662d7103", "size": 1010, "path": "media/graph/graph_summary_56e217544f21a50892e0.graph.json"}, "epoch": 49, "_timestamp": 1680882397.6985161, "loss": 0.06803543865680695, "mae": 0.024392293766140938, "mse": 0.000799839268438518, "val_loss": 0.06752847135066986, "val_mae": 0.025325318798422813, "val_mse": 0.0008451338508166373, "lr": 9.999999747378752e-06, "_runtime": 56.36080622673035, "_step": 49, "best_val_loss": 0.06752847135066986, "best_epoch": 49, "_wandb": {"runtime": 56}}