{"graph": {"_type": "graph-file", "sha256": "0503ee0bf39c37d41789a9ec189b304ec0c0c131a124f15f198c8fb783b607f8", "size": 770, "path": "media/graph/graph_summary_0503ee0bf39c37d41789.graph.json"}, "epoch": 149, "_timestamp": 1682277123.4679134, "loss": 0.007567144930362701, "mae": 0.07518519461154938, "mse": 0.007567144930362701, "val_loss": 0.0075100199319422245, "val_mae": 0.07456815987825394, "val_mse": 0.0075100199319422245, "lr": 0.00012759494711644948, "_runtime": 910.1578323841095, "_step": 1349, "best_val_loss": 0.0075100199319422245, "best_epoch": 0, "_wandb": {"runtime": 909}}