{"graph": {"_type": "graph-file", "sha256": "d181f341bcc73c00b78fd34f8acae616d608ed9aa2ae2e65f6fe62a9f6df8522", "size": 1095, "path": "media/graph/graph_summary_d181f341bcc73c00b78f.graph.json"}, "epoch": 49, "_timestamp": 1682777586.3536947, "loss": 0.0005223440239205956, "mae": 0.01814318262040615, "mse": 0.0005223440239205956, "root_mean_squared_error": 0.022854847833514214, "val_loss": 0.0008627042989246547, "val_mae": 0.02242329716682434, "val_mse": 0.0008627042989246547, "val_root_mean_squared_error": 0.029371825978159904, "lr": 0.03388552367687225, "_runtime": 299.43412375450134, "_step": 449, "best_val_loss": 8.911166514735669e-05, "best_epoch": 49, "_wandb": {"runtime": 298}}