{"graph": {"_type": "graph-file", "sha256": "c32428d287406381d2718861ee671115bb1e128e3ce39d0ddf9f33cb16f978fd", "size": 740, "path": "media/graph/graph_summary_c32428d287406381d271.graph.json"}, "epoch": 49, "_timestamp": 1681054941.8123066, "loss": 0.0026838609483093023, "mae": 0.03789160028100014, "mse": 0.0019165517296642065, "val_loss": 0.0027187035884708166, "val_mae": 0.03829587996006012, "val_mse": 0.001953059807419777, "lr": 9.999999747378752e-06, "_runtime": 82.87406468391418, "_step": 49, "best_val_loss": 0.0027187035884708166, "best_epoch": 49, "_wandb": {"runtime": 83}}