{"graph": {"_type": "graph-file", "sha256": "4c8185c8f5e04e39cd8f5552d04239b6d1cd9a5441834b2fc4ce30fde6208e51", "size": 740, "path": "media/graph/graph_summary_4c8185c8f5e04e39cd8f.graph.json"}, "epoch": 0, "_timestamp": 1681311677.5316718, "loss": 13.716848373413086, "mae": 0.06077985465526581, "mse": 0.012704489752650261, "val_loss": 11.979857444763184, "val_mae": 0.03555086627602577, "val_mse": 0.001703929272480309, "lr": 0.009999999776482582, "_runtime": 3.655979871749878, "_step": 0, "best_val_loss": 11.979857444763184, "best_epoch": 0, "_wandb": {"runtime": 3}}