{"graph": {"_type": "graph-file", "sha256": "36ca2dea27e8637b1bd6d3826e797b6c6eb45a7362df4fca54ab554eae8080f4", "size": 523, "path": "media/graph/graph_summary_36ca2dea27e8637b1bd6.graph.json"}, "epoch": 149, "_timestamp": 1684776334.0191643, "loss": 0.00022223130508791655, "mae": 0.012899811379611492, "mse": 0.00022223130508791655, "val_loss": 0.00023234782565850765, "val_mae": 0.013252302072942257, "val_mse": 0.00023234782565850765, "lr": 0.0001346875069430098, "_runtime": 1613.9512522220612, "_step": 149, "best_val_loss": 0.00023132374917622656, "best_epoch": 115, "_wandb": {"runtime": 1612}}