{"graph": {"_type": "graph-file", "sha256": "98a3159f3f7fb3d0b587cece7a9b73ecc108ab1e9eba033d324f4eaa3fb9ffd3", "size": 593, "path": "media/graph/graph_summary_98a3159f3f7fb3d0b587.graph.json"}, "epoch": 149, "_timestamp": 1682075616.5356724, "loss": 0.2059345841407776, "mae": 0.45252957940101624, "mse": 0.2059345543384552, "val_loss": 0.20654909312725067, "val_mae": 0.45319458842277527, "val_mse": 0.2065490484237671, "lr": 9.999999747378752e-06, "_runtime": 1370.6432223320007, "_step": 1349, "best_val_loss": 0.001646673190407455, "best_epoch": 149, "_wandb": {"runtime": 1369}}