{"graph": {"_type": "graph-file", "sha256": "4b8bebba67c69112d4044524e5dd200f6e7d7f4fbbd92873f26b0b59d3f2afbf", "size": 740, "path": "media/graph/graph_summary_4b8bebba67c69112d404.graph.json"}, "epoch": 99, "_timestamp": 1680788799.5146184, "loss": 3.95040225982666, "mae": 0.021421022713184357, "mse": 0.0006579685723409057, "val_loss": 3.942218065261841, "val_mae": 0.02258378267288208, "val_mse": 0.0007158392108976841, "lr": 9.999999747378752e-06, "_runtime": 167.75391030311584, "_step": 99, "best_val_loss": 3.942218065261841, "best_epoch": 99, "_wandb": {"runtime": 167}}