{"graph": {"_type": "graph-file", "sha256": "a6d62e601cd85b2d51a2155f49151c5a6003448cb8ec15b2a6b3804e06c758b0", "size": 595, "path": "media/graph/graph_summary_a6d62e601cd85b2d51a2.graph.json"}, "epoch": 49, "_timestamp": 1681581900.2142334, "loss": 0.0030421940609812737, "mae": 0.0367802195250988, "mse": 0.0018240597564727068, "val_loss": 0.003076577326282859, "val_mae": 0.037265561521053314, "val_mse": 0.001875561778433621, "lr": 9.999999747378752e-06, "_runtime": 78.51688933372498, "_step": 49, "best_val_loss": 0.003076577326282859, "best_epoch": 49, "_wandb": {"runtime": 78}}