{"graph": {"_type": "graph-file", "sha256": "0aefe818bd72f5996af43d11f603b720f44ba087f2d08bd572ce3fd873a74083", "size": 593, "path": "media/graph/graph_summary_0aefe818bd72f5996af4.graph.json"}, "epoch": 49, "_timestamp": 1681916939.2486854, "loss": 0.0014052999904379249, "mae": 0.029469242319464684, "mse": 0.0012842323631048203, "val_loss": 0.001387509168125689, "val_mae": 0.028768952935934067, "val_mse": 0.0012468459317460656, "lr": 0.033719662576913834, "_runtime": 91.72000336647034, "_step": 449, "best_val_loss": 0.000953682407271117, "best_epoch": 48, "_wandb": {"runtime": 90}}