{"graph": {"_type": "graph-file", "sha256": "b0e991419d33b8f9c145667fc3dc680a07142ed57013a1d3ab881f78806acf0c", "size": 593, "path": "media/graph/graph_summary_b0e991419d33b8f9c145.graph.json"}, "epoch": 49, "_timestamp": 1681577764.9650419, "loss": 0.004001766908913851, "mae": 0.03905496001243591, "mse": 0.0020676907151937485, "val_loss": 0.004048110917210579, "val_mae": 0.0393618568778038, "val_mse": 0.0021126982755959034, "lr": 9.999999747378752e-06, "_runtime": 81.29180097579956, "_step": 49, "best_val_loss": 0.004048110917210579, "best_epoch": 49, "_wandb": {"runtime": 81}}