{"graph": {"_type": "graph-file", "sha256": "7e0107f0bd0a954881ef05c068f46a232cbe97ff3df9ddba1958f9cc4a01f287", "size": 440, "path": "media/graph/graph_summary_7e0107f0bd0a954881ef.graph.json"}, "epoch": 149, "_timestamp": 1683059797.3679504, "loss": 2.3568245524074882e-05, "mae": 0.003745347261428833, "mse": 2.3568245524074882e-05, "root_mean_squared_error": 0.004854713566601276, "val_loss": 2.2804544641985558e-05, "val_mae": 0.003664348041638732, "val_mse": 2.2804544641985558e-05, "val_root_mean_squared_error": 0.004775410518050194, "lr": 0.0002693750138860196, "_runtime": 1813.7110345363617, "_step": 149, "best_val_loss": 2.2645284843747504e-05, "best_epoch": 144, "_wandb": {"runtime": 1812}}