{"graph": {"_type": "graph-file", "sha256": "c9b8455352c6576033a42d0639483f34d79514cf92cfc4ab463692e25de23689", "size": 586, "path": "media/graph/graph_summary_c9b8455352c6576033a4.graph.json"}, "epoch": 699, "_timestamp": 1684447223.256526, "loss": 0.0015454645035788417, "mae": 0.028812656179070473, "mse": 0.0013330263318493962, "root_mean_squared_error": 0.03651063144207001, "val_loss": 0.0014477459480986, "val_mae": 0.027831515297293663, "val_mse": 0.0012353290803730488, "val_root_mean_squared_error": 0.035147249698638916, "lr": 9.999999747378752e-06, "_runtime": 613.5279250144958, "_step": 699, "best_val_loss": 0.0014477084623649716, "best_epoch": 692, "_wandb": {"runtime": 609}}