{"graph": {"_type": "graph-file", "sha256": "8ef149ba4cd6370a43287398edf1cbae732f2b4ac73bae1ce662f883aeddb4c4", "size": 1096, "path": "media/graph/graph_summary_8ef149ba4cd6370a4328.graph.json"}, "epoch": 149, "_timestamp": 1684866960.6322484, "loss": 0.0001993789046537131, "mae": 0.010525020770728588, "mse": 0.0001993789046537131, "root_mean_squared_error": 0.01412015501409769, "val_loss": 0.00020547733583953232, "val_mae": 0.010640081018209457, "val_mse": 0.00020547733583953232, "val_root_mean_squared_error": 0.014334481209516525, "lr": 0.00010451585694681853, "_runtime": 210.79677748680115, "_step": 149, "best_val_loss": 0.00020532269263640046, "best_epoch": 142, "_wandb": {"runtime": 209}}