{"graph": {"_type": "graph-file", "sha256": "0ea4eca75035dc27d171afded516b2c8888ca3817e11a9e68fc818aef785078e", "size": 1095, "path": "media/graph/graph_summary_0ea4eca75035dc27d171.graph.json"}, "epoch": 149, "_timestamp": 1682763981.4890363, "loss": 0.001297465991228819, "mae": 0.029684675857424736, "mse": 0.0012974662240594625, "root_mean_squared_error": 0.03602035343647003, "val_loss": 0.0013170626480132341, "val_mae": 0.030187299475073814, "val_mse": 0.0013170626480132341, "val_root_mean_squared_error": 0.03629135340452194, "lr": 9.999999747378752e-06, "_runtime": 833.7380013465881, "_step": 1349, "best_val_loss": 0.0002931899798568338, "best_epoch": 148, "_wandb": {"runtime": 832}}