{"graph": {"_type": "graph-file", "sha256": "75392d8990f043329e5dc2bf9fcecb097c0f5dd75d79c6dc68580d2e66643c15", "size": 708, "path": "media/graph/graph_summary_75392d8990f043329e5d.graph.json"}, "epoch": 0, "_timestamp": 1681311606.061699, "loss": 13.771320343017578, "mae": 0.03892412409186363, "mse": 0.0021037186961621046, "val_loss": 12.036585807800293, "val_mae": 0.035413552075624466, "val_mse": 0.0016878691967576742, "lr": 0.009999999776482582, "_runtime": 3.547109842300415, "_step": 0, "best_val_loss": 12.036585807800293, "best_epoch": 0, "_wandb": {"runtime": 4}}