{"graph": {"_type": "graph-file", "sha256": "147d32a9bcaf37f93815f217b7232d693b1a69f5c6bbdd36718c12313dfb9e0a", "size": 593, "path": "media/graph/graph_summary_147d32a9bcaf37f93815.graph.json"}, "epoch": 19, "_timestamp": 1682021374.8337612, "loss": 0.0014041850809007883, "mae": 0.02957647107541561, "mse": 0.0012898677960038185, "val_loss": 0.001368523109704256, "val_mae": 0.029906896874308586, "val_mse": 0.001272590714506805, "lr": 0.0018448622431606054, "_runtime": 157.04693031311035, "_step": 179, "best_val_loss": 0.0009935367852449417, "best_epoch": 18, "_wandb": {"runtime": 156}}