{"graph": {"_type": "graph-file", "sha256": "cf03598c376718d9c3448a00538741cc01e8444a1fcaf817e6a36e362df4a1c6", "size": 1097, "path": "media/graph/graph_summary_cf03598c376718d9c344.graph.json"}, "epoch": 49, "_timestamp": 1682747060.3440986, "loss": 0.001914406893774867, "mae": 0.037871673703193665, "mse": 0.001914406893774867, "root_mean_squared_error": 0.04375394806265831, "val_loss": 0.0019500281196087599, "val_mae": 0.03830032795667648, "val_mse": 0.0019500281196087599, "val_root_mean_squared_error": 0.04415912553668022, "lr": 9.999999747378752e-06, "_runtime": 756.6074876785278, "_step": 449, "best_val_loss": 0.0019496085587888956, "best_epoch": 15, "_wandb": {"runtime": 755}}