{"graph": {"_type": "graph-file", "sha256": "4efc66b791d8b4b60cd6bd9190f068ae2e8fbec2b1c2a4f7bf8da92fceb5f8ba", "size": 590, "path": "media/graph/graph_summary_4efc66b791d8b4b60cd6.graph.json"}, "epoch": 49, "_timestamp": 1680961985.9894512, "loss": 0.0007856871234253049, "mae": 0.02412545494735241, "mse": 0.0007856871234253049, "val_loss": 0.0008291448466479778, "val_mae": 0.02504214085638523, "val_mse": 0.0008291448466479778, "lr": 9.999999747378752e-06, "_runtime": 69.59141707420349, "_step": 49, "best_val_loss": 0.0008291448466479778, "best_epoch": 49, "_wandb": {"runtime": 69}}