{"graph": {"_type": "graph-file", "sha256": "c43a6a08b8d95bcf8fd69640763fc6156f983d2fce3ea520ce9c63c2dc6a05bf", "size": 565, "path": "media/graph/graph_summary_c43a6a08b8d95bcf8fd6.graph.json"}, "epoch": 299, "_timestamp": 1684481269.1328595, "loss": 0.00030853241332806647, "mae": 0.012221746146678925, "mse": 0.00020155328093096614, "root_mean_squared_error": 0.014196946285665035, "val_loss": 0.0003213645832147449, "val_mae": 0.012657968327403069, "val_mse": 0.0002143904275726527, "val_root_mean_squared_error": 0.014642076566815376, "lr": 9.999999747378752e-06, "_runtime": 235.83092951774597, "_step": 299, "best_val_loss": 0.0003213645832147449, "best_epoch": 299, "_wandb": {"runtime": 235}}