{"graph": {"_type": "graph-file", "sha256": "ac3ef1a0f7934c979c436dca536101cf6e3e29b2c74f41a6821dcb5ce36c2f31", "size": 1093, "path": "media/graph/graph_summary_ac3ef1a0f7934c979c43.graph.json"}, "epoch": 149, "_timestamp": 1682751265.221372, "loss": 0.0019143805839121342, "mae": 0.0378713421523571, "mse": 0.0019143805839121342, "root_mean_squared_error": 0.04375363141298294, "val_loss": 0.0019499495392665267, "val_mae": 0.03830120712518692, "val_mse": 0.0019499495392665267, "val_root_mean_squared_error": 0.04415823146700859, "lr": 9.999999747378752e-06, "_runtime": 712.1528499126434, "_step": 1349, "best_val_loss": 0.0001017954054987058, "best_epoch": 122, "_wandb": {"runtime": 710}}