{"graph": {"_type": "graph-file", "sha256": "87e2e15b521a6aab09e860cf83cca6be772bfac7596a0c72922036f4a4186a3e", "size": 1098, "path": "media/graph/graph_summary_87e2e15b521a6aab09e8.graph.json"}, "epoch": 149, "_timestamp": 1682744576.078239, "loss": 0.0019146933918818831, "mae": 0.037870682775974274, "mse": 0.0019146933918818831, "root_mean_squared_error": 0.04375721141695976, "val_loss": 0.0019496241584420204, "val_mae": 0.0383075512945652, "val_mse": 0.0019496241584420204, "val_root_mean_squared_error": 0.04415454715490341, "lr": 0.00019498768961057067, "_runtime": 747.7923240661621, "_step": 1349, "best_val_loss": 0.0019496085587888956, "best_epoch": 127, "_wandb": {"runtime": 746}}