{"graph": {"_type": "graph-file", "sha256": "9ddb5ce411971f1d49672a7c8823691761f6e113ffb2ba88f02fb4e834056542", "size": 729, "path": "media/graph/graph_summary_9ddb5ce411971f1d4967.graph.json"}, "epoch": 0, "_timestamp": 1680802232.862669, "loss": 10.218376159667969, "mae": 0.0322239026427269, "mse": 0.00249035214073956, "val_loss": 7.537431240081787, "val_mae": 0.02611832693219185, "val_mse": 0.0009928776416927576, "lr": 0.0010000000474974513, "_runtime": 2.6506450176239014, "_step": 0, "best_val_loss": 7.537431240081787, "best_epoch": 0, "_wandb": {"runtime": 2}}