{"graph": {"_type": "graph-file", "sha256": "75392d8990f043329e5dc2bf9fcecb097c0f5dd75d79c6dc68580d2e66643c15", "size": 708, "path": "media/graph/graph_summary_75392d8990f043329e5d.graph.json"}, "epoch": 9, "_timestamp": 1680785163.1485076, "loss": 0.5872478485107422, "mae": 0.024782855063676834, "mse": 0.0008254196727648377, "val_loss": 0.5310215950012207, "val_mae": 0.025660287588834763, "val_mse": 0.0008655120036564767, "lr": 0.0002500000118743628, "_runtime": 11.4353346824646, "_step": 9, "best_val_loss": 0.5310215950012207, "best_epoch": 9, "_wandb": {"runtime": 11}}