{"graph": {"_type": "graph-file", "sha256": "a087add86b312f72c931294c7356467414b135bb24692633ed22031017b21a0d", "size": 593, "path": "media/graph/graph_summary_a087add86b312f72c931.graph.json"}, "epoch": 699, "_timestamp": 1684448156.9429474, "loss": 0.002259825821965933, "mae": 0.032989975064992905, "mse": 0.0021477481350302696, "root_mean_squared_error": 0.04634380340576172, "val_loss": 0.0023070285096764565, "val_mae": 0.03355872631072998, "val_mse": 0.002194992732256651, "val_root_mean_squared_error": 0.04685075208544731, "lr": 9.999999747378752e-06, "_runtime": 455.84511947631836, "_step": 699, "best_val_loss": 0.0023068413138389587, "best_epoch": 683, "_wandb": {"runtime": 454}}