{"graph": {"_type": "graph-file", "sha256": "5fcd1e487d1764ad15de2fa098e80a5c18120f4192d62db19268193cab9e3e8a", "size": 513, "path": "media/graph/graph_summary_5fcd1e487d1764ad15de.graph.json"}, "epoch": 199, "_timestamp": 1683906503.1676185, "loss": 1.3053094335191417e-05, "mae": 0.0026393833104521036, "mse": 1.3053094335191417e-05, "root_mean_squared_error": 0.0036129066720604897, "val_loss": 1.4192080925568007e-05, "val_mae": 0.0027467028703540564, "val_mse": 1.4192080925568007e-05, "val_root_mean_squared_error": 0.003767237765714526, "lr": 1.6835938367876224e-05, "_runtime": 11373.806646585464, "_step": 199, "best_val_loss": 1.4176335753290914e-05, "best_epoch": 190, "_wandb": {"runtime": 11372}}