{"graph": {"_type": "graph-file", "sha256": "65a644856511e013daeeb8a86882d4dbeba9e535843d05eba135d1a1a55b0643", "size": 882, "path": "media/graph/graph_summary_65a644856511e013daee.graph.json"}, "epoch": 199, "_timestamp": 1681905572.5705566, "loss": 0.001949070836417377, "mae": 0.03794540837407112, "mse": 0.001923022442497313, "val_loss": 0.001988363917917013, "val_mae": 0.03832598775625229, "val_mse": 0.00196231622248888, "lr": 9.999999747378752e-06, "_runtime": 480.7559816837311, "_step": 1799, "best_val_loss": 0.0019498277688398957, "best_epoch": 32, "_wandb": {"runtime": 480}}