{"graph": {"_type": "graph-file", "sha256": "cc061d6ad849c5e8dbb520089f0033e3ebd130ccda875f336096bda1dde37901", "size": 1099, "path": "media/graph/graph_summary_cc061d6ad849c5e8dbb5.graph.json"}, "epoch": 49, "_timestamp": 1683661706.0702045, "loss": 0.003440678818151355, "mae": 0.05080268532037735, "mse": 0.003440678818151355, "root_mean_squared_error": 0.05865729972720146, "val_loss": 0.0034396357368677855, "val_mae": 0.05086451768875122, "val_mse": 0.0034396357368677855, "val_root_mean_squared_error": 0.058648403733968735, "lr": 9.999999747378752e-06, "_runtime": 211.82748746871948, "_step": 499, "best_val_loss": 0.0033977075945585966, "best_epoch": 49, "_wandb": {"runtime": 210}}