{"graph": {"_type": "graph-file", "sha256": "39c128fae6b8daea27f373be9d1c627eee471dbe14be20e79812ffd5a41a2e93", "size": 593, "path": "media/graph/graph_summary_39c128fae6b8daea27f3.graph.json"}, "epoch": 149, "_timestamp": 1682955001.6657827, "loss": 0.0024739543441683054, "mae": 0.03866550326347351, "mse": 0.0022621063981205225, "root_mean_squared_error": 0.04756160452961922, "val_loss": 0.0024965747725218534, "val_mae": 0.038860250264406204, "val_mse": 0.0022848357912153006, "val_root_mean_squared_error": 0.04779995605349541, "lr": 9.999999747378752e-06, "_runtime": 680.718047618866, "_step": 1499, "best_val_loss": 0.0016712520737200975, "best_epoch": 149, "_wandb": {"runtime": 679}}