{"graph": {"_type": "graph-file", "sha256": "cc678f533c18f7d9985daf4d807a31dbfd5028b5a189edba88dc519d6a91627e", "size": 770, "path": "media/graph/graph_summary_cc678f533c18f7d9985d.graph.json"}, "epoch": 29, "_timestamp": 1682258315.3430386, "loss": 0.007567142136394978, "mae": 0.0751851499080658, "mse": 0.007567142136394978, "val_loss": 0.0075100199319422245, "val_mae": 0.07456815987825394, "val_mse": 0.0075100199319422245, "lr": 9.999999747378752e-06, "_runtime": 105.9154064655304, "_step": 269, "best_val_loss": 0.0075100199319422245, "best_epoch": 0, "_wandb": {"runtime": 105}}