{"graph": {"_type": "graph-file", "sha256": "fcde42a52f944750e91f49ae3e8d2c5dc63726b9e10bb734e55fbbadbf58713e", "size": 1028, "path": "media/graph/graph_summary_fcde42a52f944750e91f.graph.json"}, "epoch": 14, "_timestamp": 1680881316.39464, "loss": 0.3889910876750946, "mae": 0.02255222760140896, "mse": 0.0006994701107032597, "val_loss": 0.37802016735076904, "val_mae": 0.023609446361660957, "val_mse": 0.0007517692865803838, "lr": 6.25000029685907e-05, "_runtime": 31.982985973358154, "_step": 14, "best_val_loss": 0.37802016735076904, "best_epoch": 14, "_wandb": {"runtime": 32}}