{"graph": {"_type": "graph-file", "sha256": "7c59c8084c3f0f7d5203cfadc5d95e6ad51b834cfaf55d4e091460635fcabb7e", "size": 487, "path": "media/graph/graph_summary_7c59c8084c3f0f7d5203.graph.json"}, "epoch": 19, "_timestamp": 1682440202.607147, "loss": 0.0003963363415095955, "mae": 0.014689894393086433, "mse": 0.0003963363415095955, "root_mean_squared_error": 0.019908197224140167, "val_loss": 0.00045160259469412267, "val_mae": 0.013552714139223099, "val_mse": 0.00045160259469412267, "val_root_mean_squared_error": 0.02125094272196293, "lr": 0.06896000355482101, "_runtime": 36.88289403915405, "_step": 19, "best_val_loss": 0.00026303555932827294, "best_epoch": 18, "_wandb": {"runtime": 35}}