{"graph": {"_type": "graph-file", "sha256": "4c8185c8f5e04e39cd8f5552d04239b6d1cd9a5441834b2fc4ce30fde6208e51", "size": 740, "path": "media/graph/graph_summary_4c8185c8f5e04e39cd8f.graph.json"}, "epoch": 49, "_timestamp": 1681310714.388072, "loss": 2.3028852939605713, "mae": 0.03747010976076126, "mse": 0.00186737475451082, "val_loss": 2.3026156425476074, "val_mae": 0.03782310709357262, "val_mse": 0.0019012809498235583, "lr": 9.999999747378752e-06, "_runtime": 159.4946150779724, "_step": 49, "best_val_loss": 2.3026156425476074, "best_epoch": 49, "_wandb": {"runtime": 161}}