{"graph": {"_type": "graph-file", "sha256": "e61e9e0fe6082f59c724040cb55b7790425c52f7796885a7bbb4f86129308f32", "size": 1185, "path": "media/graph/graph_summary_e61e9e0fe6082f59c724.graph.json"}, "epoch": 49, "_timestamp": 1681307185.3925364, "loss": 0.0019143475219607353, "mae": 0.037871383130550385, "mse": 0.0019143475219607353, "val_loss": 0.0019500321941450238, "val_mae": 0.0383002832531929, "val_mse": 0.0019500321941450238, "lr": 9.999999747378752e-06, "_runtime": 25.48520040512085, "_step": 49, "best_val_loss": 0.001949608908034861, "best_epoch": 19, "_wandb": {"runtime": 24}}