{"graph": {"_type": "graph-file", "sha256": "172a60ae5174bdf1083edeb6d6d427bcce75c2ae00912cd0c6b2dbb29445d640", "size": 1100, "path": "media/graph/graph_summary_172a60ae5174bdf1083e.graph.json"}, "epoch": 49, "_timestamp": 1682779675.2950826, "loss": 8.719178731553257e-05, "mae": 0.007334666792303324, "mse": 8.719178731553257e-05, "root_mean_squared_error": 0.009337655268609524, "val_loss": 8.344888919964433e-05, "val_mae": 0.007079189643263817, "val_mse": 8.344888919964433e-05, "val_root_mean_squared_error": 0.00913503672927618, "lr": 0.003462568623945117, "_runtime": 891.477986574173, "_step": 449, "best_val_loss": 1.9056267774431035e-05, "best_epoch": 48, "_wandb": {"runtime": 890}}