{"graph": {"_type": "graph-file", "sha256": "4b8bebba67c69112d4044524e5dd200f6e7d7f4fbbd92873f26b0b59d3f2afbf", "size": 740, "path": "media/graph/graph_summary_4b8bebba67c69112d404.graph.json"}, "epoch": 9, "_timestamp": 1680777630.052695, "loss": 7.7095112800598145, "mae": 0.029886124655604362, "mse": 0.0012286894489079714, "val_loss": 7.548696994781494, "val_mae": 0.031137416139245033, "val_mse": 0.0013331040972843766, "lr": 9.999999747378752e-05, "_runtime": 70.49890112876892, "_step": 99, "best_val_loss": 7.548696994781494, "best_epoch": 9, "_wandb": {"runtime": 70}}