{"graph": {"_type": "graph-file", "sha256": "14f0bff8e44f7b969d7186b865d1491d941170d208f00d85eb64ef99b8c975cd", "size": 1185, "path": "media/graph/graph_summary_14f0bff8e44f7b969d71.graph.json"}, "epoch": 49, "_timestamp": 1680969108.859215, "loss": 0.0008481650147587061, "mae": 0.025154002010822296, "mse": 0.0008481339318677783, "val_loss": 0.0009100405150093138, "val_mae": 0.02627985179424286, "val_mse": 0.0009100086172111332, "lr": 9.999999747378752e-06, "_runtime": 189.20388793945312, "_step": 49, "best_val_loss": 0.000910016824491322, "best_epoch": 47, "_wandb": {"runtime": 188}}