{"graph": {"_type": "graph-file", "sha256": "0372f27b20ad38fc295737c5e0e652c0bdbc9058c8d33903edca1755ab6b96a5", "size": 1095, "path": "media/graph/graph_summary_0372f27b20ad38fc2957.graph.json"}, "epoch": 49, "_timestamp": 1682774330.3418028, "loss": 0.0002774577878881246, "mae": 0.012622585520148277, "mse": 0.0002774577878881246, "root_mean_squared_error": 0.016657063737511635, "val_loss": 0.00022779146092943847, "val_mae": 0.011220754124224186, "val_mse": 0.00022779146092943847, "val_root_mean_squared_error": 0.01509276032447815, "lr": 0.0045061963610351086, "_runtime": 303.7599458694458, "_step": 449, "best_val_loss": 4.309471478336491e-05, "best_epoch": 48, "_wandb": {"runtime": 302}}