{"graph": {"_type": "graph-file", "sha256": "4b8bebba67c69112d4044524e5dd200f6e7d7f4fbbd92873f26b0b59d3f2afbf", "size": 740, "path": "media/graph/graph_summary_4b8bebba67c69112d404.graph.json"}, "epoch": 49, "_timestamp": 1681051512.1395094, "loss": 0.0018835989758372307, "mae": 0.02517208643257618, "mse": 0.0008504588040523231, "val_loss": 0.0019452975830063224, "val_mae": 0.02627779357135296, "val_mse": 0.000909967755433172, "lr": 9.999999747378752e-06, "_runtime": 94.67579746246338, "_step": 49, "best_val_loss": 0.0019452975830063224, "best_epoch": 49, "_wandb": {"runtime": 94}}