{"graph": {"_type": "graph-file", "sha256": "9eb265a373347b90d3a078cbf2eba6f3621443bec68c0a4c0b554fa5c3bf99fa", "size": 740, "path": "media/graph/graph_summary_9eb265a373347b90d3a0.graph.json"}, "epoch": 99, "_timestamp": 1680789351.333302, "loss": 0.0008192789391614497, "mae": 0.024715572595596313, "mse": 0.0008192490786314011, "val_loss": 0.0008653082768432796, "val_mae": 0.02566622570157051, "val_mse": 0.000865279114805162, "lr": 9.999999747378752e-06, "_runtime": 62.18073606491089, "_step": 99, "best_val_loss": 0.0008652661344967782, "best_epoch": 47, "_wandb": {"runtime": 61}}