{"graph": {"_type": "graph-file", "sha256": "d286505d8d533a00c71363eed3b7869181d7d5ecd668f7dff0f4fa34e63fbd50", "size": 576, "path": "media/graph/graph_summary_d286505d8d533a00c713.graph.json"}, "epoch": 49, "_timestamp": 1680962934.7829006, "loss": 0.0007105109980329871, "mae": 0.022694554179906845, "mse": 0.0007105109980329871, "val_loss": 0.0007672931533306837, "val_mae": 0.023820603266358376, "val_mse": 0.0007672931533306837, "lr": 9.999999747378752e-06, "_runtime": 61.607518672943115, "_step": 49, "best_val_loss": 0.0007672931533306837, "best_epoch": 49, "_wandb": {"runtime": 61}}