{"graph": {"_type": "graph-file", "sha256": "27c5d7819ce561a5403e4afeba735456b1eb39e6f92976330971467468a118db", "size": 740, "path": "media/graph/graph_summary_27c5d7819ce561a5403e.graph.json"}, "epoch": 49, "_timestamp": 1681055041.8417845, "loss": 0.0029481914825737476, "mae": 0.037910107523202896, "mse": 0.001917763496749103, "val_loss": 0.002983660204336047, "val_mae": 0.03830832615494728, "val_mse": 0.0019496134482324123, "lr": 9.999999747378752e-06, "_runtime": 67.12503552436829, "_step": 49, "best_val_loss": 0.002983660204336047, "best_epoch": 49, "_wandb": {"runtime": 66}}