{"graph": {"_type": "graph-file", "sha256": "c3c91b589010bb3daa5be1d4557561e0340272bd557a880714b84340140fa2d7", "size": 593, "path": "media/graph/graph_summary_c3c91b589010bb3daa5b.graph.json"}, "epoch": 149, "_timestamp": 1682029135.3168333, "loss": 0.0007833070703782141, "mae": 0.021485254168510437, "mse": 0.0007026451057754457, "val_loss": 0.000786229211371392, "val_mae": 0.021781381219625473, "val_mse": 0.0007060013595037162, "lr": 4.768003418575972e-05, "_runtime": 367.2491133213043, "_step": 1349, "best_val_loss": 0.0005052292835898697, "best_epoch": 132, "_wandb": {"runtime": 366}}