{"graph": {"_type": "graph-file", "sha256": "b1c44a2f224ae6a3e672f57e848797d83812c47fda15082404ffeb5fc608bb99", "size": 568, "path": "media/graph/graph_summary_b1c44a2f224ae6a3e672.graph.json"}, "epoch": 49, "_timestamp": 1681572184.7048821, "loss": 0.002875247970223427, "mae": 0.03649226576089859, "mse": 0.0017898259684443474, "val_loss": 0.002881586318835616, "val_mae": 0.03672773391008377, "val_mse": 0.0018003146396949887, "lr": 9.999999747378752e-06, "_runtime": 61.67687511444092, "_step": 49, "best_val_loss": 0.002881586318835616, "best_epoch": 49, "_wandb": {"runtime": 61}}