{"graph": {"_type": "graph-file", "sha256": "147d32a9bcaf37f93815f217b7232d693b1a69f5c6bbdd36718c12313dfb9e0a", "size": 593, "path": "media/graph/graph_summary_147d32a9bcaf37f93815.graph.json"}, "epoch": 149, "_timestamp": 1682077054.6028068, "loss": 0.20593468844890594, "mae": 0.45252957940101624, "mse": 0.20593468844890594, "val_loss": 0.20654912292957306, "val_mae": 0.45319461822509766, "val_mse": 0.20654912292957306, "lr": 9.999999747378752e-06, "_runtime": 280.8602237701416, "_step": 1349, "best_val_loss": 0.002036416670307517, "best_epoch": 149, "_wandb": {"runtime": 280}}