{"graph": {"_type": "graph-file", "sha256": "62adf72a846d167414421c26f61a059263e9d3957c36b4e12fb587a4b3a0b101", "size": 593, "path": "media/graph/graph_summary_62adf72a846d16741442.graph.json"}, "epoch": 199, "_timestamp": 1684398563.363641, "loss": 0.013864041306078434, "mae": 0.07829497009515762, "mse": 0.01274052169173956, "root_mean_squared_error": 0.11287391930818558, "val_loss": 0.013603855855762959, "val_mae": 0.07828633487224579, "val_mse": 0.01248042844235897, "val_root_mean_squared_error": 0.11171583831310272, "lr": 1.0424804713693447e-05, "_runtime": 775.3233940601349, "_step": 199, "best_val_loss": 0.013603855855762959, "best_epoch": 199, "_wandb": {"runtime": 775}}