{"graph": {"_type": "graph-file", "sha256": "a7e0e028c14099ed2c83dd72f79281ba20518e53a0cd4d0bc656654b79175502", "size": 1098, "path": "media/graph/graph_summary_a7e0e028c14099ed2c83.graph.json"}, "epoch": 29, "_timestamp": 1683679529.656129, "loss": 0.00021723582176491618, "mae": 0.01147104799747467, "mse": 0.00021723582176491618, "root_mean_squared_error": 0.014738922007381916, "val_loss": 0.00024060398573055863, "val_mae": 0.012096003629267216, "val_mse": 0.00024060398573055863, "val_root_mean_squared_error": 0.015511412173509598, "lr": 0.023148972541093826, "_runtime": 572.8176548480988, "_step": 299, "best_val_loss": 9.56205403781496e-05, "best_epoch": 29, "_wandb": {"runtime": 571}}