{"graph": {"_type": "graph-file", "sha256": "16ecfa3cac81f1273782278afab584fa57113f3a87a4b763ee360bb000c41a74", "size": 740, "path": "media/graph/graph_summary_16ecfa3cac81f1273782.graph.json"}, "epoch": 0, "_timestamp": 1681055224.9840407, "loss": 9.01858139038086, "mae": 0.06455729156732559, "mse": 0.009993274696171284, "val_loss": 6.228916645050049, "val_mae": 0.058168113231658936, "val_mse": 0.004860069137066603, "lr": 0.0010000000474974513, "_runtime": 3.457667827606201, "_step": 0, "best_val_loss": 6.228916645050049, "best_epoch": 0, "_wandb": {"runtime": 3}}