{"graph": {"_type": "graph-file", "sha256": "2910eba9003358c5f98da7e9c12e27bbd61ff5182315926c931febaf8b665ab2", "size": 722, "path": "media/graph/graph_summary_2910eba9003358c5f98d.graph.json"}, "epoch": 99, "_timestamp": 1680786626.4980597, "loss": 6.069326877593994, "mae": 0.01756107434630394, "mse": 0.00048640146269463, "val_loss": 6.058379173278809, "val_mae": 0.018814362585544586, "val_mse": 0.0005431252648122609, "lr": 9.999999747378752e-06, "_runtime": 114.65403366088867, "_step": 99, "best_val_loss": 6.058379173278809, "best_epoch": 99, "_wandb": {"runtime": 114}}