{"graph": {"_type": "graph-file", "sha256": "a40bf222fadcbb0ec7624a1e36ea10e62067b2acaab90b61b17dda941b5dbee2", "size": 771, "path": "media/graph/graph_summary_a40bf222fadcbb0ec762.graph.json"}, "epoch": 149, "_timestamp": 1682797673.5155492, "loss": 0.007567143999040127, "mae": 0.07518515735864639, "mse": 0.007567143999040127, "root_mean_squared_error": 0.08698933571577072, "val_loss": 0.0075100199319422245, "val_mae": 0.07456816732883453, "val_mse": 0.0075100199319422245, "val_root_mean_squared_error": 0.08666037023067474, "lr": 9.999999747378752e-06, "_runtime": 734.2324621677399, "_step": 1349, "best_val_loss": 0.0075100199319422245, "best_epoch": 0, "_wandb": {"runtime": 733}}