{"graph": {"_type": "graph-file", "sha256": "aa6b37f1a81d9d733d7c7aa1b6a1c366144faa804bfaaded310267b734d6ef7f", "size": 513, "path": "media/graph/graph_summary_aa6b37f1a81d9d733d7c.graph.json"}, "epoch": 149, "_timestamp": 1683115422.302745, "loss": 4.97632754559163e-05, "mae": 0.004632560536265373, "mse": 4.97632754559163e-05, "root_mean_squared_error": 0.007054308895021677, "val_loss": 4.760682350024581e-05, "val_mae": 0.0045656426809728146, "val_mse": 4.760682350024581e-05, "val_root_mean_squared_error": 0.006899769883602858, "lr": 0.0002693750138860196, "_runtime": 3405.4123780727386, "_step": 149, "best_val_loss": 4.76065615657717e-05, "best_epoch": 148, "_wandb": {"runtime": 3403}}