{"graph": {"_type": "graph-file", "sha256": "61d3a1ce8224a4f98d8517e8ef878f065543a9217f50f86ac12183dba5ca6b5d", "size": 772, "path": "media/graph/graph_summary_61d3a1ce8224a4f98d85.graph.json"}, "epoch": 149, "_timestamp": 1682793166.4968054, "loss": 0.007567143999040127, "mae": 0.07518515735864639, "mse": 0.007567143999040127, "root_mean_squared_error": 0.08698933571577072, "val_loss": 0.007510020397603512, "val_mae": 0.07456815987825394, "val_mse": 0.007510020397603512, "val_root_mean_squared_error": 0.08666037023067474, "lr": 1.4013205145602114e-05, "_runtime": 785.0517213344574, "_step": 1349, "best_val_loss": 0.007510020397603512, "best_epoch": 0, "_wandb": {"runtime": 783}}