{"graph": {"_type": "graph-file", "sha256": "a785485a1cfd52e9450578440a17fe5f5b0cdf36362940a9a33f6e37a26ff46d", "size": 886, "path": "media/graph/graph_summary_a785485a1cfd52e94505.graph.json"}, "epoch": 49, "_timestamp": 1681067842.8799253, "loss": 0.0019453588174656034, "mae": 0.03787552937865257, "mse": 0.0019148244755342603, "val_loss": 0.001980874687433243, "val_mae": 0.0383000485599041, "val_mse": 0.00195005489513278, "lr": 9.999999747378752e-06, "_runtime": 130.6735062599182, "_step": 49, "best_val_loss": 0.001980874687433243, "best_epoch": 49, "_wandb": {"runtime": 131}}