{"graph": {"_type": "graph-file", "sha256": "de4822aa8e215a7611031c5c61b219c0e6efb0a0847c7c452525a3f7be4015c1", "size": 597, "path": "media/graph/graph_summary_de4822aa8e215a761103.graph.json"}, "epoch": 199, "_timestamp": 1684191627.4138973, "loss": 0.10302123427391052, "mae": 0.31467482447624207, "mse": 0.10302120447158813, "val_loss": 0.10415896773338318, "val_mae": 0.31652241945266724, "val_mse": 0.10415896773338318, "lr": 9.999999747378752e-06, "_runtime": 739.8654782772064, "_step": 199, "best_val_loss": 0.10415797680616379, "best_epoch": 41, "_wandb": {"runtime": 738}}