{"graph": {"_type": "graph-file", "sha256": "f316967f08bf406ac2bd137662380e8ede9bfcc2f1163fbbefde43b51b929802", "size": 567, "path": "media/graph/graph_summary_f316967f08bf406ac2bd.graph.json"}, "epoch": 49, "_timestamp": 1681580847.480168, "loss": 0.0032200380228459835, "mae": 0.03708565607666969, "mse": 0.0018437975086271763, "val_loss": 0.0032280420418828726, "val_mae": 0.03743378445506096, "val_mse": 0.0018607013626024127, "lr": 9.999999747378752e-06, "_runtime": 75.57381319999695, "_step": 49, "best_val_loss": 0.0032280420418828726, "best_epoch": 49, "_wandb": {"runtime": 75}}