{"graph": {"_type": "graph-file", "sha256": "0aefe818bd72f5996af43d11f603b720f44ba087f2d08bd572ce3fd873a74083", "size": 593, "path": "media/graph/graph_summary_0aefe818bd72f5996af4.graph.json"}, "epoch": 199, "_timestamp": 1682026408.958171, "loss": 0.0019143333192914724, "mae": 0.03787106275558472, "mse": 0.0019143333192914724, "val_loss": 0.0019499921472743154, "val_mae": 0.038300707936286926, "val_mse": 0.0019499921472743154, "lr": 9.999999747378752e-06, "_runtime": 1661.2266669273376, "_step": 1799, "best_val_loss": 0.0019496084423735738, "best_epoch": 21, "_wandb": {"runtime": 1660}}