{"graph": {"_type": "graph-file", "sha256": "de22b56f358365512a341e4573d5b6b8a0a54f9e900aecce5d1a9142f2e1136f", "size": 493, "path": "media/graph/graph_summary_de22b56f358365512a34.graph.json"}, "epoch": 199, "_timestamp": 1683842065.0062454, "loss": 4.2757837945828214e-05, "mae": 0.0042254868894815445, "mse": 4.2757837945828214e-05, "root_mean_squared_error": 0.006538947578519583, "val_loss": 5.96898898947984e-05, "val_mae": 0.004579758737236261, "val_mse": 5.96898898947984e-05, "val_root_mean_squared_error": 0.0077259233221411705, "lr": 0.0001346875069430098, "_runtime": 7507.7566204071045, "_step": 199, "best_val_loss": 5.85900925216265e-05, "best_epoch": 155, "_wandb": {"runtime": 7506}}