{"graph": {"_type": "graph-file", "sha256": "b355f792e7c11b43ece1359a8046b24730837eb1d31f45f522e23d688fa07d6e", "size": 487, "path": "media/graph/graph_summary_b355f792e7c11b43ece1.graph.json"}, "epoch": 199, "_timestamp": 1683007167.4693265, "loss": 0.0006696170312352479, "mae": 0.020549079403281212, "mse": 0.0006696170312352479, "root_mean_squared_error": 0.025876959785819054, "val_loss": 0.0006829570629633963, "val_mae": 0.020562032237648964, "val_mse": 0.0006829570629633963, "val_root_mean_squared_error": 0.026133447885513306, "lr": 3.367187673575245e-05, "_runtime": 1251.9609804153442, "_step": 199, "best_val_loss": 0.0006828184705227613, "best_epoch": 174, "_wandb": {"runtime": 1250}}