{"graph": {"_type": "graph-file", "sha256": "50c15869cda21c1babb933b81855e68ccc9ce5bf32efe7cfd54f9191e8c6891c", "size": 514, "path": "media/graph/graph_summary_50c15869cda21c1babb9.graph.json"}, "epoch": 149, "_timestamp": 1684772703.7070103, "loss": 0.01340735424309969, "mae": 0.09996385127305984, "mse": 0.01340735424309969, "val_loss": 0.013308738358318806, "val_mae": 0.09976011514663696, "val_mse": 0.013308738358318806, "lr": 0.0005387500277720392, "_runtime": 3513.655980348587, "_step": 149, "best_val_loss": 0.0001467507245251909, "best_epoch": 36, "_wandb": {"runtime": 3507}}