{"graph": {"_type": "graph-file", "sha256": "e526717088f9ef673d92fb0980f55f48d8a5ef923af002918e8a384921d402b6", "size": 439, "path": "media/graph/graph_summary_e526717088f9ef673d92.graph.json"}, "epoch": 29, "_timestamp": 1682533159.742545, "loss": 0.00013887180830352008, "mae": 0.0076334550976753235, "mse": 0.00013887180830352008, "root_mean_squared_error": 0.011784384958446026, "val_loss": 0.00012316482025198638, "val_mae": 0.007036617025732994, "val_mse": 0.00012316482025198638, "val_root_mean_squared_error": 0.011097964830696583, "lr": 0.011964146047830582, "_runtime": 1356.653708934784, "_step": 269, "best_val_loss": 1.00868737717974e-06, "best_epoch": 27, "_wandb": {"runtime": 1355}}