{"graph": {"_type": "graph-file", "sha256": "75392d8990f043329e5dc2bf9fcecb097c0f5dd75d79c6dc68580d2e66643c15", "size": 708, "path": "media/graph/graph_summary_75392d8990f043329e5d.graph.json"}, "epoch": 0, "_timestamp": 1680802207.2305636, "loss": 9.842251777648926, "mae": 0.025362929329276085, "mse": 0.0008867849828675389, "val_loss": 7.203606605529785, "val_mae": 0.027599181979894638, "val_mse": 0.001097961561754346, "lr": 0.0010000000474974513, "_runtime": 3.4144866466522217, "_step": 0, "best_val_loss": 7.203606605529785, "best_epoch": 0, "_wandb": {"runtime": 4}}