{"graph": {"_type": "graph-file", "sha256": "6a1b6f1b176e0305156eb8799605f845f1ae428f68a3478c09477ebd5a4fb441", "size": 593, "path": "media/graph/graph_summary_6a1b6f1b176e0305156e.graph.json"}, "epoch": 9, "_timestamp": 1682437361.5295877, "loss": 0.002428401028737426, "mae": 0.03889422491192818, "mse": 0.002039481420069933, "root_mean_squared_error": 0.04516061767935753, "val_loss": 0.0020368483383208513, "val_mae": 0.03848270699381828, "val_mse": 0.0019700180273503065, "val_root_mean_squared_error": 0.04438488557934761, "lr": 0.09925000369548798, "_runtime": 12.486725807189941, "_step": 9, "best_val_loss": 0.0019946331158280373, "best_epoch": 6, "_wandb": {"runtime": 11}}