{"graph": {"_type": "graph-file", "sha256": "6ff41643cac7e56ed9b4ee7655dda5b5799b7b8df67bc11e4a9b2486f4e6781d", "size": 770, "path": "media/graph/graph_summary_6ff41643cac7e56ed9b4.graph.json"}, "epoch": 19, "_timestamp": 1682281332.5157502, "loss": 0.007567143067717552, "mae": 0.0751851499080658, "mse": 0.007567143067717552, "val_loss": 0.0075100199319422245, "val_mae": 0.07456815987825394, "val_mse": 0.0075100199319422245, "lr": 0.04782966524362564, "_runtime": 125.19216918945312, "_step": 179, "best_val_loss": 0.0075100199319422245, "best_epoch": 0, "_wandb": {"runtime": 124}}