{"graph": {"_type": "graph-file", "sha256": "b0e991419d33b8f9c145667fc3dc680a07142ed57013a1d3ab881f78806acf0c", "size": 593, "path": "media/graph/graph_summary_b0e991419d33b8f9c145.graph.json"}, "epoch": 49, "_timestamp": 1681746017.95871, "loss": 0.001621194533072412, "mae": 0.032758258283138275, "mse": 0.0015091480454429984, "val_loss": 0.001647064695134759, "val_mae": 0.033082496374845505, "val_mse": 0.0015351335750892758, "lr": 9.999999747378752e-06, "_runtime": 56.73898005485535, "_step": 449, "best_val_loss": 0.0014324600342661142, "best_epoch": 49, "_wandb": {"runtime": 56}}