{"graph": {"_type": "graph-file", "sha256": "b493978e282bf903f522eb15969b49623e73b3aa7d5549559c605619e56c974c", "size": 593, "path": "media/graph/graph_summary_b493978e282bf903f522.graph.json"}, "epoch": 199, "_timestamp": 1682076530.9155807, "loss": 0.20593470335006714, "mae": 0.4525294899940491, "mse": 0.20593467354774475, "val_loss": 0.20654910802841187, "val_mae": 0.45319461822509766, "val_mse": 0.20654909312725067, "lr": 9.999999747378752e-06, "_runtime": 178.49623465538025, "_step": 1799, "best_val_loss": 0.0018650027923285961, "best_epoch": 199, "_wandb": {"runtime": 177}}