{"graph": {"_type": "graph-file", "sha256": "0eec391b10a6c5974886fe82c76ef378d892270e7fa5c35c5d67b7b975b03cc3", "size": 576, "path": "media/graph/graph_summary_0eec391b10a6c5974886.graph.json"}, "epoch": 49, "_timestamp": 1681055714.4191322, "loss": 0.0018293429166078568, "mae": 0.03682824596762657, "mse": 0.0018293429166078568, "val_loss": 0.0018598624737933278, "val_mae": 0.037196896970272064, "val_mse": 0.0018598624737933278, "lr": 9.999999747378752e-06, "_runtime": 72.1248562335968, "_step": 49, "best_val_loss": 0.0018598624737933278, "best_epoch": 49, "_wandb": {"runtime": 71}}