{"graph": {"_type": "graph-file", "sha256": "6b92d74327e296dccb9cfbfc2276e857c6fe2ebbe05a75b7f902382d60f76af3", "size": 468, "path": "media/graph/graph_summary_6b92d74327e296dccb9c.graph.json"}, "epoch": 19, "_timestamp": 1682427020.6416242, "loss": 0.0023588223848491907, "mae": 0.04107002913951874, "mse": 0.0023588223848491907, "root_mean_squared_error": 0.04856771230697632, "R2": -11.02624797821045, "val_loss": 0.001962139969691634, "val_mae": 0.038432780653238297, "val_mse": 0.001962139969691634, "val_root_mean_squared_error": 0.04429604858160019, "val_R2": -1627.725830078125, "lr": 0.022668419405817986, "_runtime": 23.862669229507446, "_step": 19, "best_val_loss": 0.00195856555365026, "best_epoch": 6, "_wandb": {"runtime": 23}}