{"graph": {"_type": "graph-file", "sha256": "de22b56f358365512a341e4573d5b6b8a0a54f9e900aecce5d1a9142f2e1136f", "size": 493, "path": "media/graph/graph_summary_de22b56f358365512a34.graph.json"}, "epoch": 149, "_timestamp": 1684661384.494015, "loss": 0.007616807706654072, "mae": 0.07556214183568954, "mse": 0.007616807706654072, "val_loss": 0.007541690953075886, "val_mae": 0.0752793401479721, "val_mse": 0.007541690953075886, "lr": 0.0001346875069430098, "_runtime": 7885.834110021591, "_step": 149, "best_val_loss": 0.00753827067092061, "best_epoch": 112, "_wandb": {"runtime": 7884}}