{"graph": {"_type": "graph-file", "sha256": "e569811c6a10289efdd676d74196b7d53d8b2213c9a107c4beccbc5f0ad4c6f4", "size": 1097, "path": "media/graph/graph_summary_e569811c6a10289efdd6.graph.json"}, "epoch": 49, "_timestamp": 1683685227.250962, "loss": 8.123015140881762e-05, "mae": 0.006819585338234901, "mse": 8.123015140881762e-05, "root_mean_squared_error": 0.009012776426970959, "val_loss": 0.0001185552537208423, "val_mae": 0.0077370754443109035, "val_mse": 0.0001185552537208423, "val_root_mean_squared_error": 0.010888309217989445, "lr": 0.0075074746273458, "_runtime": 1319.7474520206451, "_step": 499, "best_val_loss": 6.973063864279538e-05, "best_epoch": 47, "_wandb": {"runtime": 1318}}