{"graph": {"_type": "graph-file", "sha256": "5fcd1e487d1764ad15de2fa098e80a5c18120f4192d62db19268193cab9e3e8a", "size": 513, "path": "media/graph/graph_summary_5fcd1e487d1764ad15de.graph.json"}, "epoch": 149, "_timestamp": 1683580913.6719224, "loss": 1.8535787603468634e-05, "mae": 0.003091835882514715, "mse": 1.8535787603468634e-05, "root_mean_squared_error": 0.004305320791900158, "val_loss": 1.894577144412324e-05, "val_mae": 0.0031326301395893097, "val_mse": 1.894577144412324e-05, "val_root_mean_squared_error": 0.004352673888206482, "lr": 0.0002693750138860196, "_runtime": 7013.49142241478, "_step": 149, "best_val_loss": 1.894577144412324e-05, "best_epoch": 149, "_wandb": {"runtime": 7015}}