{"graph": {"_type": "graph-file", "sha256": "4b8bebba67c69112d4044524e5dd200f6e7d7f4fbbd92873f26b0b59d3f2afbf", "size": 740, "path": "media/graph/graph_summary_4b8bebba67c69112d404.graph.json"}, "epoch": 0, "_timestamp": 1680802396.9664447, "loss": 10.160455703735352, "mae": 0.11675228923559189, "mse": 0.04342195764183998, "val_loss": 7.451898574829102, "val_mae": 0.040488727390766144, "val_mse": 0.0029095185454934835, "lr": 0.0010000000474974513, "_runtime": 2.1526756286621094, "_step": 0, "best_val_loss": 7.451898574829102, "best_epoch": 0, "_wandb": {"runtime": 1}}