{"graph": {"_type": "graph-file", "sha256": "7271859cc8d9167e49e29ae6a161f6d08955c8a4991b514c2427853c810a526c", "size": 1091, "path": "media/graph/graph_summary_7271859cc8d9167e49e2.graph.json"}, "epoch": 29, "_timestamp": 1682745734.7024412, "loss": 0.001982994144782424, "mae": 0.03857487812638283, "mse": 0.001982994144782424, "root_mean_squared_error": 0.044530823826789856, "val_loss": 0.002019534818828106, "val_mae": 0.03901707008481026, "val_mse": 0.002019534818828106, "val_root_mean_squared_error": 0.044939231127500534, "lr": 0.0010367237264290452, "_runtime": 227.68539214134216, "_step": 269, "best_val_loss": 0.0019081798382103443, "best_epoch": 26, "_wandb": {"runtime": 226}}