{"graph": {"_type": "graph-file", "sha256": "4efc66b791d8b4b60cd6bd9190f068ae2e8fbec2b1c2a4f7bf8da92fceb5f8ba", "size": 590, "path": "media/graph/graph_summary_4efc66b791d8b4b60cd6.graph.json"}, "epoch": 49, "_timestamp": 1681055958.584377, "loss": 0.0009680711082182825, "mae": 0.02560996264219284, "mse": 0.0009680711082182825, "val_loss": 0.0009837634861469269, "val_mae": 0.025874925777316093, "val_mse": 0.0009837634861469269, "lr": 9.999999747378752e-06, "_runtime": 58.105836153030396, "_step": 49, "best_val_loss": 0.0009837634861469269, "best_epoch": 49, "_wandb": {"runtime": 58}}