{"graph": {"_type": "graph-file", "sha256": "8e18fd04a220e4d3d34782b87960db70a0a893e71852a84800e5c44201f8b8fd", "size": 593, "path": "media/graph/graph_summary_8e18fd04a220e4d3d347.graph.json"}, "epoch": 9, "_timestamp": 1682359181.721062, "loss": 0.002309753792360425, "mae": 0.03769233822822571, "mse": 0.0019511126447468996, "root_mean_squared_error": 0.044171400368213654, "coeff_determination": -0.05842285603284836, "val_loss": 0.002612664131447673, "val_mae": 0.04115281254053116, "val_mse": 0.0023831401485949755, "val_root_mean_squared_error": 0.04881741479039192, "val_coeff_determination": -417.78643798828125, "lr": 0.09925000369548798, "_runtime": 6.510473012924194, "_step": 9, "best_val_loss": 0.001963190035894513, "best_epoch": 2, "_wandb": {"runtime": 5}}