{"graph": {"_type": "graph-file", "sha256": "c32428d287406381d2718861ee671115bb1e128e3ce39d0ddf9f33cb16f978fd", "size": 740, "path": "media/graph/graph_summary_c32428d287406381d271.graph.json"}, "epoch": 9, "_timestamp": 1680785420.9213033, "loss": 0.03140867128968239, "mae": 0.025290582329034805, "mse": 0.0008700619218870997, "val_loss": 0.01842447556555271, "val_mae": 0.029646214097738266, "val_mse": 0.001309552462771535, "lr": 0.0005000000237487257, "_runtime": 17.088801383972168, "_step": 9, "best_val_loss": 0.01842447556555271, "best_epoch": 9, "_wandb": {"runtime": 17}}