{"graph": {"_type": "graph-file", "sha256": "fd19edffc703aab858150e13e04bbf139eedeb34d915b03334d0f82e3b937699", "size": 886, "path": "media/graph/graph_summary_fd19edffc703aab85815.graph.json"}, "epoch": 49, "_timestamp": 1681067580.449869, "loss": 0.001914452062919736, "mae": 0.037871863692998886, "mse": 0.0019144236575812101, "val_loss": 0.001950005884282291, "val_mae": 0.03830087184906006, "val_mse": 0.0019499780610203743, "lr": 9.999999747378752e-06, "_runtime": 137.83103799819946, "_step": 49, "best_val_loss": 0.0019499699119478464, "best_epoch": 48, "_wandb": {"runtime": 136}}