{"graph": {"_type": "graph-file", "sha256": "e9684d89b3320760bc02fdeff3f09ae7ad65b5ba3e67041bf3bed70f8a932a4e", "size": 586, "path": "media/graph/graph_summary_e9684d89b3320760bc02.graph.json"}, "epoch": 49, "_timestamp": 1681577069.2702062, "loss": 0.002079765545204282, "mae": 0.037296418100595474, "mse": 0.001861762022599578, "val_loss": 0.002110975096002221, "val_mae": 0.03776909038424492, "val_mse": 0.0018990007229149342, "lr": 9.999999747378752e-06, "_runtime": 102.70276618003845, "_step": 49, "best_val_loss": 0.002110975096002221, "best_epoch": 49, "_wandb": {"runtime": 103}}