{"graph": {"_type": "graph-file", "sha256": "35d0fddde76da1cde797c31190d93b7070809fa36ef7382e28ed7069e7c31287", "size": 772, "path": "media/graph/graph_summary_35d0fddde76da1cde797.graph.json"}, "epoch": 149, "_timestamp": 1682709492.9994633, "loss": 0.6822338700294495, "mae": 0.8248148560523987, "mse": 0.6822338700294495, "root_mean_squared_error": 0.8259744644165039, "val_loss": 0.6832872033119202, "val_mae": 0.8254318237304688, "val_mse": 0.6832872033119202, "val_root_mean_squared_error": 0.8266119360923767, "lr": 9.999999747378752e-06, "_runtime": 459.31317925453186, "_step": 1349, "best_val_loss": 0.0025532629806548357, "best_epoch": 14, "_wandb": {"runtime": 457}}