{"graph": {"_type": "graph-file", "sha256": "756925d7ded80b9dd576f3c9646f244f5f3997d12e2f3d12d9cd13ecf00e4223", "size": 593, "path": "media/graph/graph_summary_756925d7ded80b9dd576.graph.json"}, "epoch": 49, "_timestamp": 1681571706.860251, "loss": 0.002920527243986726, "mae": 0.03790783882141113, "mse": 0.001926642726175487, "val_loss": 0.002961294259876013, "val_mae": 0.03825913742184639, "val_mse": 0.0019670543260872364, "lr": 9.999999747378752e-06, "_runtime": 74.61875700950623, "_step": 49, "best_val_loss": 0.002961294259876013, "best_epoch": 49, "_wandb": {"runtime": 74}}