{"graph": {"_type": "graph-file", "sha256": "8daf7e86f159484d71e9f7b752a36cceda20c4c5aba79e1280e99f4f67d66bb9", "size": 593, "path": "media/graph/graph_summary_8daf7e86f159484d71e9.graph.json"}, "epoch": 249, "_timestamp": 1684406684.5364332, "loss": 0.007611704058945179, "mae": 0.07559879869222641, "mse": 0.007611704058945179, "root_mean_squared_error": 0.08724507689476013, "val_loss": 0.007575065363198519, "val_mae": 0.07527703791856766, "val_mse": 0.007575065363198519, "val_root_mean_squared_error": 0.08703485131263733, "lr": 9.999999747378752e-06, "_runtime": 278.7715163230896, "_step": 249, "best_val_loss": 0.007567291148006916, "best_epoch": 26, "_wandb": {"runtime": 277}}