{"graph": {"_type": "graph-file", "sha256": "de22b56f358365512a341e4573d5b6b8a0a54f9e900aecce5d1a9142f2e1136f", "size": 493, "path": "media/graph/graph_summary_de22b56f358365512a34.graph.json"}, "epoch": 149, "_timestamp": 1683466477.4331589, "loss": 6.692047463729978e-05, "mae": 0.005131493788212538, "mse": 6.692047463729978e-05, "root_mean_squared_error": 0.008180493488907814, "val_loss": 9.099230373976752e-05, "val_mae": 0.005367758218199015, "val_mse": 9.099230373976752e-05, "val_root_mean_squared_error": 0.009538988582789898, "lr": 0.0005387500277720392, "_runtime": 4550.548317909241, "_step": 149, "best_val_loss": 8.845040429150686e-05, "best_epoch": 148, "_wandb": {"runtime": 4549}}