{"graph": {"_type": "graph-file", "sha256": "27c5d7819ce561a5403e4afeba735456b1eb39e6f92976330971467468a118db", "size": 740, "path": "media/graph/graph_summary_27c5d7819ce561a5403e.graph.json"}, "epoch": 99, "_timestamp": 1680791201.9701355, "loss": 0.0008458927040919662, "mae": 0.02472241036593914, "mse": 0.0008195358095690608, "val_loss": 0.0008916662773117423, "val_mae": 0.025661662220954895, "val_mse": 0.0008652351680211723, "lr": 9.999999747378752e-06, "_runtime": 327.78287053108215, "_step": 99, "best_val_loss": 0.0008916662773117423, "best_epoch": 99, "_wandb": {"runtime": 328}}