{"graph": {"_type": "graph-file", "sha256": "4693a576f90967ab78c4629af480882c4657d48105a12cec5f63eab7e37619df", "size": 770, "path": "media/graph/graph_summary_4693a576f90967ab78c4.graph.json"}, "epoch": 29, "_timestamp": 1682703799.3753953, "loss": 0.8115810751914978, "mae": 0.8998149037361145, "mse": 0.8115810751914978, "root_mean_squared_error": 0.9008779525756836, "val_loss": 0.8127270340919495, "val_mae": 0.9004319310188293, "val_mse": 0.8127270340919495, "val_root_mean_squared_error": 0.9015137553215027, "lr": 9.999999747378752e-06, "_runtime": 55.236581325531006, "_step": 269, "best_val_loss": 0.00449297996237874, "best_epoch": 0, "_wandb": {"runtime": 54}}