{"graph": {"_type": "graph-file", "sha256": "b0e991419d33b8f9c145667fc3dc680a07142ed57013a1d3ab881f78806acf0c", "size": 593, "path": "media/graph/graph_summary_b0e991419d33b8f9c145.graph.json"}, "epoch": 49, "_timestamp": 1681828237.757279, "loss": 0.001971788238734007, "mae": 0.03790074959397316, "mse": 0.0019169150618836284, "val_loss": 0.0020093023777008057, "val_mae": 0.03830113634467125, "val_mse": 0.001954481704160571, "lr": 9.999999747378752e-06, "_runtime": 313.3882188796997, "_step": 449, "best_val_loss": 0.0013982938835397363, "best_epoch": 49, "_wandb": {"runtime": 312}}