{"graph": {"_type": "graph-file", "sha256": "11d901694bbcdf0cedaf33080226f27cdeb61547d6a657cd4426a5fc982e0ec6", "size": 875, "path": "media/graph/graph_summary_11d901694bbcdf0cedaf.graph.json"}, "epoch": 19, "_timestamp": 1681904204.3651757, "loss": 0.002047873567789793, "mae": 0.03807004541158676, "mse": 0.001958386041224003, "val_loss": 0.0020453697070479393, "val_mae": 0.03835274279117584, "val_mse": 0.0019523202208802104, "lr": 0.006518148817121983, "_runtime": 42.09054470062256, "_step": 179, "best_val_loss": 0.0019497254397720098, "best_epoch": 19, "_wandb": {"runtime": 41}}