{"graph": {"_type": "graph-file", "sha256": "16ecfa3cac81f1273782278afab584fa57113f3a87a4b763ee360bb000c41a74", "size": 740, "path": "media/graph/graph_summary_16ecfa3cac81f1273782.graph.json"}, "epoch": 0, "_timestamp": 1680802258.6715143, "loss": 10.07129955291748, "mae": 0.05510873347520828, "mse": 0.009910611435770988, "val_loss": 7.407114505767822, "val_mae": 0.04605214670300484, "val_mse": 0.0029006313998252153, "lr": 0.0010000000474974513, "_runtime": 2.607710361480713, "_step": 0, "best_val_loss": 7.407114505767822, "best_epoch": 0, "_wandb": {"runtime": 2}}