{"graph": {"_type": "graph-file", "sha256": "edb43287dce377d98f2aaf1381c3ce628466e3596abe716655f2628c6cc8a006", "size": 487, "path": "media/graph/graph_summary_edb43287dce377d98f2a.graph.json"}, "epoch": 149, "_timestamp": 1682871733.5588677, "loss": 4.410935071064159e-05, "mae": 0.0051061613485217094, "mse": 4.410935071064159e-05, "root_mean_squared_error": 0.0066414871253073215, "val_loss": 4.394806455820799e-05, "val_mae": 0.005069493316113949, "val_mse": 4.394806455820799e-05, "val_root_mean_squared_error": 0.0066293333657085896, "lr": 0.0002693750138860196, "_runtime": 946.4028236865997, "_step": 149, "best_val_loss": 4.390335379866883e-05, "best_epoch": 148, "_wandb": {"runtime": 945}}