{"graph": {"_type": "graph-file", "sha256": "ced4b90f285ce135fbdcc1a3e0ffabd9a8585dc4692dfe829b43d4ae8ec622c4", "size": 576, "path": "media/graph/graph_summary_ced4b90f285ce135fbdc.graph.json"}, "epoch": 49, "_timestamp": 1681574134.796458, "loss": 0.0022821645252406597, "mae": 0.03774753212928772, "mse": 0.0019097289768978953, "val_loss": 0.0023113670758903027, "val_mae": 0.038199521601200104, "val_mse": 0.001940060523338616, "lr": 9.999999747378752e-06, "_runtime": 70.45034003257751, "_step": 49, "best_val_loss": 0.0023113670758903027, "best_epoch": 49, "_wandb": {"runtime": 70}}