{"graph": {"_type": "graph-file", "sha256": "3067c243671e63964a10c306783cf96d4bfe117f52c47aa0f3747d83a77e8c00", "size": 512, "path": "media/graph/graph_summary_3067c243671e63964a10.graph.json"}, "epoch": 149, "_timestamp": 1684275262.5589032, "loss": 2.8449949240894057e-05, "mae": 0.0034196823835372925, "mse": 2.8449949240894057e-05, "val_loss": 2.8962373107788153e-05, "val_mae": 0.0034810553770512342, "val_mse": 2.8962373107788153e-05, "lr": 0.0005387500277720392, "_runtime": 6688.11559510231, "_step": 149, "best_val_loss": 2.7895801395061426e-05, "best_epoch": 147, "_wandb": {"runtime": 6686}}