{"graph": {"_type": "graph-file", "sha256": "f1406ad1b15778a053e3496bedb6b2630ef1420cd2210017aef6a4767df2ad9a", "size": 593, "path": "media/graph/graph_summary_f1406ad1b15778a053e3.graph.json"}, "epoch": 199, "_timestamp": 1684396197.456204, "loss": 0.023574301972985268, "mae": 0.11703404784202576, "mse": 0.0226792823523283, "root_mean_squared_error": 0.15059642493724823, "val_loss": 0.023213116452097893, "val_mae": 0.11583928763866425, "val_mse": 0.02231721766293049, "val_root_mean_squared_error": 0.14938947558403015, "lr": 9.999999747378752e-06, "_runtime": 782.7500858306885, "_step": 199, "best_val_loss": 0.023213116452097893, "best_epoch": 199, "_wandb": {"runtime": 783}}