{"graph": {"_type": "graph-file", "sha256": "e69dad264e70d5b54e07e1a9225fd75d5e30853f78f90278e365c352554c5dd6", "size": 593, "path": "media/graph/graph_summary_e69dad264e70d5b54e07.graph.json"}, "epoch": 49, "_timestamp": 1681829184.221004, "loss": 0.0025017333682626486, "mae": 0.03719918802380562, "mse": 0.0018614823929965496, "val_loss": 0.0025403008330613375, "val_mae": 0.037544991821050644, "val_mse": 0.0018996460130438209, "lr": 9.999999747378752e-06, "_runtime": 171.25197100639343, "_step": 449, "best_val_loss": 0.001949792611412704, "best_epoch": 11, "_wandb": {"runtime": 170}}