{"graph": {"_type": "graph-file", "sha256": "9bc7189b24d497184a211ecf0c9990edd106176e780992dcbe4311c61618a83a", "size": 593, "path": "media/graph/graph_summary_9bc7189b24d497184a21.graph.json"}, "epoch": 249, "_timestamp": 1684418161.2368157, "loss": 811762.875, "mae": 899.0899047851562, "mse": 811762.875, "root_mean_squared_error": 900.9788208007812, "val_loss": 811224.0, "val_mae": 898.7902221679688, "val_mse": 811224.0, "val_root_mean_squared_error": 900.6797485351562, "lr": 9.999999747378752e-06, "_runtime": 234.77985978126526, "_step": 249, "best_val_loss": 811224.0, "best_epoch": 3, "_wandb": {"runtime": 233}}