{"graph": {"_type": "graph-file", "sha256": "d286505d8d533a00c71363eed3b7869181d7d5ecd668f7dff0f4fa34e63fbd50", "size": 576, "path": "media/graph/graph_summary_d286505d8d533a00c713.graph.json"}, "epoch": 49, "_timestamp": 1680961640.661001, "loss": 0.0008197239367291331, "mae": 0.02471931092441082, "mse": 0.0008197239367291331, "val_loss": 0.0008662832551635802, "val_mae": 0.02568485401570797, "val_mse": 0.0008662832551635802, "lr": 9.999999747378752e-06, "_runtime": 59.80935597419739, "_step": 49, "best_val_loss": 0.0008662832551635802, "best_epoch": 49, "_wandb": {"runtime": 59}}