{"graph": {"_type": "graph-file", "sha256": "b316eee0dfc40bd7c8e1929c43f8e902fe191e80a511242ecb95b21fce8e25cb", "size": 877, "path": "media/graph/graph_summary_b316eee0dfc40bd7c8e1.graph.json"}, "epoch": 49, "_timestamp": 1681916372.9158435, "loss": 0.0021752554457634687, "mae": 0.03788544610142708, "mse": 0.001915438799187541, "val_loss": 0.0022086582612246275, "val_mae": 0.03830611705780029, "val_mse": 0.0019496611785143614, "lr": 0.0031506549566984177, "_runtime": 128.09388852119446, "_step": 449, "best_val_loss": 0.0022008088417351246, "best_epoch": 48, "_wandb": {"runtime": 127}}