{"graph": {"_type": "graph-file", "sha256": "7f0aaba210643a33a1e0c095c793f267bebe85a4472a71b35a1be3d5a6132348", "size": 1095, "path": "media/graph/graph_summary_7f0aaba210643a33a1e0.graph.json"}, "epoch": 149, "_timestamp": 1683675086.6564333, "loss": 9.366574522573501e-05, "mae": 0.007740541826933622, "mse": 9.366574522573501e-05, "root_mean_squared_error": 0.00967810396105051, "val_loss": 9.775962826097384e-05, "val_mae": 0.00771625991910696, "val_mse": 9.775962826097384e-05, "val_root_mean_squared_error": 0.009887348860502243, "lr": 8.456645446131006e-05, "_runtime": 3920.447182416916, "_step": 1499, "best_val_loss": 3.542973718140274e-05, "best_epoch": 141, "_wandb": {"runtime": 3919}}