{"graph": {"_type": "graph-file", "sha256": "8d692ac63b3a1d9cf14ec7c997223a0493c22ad2a38ff92fa8994cfe019f6a4a", "size": 437, "path": "media/graph/graph_summary_8d692ac63b3a1d9cf14e.graph.json"}, "epoch": 49, "_timestamp": 1683443689.7013757, "loss": 0.0027338960207998753, "mae": 0.04402144253253937, "mse": 0.0027338960207998753, "root_mean_squared_error": 0.05228666216135025, "val_loss": 0.002929377369582653, "val_mae": 0.04657530412077904, "val_mse": 0.002929377369582653, "val_root_mean_squared_error": 0.05412372574210167, "lr": 0.0031461869366467, "_runtime": 1126.1550297737122, "_step": 499, "best_val_loss": 0.000729334366042167, "best_epoch": 46, "_wandb": {"runtime": 1124}}