{"graph": {"_type": "graph-file", "sha256": "0307e966be2421b4c862cd0c7d1ff47815175b91cc7e48dde1705a7485896e12", "size": 593, "path": "media/graph/graph_summary_0307e966be2421b4c862.graph.json"}, "epoch": 47, "_timestamp": 1681824268.1702597, "loss": 0.002040196442976594, "mae": 0.03716758266091347, "mse": 0.00185511470772326, "val_loss": 0.0020791080314666033, "val_mae": 0.037620093673467636, "val_mse": 0.0018964012851938605, "lr": 9.999999747378752e-06, "_runtime": 47.15214562416077, "_step": 47, "best_val_loss": 0.0020791080314666033, "best_epoch": 47}