{"graph": {"_type": "graph-file", "sha256": "406fb0067480ac22936b4d68044075d46882a8bc9bd1bb1efbb754971a187f95", "size": 510, "path": "media/graph/graph_summary_406fb0067480ac22936b.graph.json"}, "epoch": 149, "_timestamp": 1683179445.4797435, "loss": 0.00027835648506879807, "mae": 0.012346619740128517, "mse": 0.00027835648506879807, "root_mean_squared_error": 0.016684018075466156, "val_loss": 0.00027624607901088893, "val_mae": 0.012357442639768124, "val_mse": 0.00027624607901088893, "val_root_mean_squared_error": 0.016620652750134468, "lr": 0.0010841584298759699, "_runtime": 15697.881127595901, "_step": 1499, "best_val_loss": 0.00019529649580363184, "best_epoch": 148, "_wandb": {"runtime": 15696}}