{"graph": {"_type": "graph-file", "sha256": "8b395b21744e0a1fd3661391ec2e6a47e6486228294a3b88234c0f916cfe114f", "size": 593, "path": "media/graph/graph_summary_8b395b21744e0a1fd366.graph.json"}, "epoch": 9, "_timestamp": 1682357145.626253, "loss": 0.0020515918731689453, "mae": 0.03817230090498924, "mse": 0.001967070158571005, "val_loss": 0.001986538292840123, "val_mae": 0.03843742981553078, "val_mse": 0.0019627909641712904, "lr": 0.09925000369548798, "_runtime": 10.093276977539062, "_step": 9, "best_val_loss": 0.0019611201714724302, "best_epoch": 4, "_wandb": {"runtime": 8}}