{"graph": {"_type": "graph-file", "sha256": "8e18fd04a220e4d3d34782b87960db70a0a893e71852a84800e5c44201f8b8fd", "size": 593, "path": "media/graph/graph_summary_8e18fd04a220e4d3d347.graph.json"}, "epoch": 149, "_timestamp": 1681924927.7350295, "loss": 0.0007551994640380144, "mae": 0.020791003480553627, "mse": 0.0007087946869432926, "val_loss": 0.0007706957985647023, "val_mae": 0.02120470441877842, "val_mse": 0.0007240539416670799, "lr": 2.4230957933468744e-05, "_runtime": 86.75267553329468, "_step": 149, "best_val_loss": 0.0007682070718146861, "best_epoch": 134, "_wandb": {"runtime": 86}}