{"graph": {"_type": "graph-file", "sha256": "f1406ad1b15778a053e3496bedb6b2630ef1420cd2210017aef6a4767df2ad9a", "size": 593, "path": "media/graph/graph_summary_f1406ad1b15778a053e3.graph.json"}, "epoch": 299, "_timestamp": 1684439011.586709, "loss": 0.00248655304312706, "mae": 0.0354355126619339, "mse": 0.0023356948513537645, "root_mean_squared_error": 0.04832902550697327, "val_loss": 0.00252885976806283, "val_mae": 0.03577159717679024, "val_mse": 0.00237801531329751, "val_root_mean_squared_error": 0.048764899373054504, "lr": 9.999999747378752e-06, "_runtime": 218.38240003585815, "_step": 299, "best_val_loss": 0.002528444631025195, "best_epoch": 291, "_wandb": {"runtime": 216}}