{"graph": {"_type": "graph-file", "sha256": "0aefe818bd72f5996af43d11f603b720f44ba087f2d08bd572ce3fd873a74083", "size": 593, "path": "media/graph/graph_summary_0aefe818bd72f5996af4.graph.json"}, "epoch": 19, "_timestamp": 1681893150.1893642, "loss": 0.0019143415847793221, "mae": 0.03787129372358322, "mse": 0.0019143412355333567, "val_loss": 0.001950034755282104, "val_mae": 0.03830024600028992, "val_mse": 0.0019500345224514604, "lr": 9.999999747378752e-06, "_runtime": 66.94795727729797, "_step": 179, "best_val_loss": 0.0009277038043364882, "best_epoch": 17, "_wandb": {"runtime": 66}}