{"graph": {"_type": "graph-file", "sha256": "8072d98a22a2bb357dfaa25d22e3c535bc6273ab57346aedd2c693fe2ff65cb4", "size": 849, "path": "media/graph/graph_summary_8072d98a22a2bb357dfa.graph.json"}, "epoch": 49, "_timestamp": 1681066712.4867594, "loss": 0.001914447289891541, "mae": 0.037872251123189926, "mse": 0.0019144185353070498, "val_loss": 0.0019500182243064046, "val_mae": 0.038300771266222, "val_mse": 0.0019499871414154768, "lr": 9.999999747378752e-06, "_runtime": 122.87987637519836, "_step": 49, "best_val_loss": 0.0019499278860166669, "best_epoch": 30, "_wandb": {"runtime": 122}}