{"graph": {"_type": "graph-file", "sha256": "9ddb5ce411971f1d49672a7c8823691761f6e113ffb2ba88f02fb4e834056542", "size": 729, "path": "media/graph/graph_summary_9ddb5ce411971f1d4967.graph.json"}, "epoch": 3, "_timestamp": 1680779128.1168916, "loss": 11.014511108398438, "mae": 0.02047034725546837, "mse": 0.0005946573219262064, "val_loss": 10.567694664001465, "val_mae": 0.021346325054764748, "val_mse": 0.0006453898968175054, "lr": 9.999999747378752e-05, "_runtime": 7.904035568237305, "_step": 3, "best_val_loss": 10.567694664001465, "best_epoch": 3, "_wandb": {"runtime": 7}}