{"graph": {"_type": "graph-file", "sha256": "e69dad264e70d5b54e07e1a9225fd75d5e30853f78f90278e365c352554c5dd6", "size": 593, "path": "media/graph/graph_summary_e69dad264e70d5b54e07.graph.json"}, "epoch": 49, "_timestamp": 1681745114.3543067, "loss": 0.0019144032848998904, "mae": 0.03787189722061157, "mse": 0.0019143786048516631, "val_loss": 0.0019500678172335029, "val_mae": 0.03830023854970932, "val_mse": 0.001950036152265966, "lr": 9.999999747378752e-06, "_runtime": 177.8598427772522, "_step": 449, "best_val_loss": 0.0019496894674375653, "best_epoch": 18, "_wandb": {"runtime": 177}}