{"graph": {"_type": "graph-file", "sha256": "8486821397936c04f05eb59477a6c4eccde099a35bc192f206aff187f9f96a33", "size": 770, "path": "media/graph/graph_summary_8486821397936c04f05e.graph.json"}, "epoch": 19, "_timestamp": 1682262132.3856056, "loss": 0.007567142136394978, "mae": 0.07518515735864639, "mse": 0.007567142136394978, "val_loss": 0.007510020863264799, "val_mae": 0.07456817477941513, "val_mse": 0.007510020863264799, "lr": 9.999999747378752e-06, "_runtime": 34.111980676651, "_step": 179, "best_val_loss": 0.007510020863264799, "best_epoch": 0, "_wandb": {"runtime": 33}}