{"graph": {"_type": "graph-file", "sha256": "cfd359a1e091eb2c2ee8552724924b1d6f6f028639a8c47a87f0a8d658c8b927", "size": 484, "path": "media/graph/graph_summary_cfd359a1e091eb2c2ee8.graph.json"}, "epoch": 49, "_timestamp": 1682434514.4656556, "loss": 0.0007729288190603256, "mae": 0.021311908960342407, "mse": 0.0007729288190603256, "root_mean_squared_error": 0.027801597490906715, "R2": 0.5846079587936401, "val_loss": 0.0007354812696576118, "val_mae": 0.019850658252835274, "val_mse": 0.0007354812696576118, "val_root_mean_squared_error": 0.02711975760757923, "val_R2": -155.70333862304688, "lr": 0.08181368559598923, "_runtime": 170.55991864204407, "_step": 449, "best_val_loss": 0.00025736435782164335, "best_epoch": 49, "_wandb": {"runtime": 169}}