{"graph": {"_type": "graph-file", "sha256": "cd70ceabf65778e893a91556904530eca2c72da6e277d8233bef981bb06dbaba", "size": 1094, "path": "media/graph/graph_summary_cd70ceabf65778e893a9.graph.json"}, "epoch": 149, "_timestamp": 1683692978.074419, "loss": 8.966372843133286e-05, "mae": 0.007454790640622377, "mse": 8.966372843133286e-05, "root_mean_squared_error": 0.009469091892242432, "val_loss": 9.591884008841589e-05, "val_mae": 0.0076181781478226185, "val_mse": 9.591884008841589e-05, "val_root_mean_squared_error": 0.00979381799697876, "lr": 9.999999747378752e-06, "_runtime": 2044.4515841007233, "_step": 1499, "best_val_loss": 7.03390542184934e-05, "best_epoch": 140, "_wandb": {"runtime": 2043}}