{"graph": {"_type": "graph-file", "sha256": "6b661ee68a9e83fb819a483f5a1668581ecbdd6399e744e8ec02dc700dc82bfe", "size": 593, "path": "media/graph/graph_summary_6b661ee68a9e83fb819a.graph.json"}, "epoch": 49, "_timestamp": 1682020686.9385545, "loss": 0.0012659629574045539, "mae": 0.028348932042717934, "mse": 0.001188232796266675, "val_loss": 0.0012516691349446774, "val_mae": 0.028526170179247856, "val_mse": 0.0011750152334570885, "lr": 0.0001729558571241796, "_runtime": 273.82145857810974, "_step": 449, "best_val_loss": 0.0007784967310726643, "best_epoch": 48, "_wandb": {"runtime": 273}}