{"graph": {"_type": "graph-file", "sha256": "232cc6a2e60ab8ac3314210df6b03b5bfae04bb47ba6481f21ce41cf90be0147", "size": 770, "path": "media/graph/graph_summary_232cc6a2e60ab8ac3314.graph.json"}, "epoch": 149, "_timestamp": 1682283009.7610712, "loss": 0.007567143999040127, "mae": 0.07518518716096878, "mse": 0.007567143999040127, "val_loss": 0.0075100199319422245, "val_mae": 0.07456815987825394, "val_mse": 0.0075100199319422245, "lr": 9.999999747378752e-06, "_runtime": 450.483341217041, "_step": 1349, "best_val_loss": 0.0075100199319422245, "best_epoch": 0, "_wandb": {"runtime": 449}}