{"graph": {"_type": "graph-file", "sha256": "e69dad264e70d5b54e07e1a9225fd75d5e30853f78f90278e365c352554c5dd6", "size": 593, "path": "media/graph/graph_summary_e69dad264e70d5b54e07.graph.json"}, "epoch": 49, "_timestamp": 1681906716.908989, "loss": 0.001914349151775241, "mae": 0.03787122294306755, "mse": 0.0019143475219607353, "val_loss": 0.0019500020425766706, "val_mae": 0.038300611078739166, "val_mse": 0.0019500013440847397, "lr": 9.999999747378752e-06, "_runtime": 331.22097992897034, "_step": 449, "best_val_loss": 0.0008179079159162939, "best_epoch": 36, "_wandb": {"runtime": 330}}