{"graph": {"_type": "graph-file", "sha256": "f97419ca5575ce01a5fdb0a8016bc4c292dce011ceaea22ec02abdd17e4762d3", "size": 871, "path": "media/graph/graph_summary_f97419ca5575ce01a5fd.graph.json"}, "epoch": 49, "_timestamp": 1681068340.0003862, "loss": 0.0033976014237850904, "mae": 0.050587259232997894, "mse": 0.00339756952598691, "val_loss": 0.0034060170873999596, "val_mae": 0.050284791737794876, "val_mse": 0.0034059868194162846, "lr": 9.999999747378752e-06, "_runtime": 124.48709225654602, "_step": 49, "best_val_loss": 0.003405967727303505, "best_epoch": 40, "_wandb": {"runtime": 123}}