{"graph": {"_type": "graph-file", "sha256": "9feef145822f073f3cf38cd50bf072fdb6c93468b3432c151b428384f20e1179", "size": 1096, "path": "media/graph/graph_summary_9feef145822f073f3cf3.graph.json"}, "epoch": 299, "_timestamp": 1684874387.254915, "loss": 3.862793528242037e-05, "mae": 0.004635665100067854, "mse": 3.862793528242037e-05, "root_mean_squared_error": 0.00621513556689024, "val_loss": 4.133704715059139e-05, "val_mae": 0.004866863135248423, "val_mse": 4.133704715059139e-05, "val_root_mean_squared_error": 0.006429389584809542, "lr": 9.999999747378752e-06, "_runtime": 297.94463205337524, "_step": 299, "best_val_loss": 4.133704715059139e-05, "best_epoch": 299, "_wandb": {"runtime": 297}}