{"graph": {"_type": "graph-file", "sha256": "08da610270459535d78345a86d251be40d8e4beba07e3ddeb88ee79141d1dafa", "size": 440, "path": "media/graph/graph_summary_08da610270459535d783.graph.json"}, "epoch": 149, "_timestamp": 1683067323.9554327, "loss": 1.1739952014977462e-06, "mae": 0.0007722593145444989, "mse": 1.1739952014977462e-06, "root_mean_squared_error": 0.001083510578610003, "val_loss": 1.176189471152611e-06, "val_mae": 0.0007658237009309232, "val_mse": 1.176189471152611e-06, "val_root_mean_squared_error": 0.0010845226934179664, "lr": 0.0002693750138860196, "_runtime": 1937.3993356227875, "_step": 149, "best_val_loss": 1.176189471152611e-06, "best_epoch": 149, "_wandb": {"runtime": 1938}}