{"graph": {"_type": "graph-file", "sha256": "453629ece7c19dc579d6470d7dfbed534b7e4f78ce823592f211637e80f18864", "size": 586, "path": "media/graph/graph_summary_453629ece7c19dc579d6.graph.json"}, "epoch": 9, "_timestamp": 1682357641.335568, "loss": 0.002163140568882227, "mae": 0.038339149206876755, "mse": 0.0019967290572822094, "root_mean_squared_error": 0.04468477517366409, "val_loss": 0.002300860360264778, "val_mae": 0.039500121027231216, "val_mse": 0.0021555600687861443, "val_root_mean_squared_error": 0.04642800986766815, "lr": 0.09925000369548798, "_runtime": 5.682520866394043, "_step": 9, "best_val_loss": 0.0019746795296669006, "best_epoch": 1, "_wandb": {"runtime": 4}}