{"graph": {"_type": "graph-file", "sha256": "9bc7189b24d497184a211ecf0c9990edd106176e780992dcbe4311c61618a83a", "size": 593, "path": "media/graph/graph_summary_9bc7189b24d497184a21.graph.json"}, "epoch": 299, "_timestamp": 1684484710.5666196, "loss": 0.0009889289503917098, "mae": 0.020242126658558846, "mse": 0.0008043887210078537, "root_mean_squared_error": 0.028361747041344643, "val_loss": 0.0010407444788143039, "val_mae": 0.02069994807243347, "val_mse": 0.0008562242146581411, "val_root_mean_squared_error": 0.029261307790875435, "lr": 9.999999747378752e-06, "_runtime": 344.17925453186035, "_step": 299, "best_val_loss": 0.0010407444788143039, "best_epoch": 299, "_wandb": {"runtime": 344}}