{"graph": {"_type": "graph-file", "sha256": "1f75b398ea270f4f47bbc9089dacee8688d8d34b47d5df5c79d08d3d2091a5d1", "size": 1078, "path": "media/graph/graph_summary_1f75b398ea270f4f47bb.graph.json"}, "epoch": 299, "_timestamp": 1684873463.0017855, "loss": 0.003413268830627203, "mae": 0.05062713474035263, "mse": 0.003413268830627203, "root_mean_squared_error": 0.05842318758368492, "val_loss": 0.0033473121002316475, "val_mae": 0.04997805878520012, "val_mse": 0.0033473121002316475, "val_root_mean_squared_error": 0.05785595625638962, "lr": 9.999999747378752e-06, "_runtime": 168.81605553627014, "_step": 299, "best_val_loss": 0.0033463789150118828, "best_epoch": 27, "_wandb": {"runtime": 167}}