{"graph": {"_type": "graph-file", "sha256": "27c5d7819ce561a5403e4afeba735456b1eb39e6f92976330971467468a118db", "size": 740, "path": "media/graph/graph_summary_27c5d7819ce561a5403e.graph.json"}, "epoch": 9, "_timestamp": 1680778302.957508, "loss": 7.766110420227051, "mae": 0.02487599104642868, "mse": 0.0009505826164968312, "val_loss": 7.602391719818115, "val_mae": 0.03205099329352379, "val_mse": 0.0015366565203294158, "lr": 9.999999747378752e-05, "_runtime": 17.03005313873291, "_step": 9, "best_val_loss": 7.602391719818115, "best_epoch": 9, "_wandb": {"runtime": 16}}