{"graph": {"_type": "graph-file", "sha256": "27c5d7819ce561a5403e4afeba735456b1eb39e6f92976330971467468a118db", "size": 740, "path": "media/graph/graph_summary_27c5d7819ce561a5403e.graph.json"}, "epoch": 49, "_timestamp": 1681311130.7532365, "loss": 0.6732218265533447, "mae": 0.03856348246335983, "mse": 0.001981552690267563, "val_loss": 0.6731728911399841, "val_mae": 0.038979265838861465, "val_mse": 0.0020211562514305115, "lr": 9.999999747378752e-06, "_runtime": 88.1643135547638, "_step": 49, "best_val_loss": 0.6731728911399841, "best_epoch": 49, "_wandb": {"runtime": 88}}