{"graph": {"_type": "graph-file", "sha256": "853afdb1f393a291f6bba6f29bd5a7831db8ee4ac72fee91bd96ec17e6f7b490", "size": 1038, "path": "media/graph/graph_summary_853afdb1f393a291f6bb.graph.json"}, "epoch": 49, "_timestamp": 1680959888.8237493, "loss": 0.06525322794914246, "mae": 0.0303625650703907, "mse": 0.0014111446216702461, "val_loss": 0.06414159387350082, "val_mae": 0.025029785931110382, "val_mse": 0.000834674050565809, "lr": 9.999999747378752e-06, "_runtime": 206.02673721313477, "_step": 49, "best_val_loss": 0.06414159387350082, "best_epoch": 49, "_wandb": {"runtime": 207}}