{"graph": {"_type": "graph-file", "sha256": "ff441591ba63d5b08f3947fee16bef00959bfaf6c75eed109169c8a0b69f0f87", "size": 565, "path": "media/graph/graph_summary_ff441591ba63d5b08f39.graph.json"}, "epoch": 0, "_timestamp": 1681888047.904774, "loss": 0.0379745252430439, "mae": 0.06138398125767708, "mse": 0.010201388038694859, "val_loss": 0.0027531879022717476, "val_mae": 0.03991391882300377, "val_mse": 0.0021916162222623825, "lr": 0.033687882125377655, "_runtime": 2.7862980365753174, "_step": 0, "best_val_loss": 0.0027531879022717476, "best_epoch": 0}