{"graph": {"_type": "graph-file", "sha256": "79b08f6778947b3bc8a78ef05d3dff856660767dcb2583e232a2bb59d0e5856f", "size": 593, "path": "media/graph/graph_summary_79b08f6778947b3bc8a7.graph.json"}, "epoch": 199, "_timestamp": 1684400945.49103, "loss": 0.0196865051984787, "mae": 0.10435821861028671, "mse": 0.018713118508458138, "root_mean_squared_error": 0.13679589331150055, "val_loss": 0.01908695697784424, "val_mae": 0.10255633294582367, "val_mse": 0.018113145604729652, "val_root_mean_squared_error": 0.13458508253097534, "lr": 4.169921885477379e-05, "_runtime": 793.4111580848694, "_step": 199, "best_val_loss": 0.01908695697784424, "best_epoch": 199, "_wandb": {"runtime": 793}}