{"graph": {"_type": "graph-file", "sha256": "1ed08a4ecff02c935311316602e5ad5a05a7cb6e163cf885d095032f42a8968a", "size": 770, "path": "media/graph/graph_summary_1ed08a4ecff02c935311.graph.json"}, "epoch": 199, "_timestamp": 1682264596.8882687, "loss": 0.007567143067717552, "mae": 0.07518516480922699, "mse": 0.007567143067717552, "val_loss": 0.0075100199319422245, "val_mae": 0.07456816732883453, "val_mse": 0.0075100199319422245, "lr": 9.999999747378752e-06, "_runtime": 629.0216057300568, "_step": 1799, "best_val_loss": 0.0075100199319422245, "best_epoch": 0, "_wandb": {"runtime": 628}}