{"graph": {"_type": "graph-file", "sha256": "4b8bebba67c69112d4044524e5dd200f6e7d7f4fbbd92873f26b0b59d3f2afbf", "size": 740, "path": "media/graph/graph_summary_4b8bebba67c69112d404.graph.json"}, "epoch": 0, "_timestamp": 1681052616.5739727, "loss": 10.170248985290527, "mae": 0.12742505967617035, "mse": 0.04686693847179413, "val_loss": 7.45845365524292, "val_mae": 0.1105530634522438, "val_mse": 0.014324110932648182, "lr": 0.0010000000474974513, "_runtime": 5.298937797546387, "_step": 0, "best_val_loss": 7.45845365524292, "best_epoch": 0, "_wandb": {"runtime": 6}}