{"graph": {"_type": "graph-file", "sha256": "11d901694bbcdf0cedaf33080226f27cdeb61547d6a657cd4426a5fc982e0ec6", "size": 875, "path": "media/graph/graph_summary_11d901694bbcdf0cedaf.graph.json"}, "epoch": 199, "_timestamp": 1681898549.3881855, "loss": 0.0019378456054255366, "mae": 0.03787536546587944, "mse": 0.001914817257784307, "val_loss": 0.0019741090945899487, "val_mae": 0.03829265385866165, "val_mse": 0.0019510540878400207, "lr": 9.999999747378752e-06, "_runtime": 508.086594581604, "_step": 1799, "best_val_loss": 0.0019496395252645016, "best_epoch": 35, "_wandb": {"runtime": 507}}