{"graph": {"_type": "graph-file", "sha256": "503a76d03da7714658eb2aeb14339af5172df942e15c88ecb6edf654071cd530", "size": 483, "path": "media/graph/graph_summary_503a76d03da7714658eb.graph.json"}, "epoch": 19, "_timestamp": 1683136563.1046238, "loss": 0.0034022002946585417, "mae": 0.050463829189538956, "mse": 0.0034022002946585417, "root_mean_squared_error": 0.058328382670879364, "val_loss": 0.0034169864375144243, "val_mae": 0.050631966441869736, "val_mse": 0.0034169864375144243, "val_root_mean_squared_error": 0.05845499411225319, "lr": 0.06638216227293015, "_runtime": 271.92251086235046, "_step": 199, "best_val_loss": 0.0032157483510673046, "best_epoch": 17, "_wandb": {"runtime": 270}}