{"graph": {"_type": "graph-file", "sha256": "0aefe818bd72f5996af43d11f603b720f44ba087f2d08bd572ce3fd873a74083", "size": 593, "path": "media/graph/graph_summary_0aefe818bd72f5996af4.graph.json"}, "epoch": 199, "_timestamp": 1681920796.4209042, "loss": 0.0009684552205726504, "mae": 0.02357563003897667, "mse": 0.00088543287711218, "val_loss": 0.0009516840800642967, "val_mae": 0.02359764836728573, "val_mse": 0.0008686672081239522, "lr": 9.999999747378752e-06, "_runtime": 292.1054871082306, "_step": 1799, "best_val_loss": 0.0006007783231325448, "best_epoch": 125, "_wandb": {"runtime": 291}}