{"graph": {"_type": "graph-file", "sha256": "123fded708c0159b99f12eb04c67b603344431f4db43aea9bbce33cb18af14cc", "size": 886, "path": "media/graph/graph_summary_123fded708c0159b99f1.graph.json"}, "epoch": 49, "_timestamp": 1680967116.234863, "loss": 0.0008192825480364263, "mae": 0.024717623367905617, "mse": 0.0008192528039216995, "val_loss": 0.0008652646793052554, "val_mae": 0.025662243366241455, "val_mse": 0.0008652367978356779, "lr": 9.999999747378752e-06, "_runtime": 65.8965151309967, "_step": 49, "best_val_loss": 0.0008652624674141407, "best_epoch": 35, "_wandb": {"runtime": 64}}