{"graph": {"_type": "graph-file", "sha256": "27c5d7819ce561a5403e4afeba735456b1eb39e6f92976330971467468a118db", "size": 740, "path": "media/graph/graph_summary_27c5d7819ce561a5403e.graph.json"}, "epoch": 0, "_timestamp": 1680802385.0764184, "loss": 9.976819038391113, "mae": 0.09607664495706558, "mse": 0.027010664343833923, "val_loss": 7.284391403198242, "val_mae": 0.03301166370511055, "val_mse": 0.001845016609877348, "lr": 0.0010000000474974513, "_runtime": 2.079000473022461, "_step": 0, "best_val_loss": 7.284391403198242, "best_epoch": 0, "_wandb": {"runtime": 1}}