{"graph": {"_type": "graph-file", "sha256": "8b8f0199a3f34017fe64c4d2c1ff6585161ffdd82f68a79629c829e3a1b482ac", "size": 562, "path": "media/graph/graph_summary_8b8f0199a3f34017fe64.graph.json"}, "epoch": 49, "_timestamp": 1681573826.552187, "loss": 0.0037240800447762012, "mae": 0.0377662293612957, "mse": 0.0019121264340355992, "val_loss": 0.0037316819652915, "val_mae": 0.03804527968168259, "val_mse": 0.0019218504894524813, "lr": 9.999999747378752e-06, "_runtime": 84.89131999015808, "_step": 49, "best_val_loss": 0.0037316819652915, "best_epoch": 49, "_wandb": {"runtime": 85}}