{"graph": {"_type": "graph-file", "sha256": "2806361edcc2491ac9397af29333085b69587905c7dcc620ae32fa65480af696", "size": 579, "path": "media/graph/graph_summary_2806361edcc2491ac939.graph.json"}, "epoch": 49, "_timestamp": 1681823652.3700526, "loss": 0.003667055396363139, "mae": 0.049278054386377335, "mse": 0.003235661191865802, "val_loss": 0.00369098037481308, "val_mae": 0.04915519058704376, "val_mse": 0.0032602818682789803, "lr": 9.999999747378752e-06, "_runtime": 56.86282753944397, "_step": 49, "best_val_loss": 0.00369098037481308, "best_epoch": 49, "_wandb": {"runtime": 56}}