{"graph": {"_type": "graph-file", "sha256": "b493978e282bf903f522eb15969b49623e73b3aa7d5549559c605619e56c974c", "size": 593, "path": "media/graph/graph_summary_b493978e282bf903f522.graph.json"}, "epoch": 199, "_timestamp": 1682074226.7095346, "loss": 0.20593470335006714, "mae": 0.4525294601917267, "mse": 0.20593470335006714, "val_loss": 0.2065490484237671, "val_mae": 0.45319461822509766, "val_mse": 0.2065490484237671, "lr": 9.999999747378752e-06, "_runtime": 1229.733021736145, "_step": 1799, "best_val_loss": 0.002010775962844491, "best_epoch": 191, "_wandb": {"runtime": 1229}}