{"graph": {"_type": "graph-file", "sha256": "873b789d83676eb56b8cca24ba5c35296627dc771d191de9a262465580e606c6", "size": 512, "path": "media/graph/graph_summary_873b789d83676eb56b8c.graph.json"}, "epoch": 149, "_timestamp": 1684289141.089031, "loss": 7.737576197541784e-06, "mae": 0.0018383162096142769, "mse": 7.737576197541784e-06, "val_loss": 7.552576789748855e-06, "val_mae": 0.0018302540993317962, "val_mse": 7.552576789748855e-06, "lr": 0.0002693750138860196, "_runtime": 6914.336314916611, "_step": 149, "best_val_loss": 7.469918273272924e-06, "best_epoch": 145, "_wandb": {"runtime": 6912}}