{"graph": {"_type": "graph-file", "sha256": "270d7efe005ab41e3f1a950e1ff63d7588c75044119188123434a2b8ab028922", "size": 593, "path": "media/graph/graph_summary_270d7efe005ab41e3f1a.graph.json"}, "epoch": 199, "_timestamp": 1682973466.8573096, "loss": 0.0008049321477301419, "mae": 0.019212445244193077, "mse": 0.0006491123931482434, "root_mean_squared_error": 0.025477683171629906, "val_loss": 0.0008465750142931938, "val_mae": 0.019626406952738762, "val_mse": 0.0006904792389832437, "val_root_mean_squared_error": 0.026276972144842148, "lr": 9.999999747378752e-06, "_runtime": 2592.3160536289215, "_step": 1999, "best_val_loss": 0.0007690072525292635, "best_epoch": 198, "_wandb": {"runtime": 2591}}