{"graph": {"_type": "graph-file", "sha256": "2ce8bb912586aaff0e6b05f61904e760f6a2e37a8ff99253a5a2b0b49ca226e1", "size": 1093, "path": "media/graph/graph_summary_2ce8bb912586aaff0e6b.graph.json"}, "epoch": 29, "_timestamp": 1682748835.4507914, "loss": 0.0019441618351265788, "mae": 0.0381988100707531, "mse": 0.0019441618351265788, "root_mean_squared_error": 0.04409264773130417, "val_loss": 0.001983002992346883, "val_mae": 0.03863326460123062, "val_mse": 0.001983002992346883, "val_root_mean_squared_error": 0.044530924409627914, "lr": 0.010670422576367855, "_runtime": 176.86886644363403, "_step": 269, "best_val_loss": 0.0019276299281045794, "best_epoch": 29, "_wandb": {"runtime": 175}}