{"graph": {"_type": "graph-file", "sha256": "e6a343afe123b34d9978ca10ce6339b1a7c1a890bfdc26f0d786b46df91b410c", "size": 1162, "path": "media/graph/graph_summary_e6a343afe123b34d9978.graph.json"}, "epoch": 49, "_timestamp": 1681069645.8235722, "loss": 0.0019144505495205522, "mae": 0.03787205368280411, "mse": 0.0019144158577546477, "val_loss": 0.0019500155467540026, "val_mae": 0.03830087184906006, "val_mse": 0.001949978293851018, "lr": 9.999999747378752e-06, "_runtime": 113.79809904098511, "_step": 49, "best_val_loss": 0.0019500064663589, "best_epoch": 30, "_wandb": {"runtime": 110}}