{"graph": {"_type": "graph-file", "sha256": "270d7efe005ab41e3f1a950e1ff63d7588c75044119188123434a2b8ab028922", "size": 593, "path": "media/graph/graph_summary_270d7efe005ab41e3f1a.graph.json"}, "epoch": 249, "_timestamp": 1684516487.0862505, "loss": 0.0012187572428956628, "mae": 0.02021920122206211, "mse": 0.0008660881430841982, "root_mean_squared_error": 0.029429376125335693, "val_loss": 0.0012109759263694286, "val_mae": 0.020089874044060707, "val_mse": 0.0008583088638260961, "val_root_mean_squared_error": 0.029296908527612686, "lr": 9.999999747378752e-06, "_runtime": 129.04711842536926, "_step": 249, "best_val_loss": 0.0012109250528737903, "best_epoch": 247, "_wandb": {"runtime": 127}}