{"graph": {"_type": "graph-file", "sha256": "4b8bebba67c69112d4044524e5dd200f6e7d7f4fbbd92873f26b0b59d3f2afbf", "size": 740, "path": "media/graph/graph_summary_4b8bebba67c69112d404.graph.json"}, "epoch": 49, "_timestamp": 1680965359.7042508, "loss": 0.0008763018413446844, "mae": 0.02516288496553898, "mse": 0.000848440220579505, "val_loss": 0.0009380212868563831, "val_mae": 0.026284050196409225, "val_mse": 0.0009101268369704485, "lr": 9.999999747378752e-06, "_runtime": 51.0491898059845, "_step": 49, "best_val_loss": 0.0009380212868563831, "best_epoch": 49, "_wandb": {"runtime": 50}}