{"graph": {"_type": "graph-file", "sha256": "d16f2a8ffd9d6371d87788843ed8cfdeb4c63a3ea987e3900a671535e86c2bd6", "size": 770, "path": "media/graph/graph_summary_d16f2a8ffd9d6371d877.graph.json"}, "epoch": 149, "_timestamp": 1682266639.0215712, "loss": 0.007567143999040127, "mae": 0.0751851499080658, "mse": 0.007567143999040127, "val_loss": 0.0075100199319422245, "val_mae": 0.07456815987825394, "val_mse": 0.0075100199319422245, "lr": 9.999999747378752e-06, "_runtime": 1196.4889011383057, "_step": 1349, "best_val_loss": 0.0075100199319422245, "best_epoch": 0, "_wandb": {"runtime": 1195}}