{"graph": {"_type": "graph-file", "sha256": "b1394f6ac533335fb212020ac6f35e5421f16e5eb784a19f319fca6203007e7f", "size": 1020, "path": "media/graph/graph_summary_b1394f6ac533335fb212.graph.json"}, "epoch": 49, "_timestamp": 1681840780.1475477, "loss": 0.0030993714462965727, "mae": 0.03934621065855026, "mse": 0.0021290567237883806, "val_loss": 0.0031216656789183617, "val_mae": 0.0396512970328331, "val_mse": 0.002179288538172841, "lr": 0.034319180995225906, "_runtime": 180.0588276386261, "_step": 449, "best_val_loss": 0.001999282045289874, "best_epoch": 49, "_wandb": {"runtime": 179}}