{"graph": {"_type": "graph-file", "sha256": "0aefe818bd72f5996af43d11f603b720f44ba087f2d08bd572ce3fd873a74083", "size": 593, "path": "media/graph/graph_summary_0aefe818bd72f5996af4.graph.json"}, "epoch": 19, "_timestamp": 1681898031.4789612, "loss": 0.0013589211739599705, "mae": 0.029655862599611282, "mse": 0.001270332490094006, "val_loss": 0.0013533595483750105, "val_mae": 0.02983671799302101, "val_mse": 0.001264725113287568, "lr": 9.999999747378752e-06, "_runtime": 141.35621619224548, "_step": 179, "best_val_loss": 0.0011004931293427944, "best_epoch": 18, "_wandb": {"runtime": 140}}