{"graph": {"_type": "graph-file", "sha256": "75392d8990f043329e5dc2bf9fcecb097c0f5dd75d79c6dc68580d2e66643c15", "size": 708, "path": "media/graph/graph_summary_75392d8990f043329e5d.graph.json"}, "epoch": 9, "_timestamp": 1680779201.2555351, "loss": 9.278975486755371, "mae": 0.023798387497663498, "mse": 0.0007707139593549073, "val_loss": 9.204621315002441, "val_mae": 0.024724118411540985, "val_mse": 0.0008123001316562295, "lr": 2.499999936844688e-05, "_runtime": 17.594674110412598, "_step": 9, "best_val_loss": 9.204621315002441, "best_epoch": 9, "_wandb": {"runtime": 17}}