{"graph": {"_type": "graph-file", "sha256": "8daf7e86f159484d71e9f7b752a36cceda20c4c5aba79e1280e99f4f67d66bb9", "size": 593, "path": "media/graph/graph_summary_8daf7e86f159484d71e9.graph.json"}, "epoch": 199, "_timestamp": 1684356541.5506613, "loss": 0.00122401665430516, "mae": 0.02380410209298134, "mse": 0.0009768478339537978, "root_mean_squared_error": 0.031254563480615616, "val_loss": 0.0012454587267711759, "val_mae": 0.02378673478960991, "val_mse": 0.000998266856186092, "val_root_mean_squared_error": 0.03159536048769951, "lr": 9.999999747378752e-06, "_runtime": 293.78380823135376, "_step": 199, "best_val_loss": 0.001245375955477357, "best_epoch": 188, "_wandb": {"runtime": 292}}