{"graph": {"_type": "graph-file", "sha256": "75392d8990f043329e5dc2bf9fcecb097c0f5dd75d79c6dc68580d2e66643c15", "size": 708, "path": "media/graph/graph_summary_75392d8990f043329e5d.graph.json"}, "epoch": 99, "_timestamp": 1680791941.0075374, "loss": 0.12321540713310242, "mae": 0.0247194804251194, "mse": 0.0008194108959287405, "val_loss": 0.1224428340792656, "val_mae": 0.025657666847109795, "val_mse": 0.0008650617091916502, "lr": 9.999999747378752e-06, "_runtime": 226.3455193042755, "_step": 99, "best_val_loss": 0.1224428340792656, "best_epoch": 99, "_wandb": {"runtime": 226}}