{"graph": {"_type": "graph-file", "sha256": "cc678f533c18f7d9985daf4d807a31dbfd5028b5a189edba88dc519d6a91627e", "size": 770, "path": "media/graph/graph_summary_cc678f533c18f7d9985d.graph.json"}, "epoch": 19, "_timestamp": 1682272004.3160286, "loss": 0.007567142136394978, "mae": 0.07518516480922699, "mse": 0.007567142136394978, "val_loss": 0.0075100199319422245, "val_mae": 0.07456815987825394, "val_mse": 0.0075100199319422245, "lr": 0.010383949615061283, "_runtime": 117.15138053894043, "_step": 179, "best_val_loss": 0.0075100199319422245, "best_epoch": 0, "_wandb": {"runtime": 116}}