{"graph": {"_type": "graph-file", "sha256": "e0a184a26e986dc740525893b56d09ec8f84e1e6eac0961e58ae4937a9171fd3", "size": 770, "path": "media/graph/graph_summary_e0a184a26e986dc74052.graph.json"}, "epoch": 149, "_timestamp": 1682254395.0208497, "loss": 0.007567142136394978, "mae": 0.07518516480922699, "mse": 0.007567143067717552, "val_loss": 0.007510020397603512, "val_mae": 0.07456816732883453, "val_mse": 0.007510020397603512, "lr": 9.999999747378752e-06, "_runtime": 105.77886462211609, "_step": 1349, "best_val_loss": 0.007510020397603512, "best_epoch": 0, "_wandb": {"runtime": 105}}