{"graph": {"_type": "graph-file", "sha256": "0aefe818bd72f5996af43d11f603b720f44ba087f2d08bd572ce3fd873a74083", "size": 593, "path": "media/graph/graph_summary_0aefe818bd72f5996af4.graph.json"}, "epoch": 149, "_timestamp": 1682029571.185062, "loss": 0.0007840300677344203, "mae": 0.02148393914103508, "mse": 0.0007030549459159374, "val_loss": 0.0007852076087146997, "val_mae": 0.021761495620012283, "val_mse": 0.0007040727068670094, "lr": 5.104276351630688e-05, "_runtime": 397.9507839679718, "_step": 1349, "best_val_loss": 0.0004460728960111737, "best_epoch": 133, "_wandb": {"runtime": 397}}