{"graph": {"_type": "graph-file", "sha256": "df8e4935b8b74e48dd1d54fe09cef80590f7137edd880d8559c803475e094662", "size": 618, "path": "media/graph/graph_summary_df8e4935b8b74e48dd1d.graph.json"}, "epoch": 0, "_timestamp": 1684693872.4354625, "loss": 1.4831809997558594, "mae": 0.09659765660762787, "mse": 0.03128058463335037, "root_mean_squared_error": 0.1768631786108017, "val_loss": 2.594001293182373, "val_mae": 0.025142837315797806, "val_mse": 0.0008712746785022318, "val_root_mean_squared_error": 0.029517361894249916, "lr": 0.04270000010728836, "_runtime": 6.183948516845703, "_step": 0, "best_val_loss": 2.594001293182373, "best_epoch": 0, "_wandb": {"runtime": 5}}