{"graph": {"_type": "graph-file", "sha256": "c43a6a08b8d95bcf8fd69640763fc6156f983d2fce3ea520ce9c63c2dc6a05bf", "size": 565, "path": "media/graph/graph_summary_c43a6a08b8d95bcf8fd6.graph.json"}, "epoch": 249, "_timestamp": 1684513776.8336456, "loss": 0.002074963180348277, "mae": 0.02531023882329464, "mse": 0.0008651654934510589, "root_mean_squared_error": 0.029413694515824318, "val_loss": 0.001996619626879692, "val_mae": 0.023716390132904053, "val_mse": 0.0007868593093007803, "val_root_mean_squared_error": 0.028051011264324188, "lr": 9.999999747378752e-06, "_runtime": 347.5737216472626, "_step": 249, "best_val_loss": 0.001996619626879692, "best_epoch": 249, "_wandb": {"runtime": 347}}