{"graph": {"_type": "graph-file", "sha256": "8ee11a5642e918da4823f30bf09a4758ea5a3a0b6678be01dcd63cd35338bf92", "size": 593, "path": "media/graph/graph_summary_8ee11a5642e918da4823.graph.json"}, "epoch": 49, "_timestamp": 1681571426.9128938, "loss": 0.0023667735513299704, "mae": 0.03697197884321213, "mse": 0.0018409830518066883, "val_loss": 0.0024142786860466003, "val_mae": 0.037472616881132126, "val_mse": 0.0018896602559834719, "lr": 9.999999747378752e-06, "_runtime": 74.26878380775452, "_step": 49, "best_val_loss": 0.0024142786860466003, "best_epoch": 49, "_wandb": {"runtime": 74}}