{"graph": {"_type": "graph-file", "sha256": "9bc7189b24d497184a211ecf0c9990edd106176e780992dcbe4311c61618a83a", "size": 593, "path": "media/graph/graph_summary_9bc7189b24d497184a21.graph.json"}, "epoch": 299, "_timestamp": 1684502924.629212, "loss": 0.0014774588635191321, "mae": 0.025384774431586266, "mse": 0.0011980688432231545, "root_mean_squared_error": 0.03461312875151634, "val_loss": 0.0016571551095694304, "val_mae": 0.027732551097869873, "val_mse": 0.001377764972858131, "val_root_mean_squared_error": 0.03711825609207153, "lr": 9.999999747378752e-06, "_runtime": 111.92679500579834, "_step": 299, "best_val_loss": 0.0016571469604969025, "best_epoch": 297, "_wandb": {"runtime": 110}}