{"graph": {"_type": "graph-file", "sha256": "c2730f699a8815555d62030bf12fb53135040e39d629e223366690c497265135", "size": 565, "path": "media/graph/graph_summary_c2730f699a8815555d62.graph.json"}, "epoch": 9, "_timestamp": 1682357593.7520816, "loss": 0.0012530161766335368, "mae": 0.02459760755300522, "mse": 0.0009934705449268222, "root_mean_squared_error": 0.031519368290901184, "val_loss": 0.0013359002768993378, "val_mae": 0.027780869975686073, "val_mse": 0.0012297702487558126, "val_root_mean_squared_error": 0.035068079829216, "lr": 0.09925000369548798, "_runtime": 8.377052545547485, "_step": 9, "best_val_loss": 0.0010832453845068812, "best_epoch": 8, "_wandb": {"runtime": 7}}