{"graph": {"_type": "graph-file", "sha256": "990ae9c1b79fe1689bac67b549c4549aea2a7b307ec8233ade511beef0831e56", "size": 774, "path": "media/graph/graph_summary_990ae9c1b79fe1689bac.graph.json"}, "epoch": 49, "_timestamp": 1682713537.170491, "loss": 0.6822338700294495, "mae": 0.8248147964477539, "mse": 0.6822338700294495, "root_mean_squared_error": 0.8259744644165039, "val_loss": 0.6832874417304993, "val_mae": 0.825431764125824, "val_mse": 0.6832874417304993, "val_root_mean_squared_error": 0.8266119360923767, "lr": 0.005881691817194223, "_runtime": 234.86798191070557, "_step": 449, "best_val_loss": 0.002553203608840704, "best_epoch": 1, "_wandb": {"runtime": 233}}