{"graph": {"_type": "graph-file", "sha256": "a08b533769a8ef6254b803f12c994e6b1b805a21260144814b0df7d153d2e0c1", "size": 733, "path": "media/graph/graph_summary_a08b533769a8ef6254b8.graph.json"}, "epoch": 149, "_timestamp": 1681904150.7217786, "loss": 0.0019143357640132308, "mae": 0.03787100687623024, "mse": 0.0019143355311825871, "val_loss": 0.0019499787595123053, "val_mae": 0.03830086812376976, "val_mse": 0.0019499786430969834, "lr": 9.999999747378752e-06, "_runtime": 88.08072972297668, "_step": 1349, "best_val_loss": 0.0019497047178447247, "best_epoch": 75, "_wandb": {"runtime": 87}}