{"graph": {"_type": "graph-file", "sha256": "16e225f8a91dc50038e6ae36a290b1a41cac67db30734472177e9606833ffbcb", "size": 1089, "path": "media/graph/graph_summary_16e225f8a91dc50038e6.graph.json"}, "epoch": 49, "_timestamp": 1682749817.1463869, "loss": 0.0019276449456810951, "mae": 0.038010116666555405, "mse": 0.0019276449456810951, "root_mean_squared_error": 0.043904952704906464, "val_loss": 0.0019634184427559376, "val_mae": 0.03843811899423599, "val_mse": 0.0019634184427559376, "val_root_mean_squared_error": 0.04431047663092613, "lr": 0.0024419825058430433, "_runtime": 182.11290097236633, "_step": 449, "best_val_loss": 0.0018147773807868361, "best_epoch": 49, "_wandb": {"runtime": 180}}