{"graph": {"_type": "graph-file", "sha256": "147d32a9bcaf37f93815f217b7232d693b1a69f5c6bbdd36718c12313dfb9e0a", "size": 593, "path": "media/graph/graph_summary_147d32a9bcaf37f93815.graph.json"}, "epoch": 9, "_timestamp": 1682437001.5368786, "loss": 0.0016843994380906224, "mae": 0.0313413180410862, "mse": 0.0014321883209049702, "root_mean_squared_error": 0.03784426301717758, "R2": 0.22079595923423767, "val_loss": 0.001478206249885261, "val_mae": 0.03064856119453907, "val_mse": 0.0013075887691229582, "val_root_mean_squared_error": 0.03616059571504593, "val_R2": -549.918701171875, "lr": 0.09925000369548798, "_runtime": 9.397551536560059, "_step": 9, "best_val_loss": 0.001478206249885261, "best_epoch": 9, "_wandb": {"runtime": 9}}