{"graph": {"_type": "graph-file", "sha256": "e69dad264e70d5b54e07e1a9225fd75d5e30853f78f90278e365c352554c5dd6", "size": 593, "path": "media/graph/graph_summary_e69dad264e70d5b54e07.graph.json"}, "epoch": 49, "_timestamp": 1681747305.813248, "loss": 0.002333840588107705, "mae": 0.03830975666642189, "mse": 0.0019728525076061487, "val_loss": 0.002378883073106408, "val_mae": 0.03866598382592201, "val_mse": 0.0020179010462015867, "lr": 9.999999747378752e-06, "_runtime": 142.09856796264648, "_step": 449, "best_val_loss": 0.0019882258493453264, "best_epoch": 49, "_wandb": {"runtime": 141}}