{"graph": {"_type": "graph-file", "sha256": "270d7efe005ab41e3f1a950e1ff63d7588c75044119188123434a2b8ab028922", "size": 593, "path": "media/graph/graph_summary_270d7efe005ab41e3f1a.graph.json"}, "epoch": 199, "_timestamp": 1682957632.1302972, "loss": 0.0015075119445100427, "mae": 0.027466807514429092, "mse": 0.0013479553163051605, "root_mean_squared_error": 0.03671450912952423, "val_loss": 0.0015680920332670212, "val_mae": 0.028040992096066475, "val_mse": 0.0014085144503042102, "val_root_mean_squared_error": 0.03753018006682396, "lr": 9.999999747378752e-06, "_runtime": 2617.4623222351074, "_step": 1999, "best_val_loss": 0.0013354775728657842, "best_epoch": 199, "_wandb": {"runtime": 2616}}