{"graph": {"_type": "graph-file", "sha256": "c43a6a08b8d95bcf8fd69640763fc6156f983d2fce3ea520ce9c63c2dc6a05bf", "size": 565, "path": "media/graph/graph_summary_c43a6a08b8d95bcf8fd6.graph.json"}, "epoch": 699, "_timestamp": 1684443623.5810537, "loss": 0.0002415133931208402, "mae": 0.011573322117328644, "mse": 0.00018677803745958954, "root_mean_squared_error": 0.013666676357388496, "val_loss": 0.0002566305047366768, "val_mae": 0.012089061550796032, "val_mse": 0.00020185035828035325, "val_root_mean_squared_error": 0.014207405038177967, "lr": 9.999999747378752e-06, "_runtime": 413.4939868450165, "_step": 699, "best_val_loss": 0.0002566305047366768, "best_epoch": 699, "_wandb": {"runtime": 413}}