{"graph": {"_type": "graph-file", "sha256": "9834f803ecaeab995a9d5ba351cd482d2b3c18197192235f6b8714b79da5eac5", "size": 1038, "path": "media/graph/graph_summary_9834f803ecaeab995a9d.graph.json"}, "epoch": 49, "_timestamp": 1680888736.7086766, "loss": 0.008516167290508747, "mae": 0.027876224368810654, "mse": 0.0011468862649053335, "val_loss": 0.008109337650239468, "val_mae": 0.02555958554148674, "val_mse": 0.0008605516632087529, "lr": 9.999999747378752e-06, "_runtime": 104.80922651290894, "_step": 49, "best_val_loss": 0.008109337650239468, "best_epoch": 49, "_wandb": {"runtime": 105}}