{"graph": {"_type": "graph-file", "sha256": "c2730f699a8815555d62030bf12fb53135040e39d629e223366690c497265135", "size": 565, "path": "media/graph/graph_summary_c2730f699a8815555d62.graph.json"}, "epoch": 9, "_timestamp": 1682356842.4195247, "loss": 0.00108755799010396, "mae": 0.023449208587408066, "mse": 0.0009016242111101747, "val_loss": 0.0014524677535519004, "val_mae": 0.027801629155874252, "val_mse": 0.0012024942552670836, "lr": 0.09925000369548798, "_runtime": 10.802765607833862, "_step": 9, "best_val_loss": 0.0010361302411183715, "best_epoch": 8, "_wandb": {"runtime": 10}}