{"graph": {"_type": "graph-file", "sha256": "0c7f5c67bd32973465916e844429dc2d09aaf6ada968067607dbe794ad679471", "size": 771, "path": "media/graph/graph_summary_0c7f5c67bd3297346591.graph.json"}, "epoch": 199, "_timestamp": 1682255307.5162947, "loss": 0.00756714167073369, "mae": 0.07518516480922699, "mse": 0.00756714167073369, "val_loss": 0.007510020397603512, "val_mae": 0.07456815987825394, "val_mse": 0.007510020397603512, "lr": 9.999999747378752e-06, "_runtime": 711.2227597236633, "_step": 1799, "best_val_loss": 0.007510020397603512, "best_epoch": 0, "_wandb": {"runtime": 710}}