{"graph": {"_type": "graph-file", "sha256": "83adf49373329c083989913f151e3f6263af3a6919b1f6b98d43c7f799ad0fba", "size": 886, "path": "media/graph/graph_summary_83adf49373329c083989.graph.json"}, "epoch": 49, "_timestamp": 1680967194.2135909, "loss": 0.0008192851091735065, "mae": 0.02471727877855301, "mse": 0.0008192563545890152, "val_loss": 0.000865266949404031, "val_mae": 0.02566266991198063, "val_mse": 0.0008652390679344535, "lr": 9.999999747378752e-06, "_runtime": 71.75470685958862, "_step": 49, "best_val_loss": 0.000865264271851629, "best_epoch": 45, "_wandb": {"runtime": 70}}