{"graph": {"_type": "graph-file", "sha256": "d16f2a8ffd9d6371d87788843ed8cfdeb4c63a3ea987e3900a671535e86c2bd6", "size": 770, "path": "media/graph/graph_summary_d16f2a8ffd9d6371d877.graph.json"}, "epoch": 199, "_timestamp": 1682267731.796708, "loss": 0.007567142602056265, "mae": 0.07518517225980759, "mse": 0.007567142602056265, "val_loss": 0.0075100199319422245, "val_mae": 0.07456816732883453, "val_mse": 0.00751001900061965, "lr": 9.999999747378752e-06, "_runtime": 412.21289801597595, "_step": 1799, "best_val_loss": 0.0075100199319422245, "best_epoch": 0, "_wandb": {"runtime": 411}}