{"graph": {"_type": "graph-file", "sha256": "1f75b398ea270f4f47bbc9089dacee8688d8d34b47d5df5c79d08d3d2091a5d1", "size": 1078, "path": "media/graph/graph_summary_1f75b398ea270f4f47bb.graph.json"}, "epoch": 149, "_timestamp": 1684866107.7298205, "loss": 0.00341333681717515, "mae": 0.050627291202545166, "mse": 0.00341333681717515, "root_mean_squared_error": 0.05842377245426178, "val_loss": 0.003347258549183607, "val_mae": 0.04997694492340088, "val_mse": 0.003347258549183607, "val_root_mean_squared_error": 0.05785549804568291, "lr": 2.6128964236704633e-05, "_runtime": 114.93169045448303, "_step": 149, "best_val_loss": 0.003346378216519952, "best_epoch": 61, "_wandb": {"runtime": 113}}