{"graph": {"_type": "graph-file", "sha256": "79b08f6778947b3bc8a78ef05d3dff856660767dcb2583e232a2bb59d0e5856f", "size": 593, "path": "media/graph/graph_summary_79b08f6778947b3bc8a7.graph.json"}, "epoch": 299, "_timestamp": 1684440382.391335, "loss": 0.0021925654727965593, "mae": 0.03696358576416969, "mse": 0.0019331880612298846, "root_mean_squared_error": 0.04396803304553032, "val_loss": 0.0022958784829825163, "val_mae": 0.038110509514808655, "val_mse": 0.002036480698734522, "val_root_mean_squared_error": 0.04512738436460495, "lr": 9.999999747378752e-06, "_runtime": 196.7670910358429, "_step": 299, "best_val_loss": 0.0022938083857297897, "best_epoch": 181, "_wandb": {"runtime": 195}}