{"graph": {"_type": "graph-file", "sha256": "b316eee0dfc40bd7c8e1929c43f8e902fe191e80a511242ecb95b21fce8e25cb", "size": 877, "path": "media/graph/graph_summary_b316eee0dfc40bd7c8e1.graph.json"}, "epoch": 149, "_timestamp": 1681902078.1671634, "loss": 0.00675283232703805, "mae": 0.04062752425670624, "mse": 0.002322589512914419, "val_loss": 0.0068132891319692135, "val_mae": 0.04098345711827278, "val_mse": 0.0023831771686673164, "lr": 9.999999747378752e-06, "_runtime": 552.3851964473724, "_step": 1349, "best_val_loss": 0.0020587097387760878, "best_epoch": 149, "_wandb": {"runtime": 549}}