{"graph": {"_type": "graph-file", "sha256": "c188527d111ef06c4b9a8fc8fd758d3e154050c8338492ecae9e444564ad07bb", "size": 1093, "path": "media/graph/graph_summary_c188527d111ef06c4b9a.graph.json"}, "epoch": 19, "_timestamp": 1682747675.687149, "loss": 0.0019275166559964418, "mae": 0.03802488371729851, "mse": 0.0019275166559964418, "root_mean_squared_error": 0.04390348494052887, "val_loss": 0.0019650550093501806, "val_mae": 0.03848757967352867, "val_mse": 0.0019650550093501806, "val_root_mean_squared_error": 0.04432894289493561, "lr": 0.0055644335225224495, "_runtime": 117.92053699493408, "_step": 179, "best_val_loss": 0.0019152088789269328, "best_epoch": 18, "_wandb": {"runtime": 116}}