{"graph": {"_type": "graph-file", "sha256": "50c0ac54b12eaef92caa2bb76e95c30e19f641047844ef9ce739012bbf621497", "size": 740, "path": "media/graph/graph_summary_50c0ac54b12eaef92caa.graph.json"}, "epoch": 0, "_timestamp": 1681311690.656022, "loss": 13.80945110321045, "mae": 0.06956075131893158, "mse": 0.018239574506878853, "val_loss": 12.056238174438477, "val_mae": 0.03853394091129303, "val_mse": 0.001995729748159647, "lr": 0.009999999776482582, "_runtime": 3.8062150478363037, "_step": 0, "best_val_loss": 12.056238174438477, "best_epoch": 0, "_wandb": {"runtime": 3}}