{"graph": {"_type": "graph-file", "sha256": "176169cf2e260c4e7952ee4b83eff6f50cad3ac87c622524399efdf7ec9ca59a", "size": 593, "path": "media/graph/graph_summary_176169cf2e260c4e7952.graph.json"}, "epoch": 299, "_timestamp": 1684485397.1234481, "loss": 0.000665931380353868, "mae": 0.020039398223161697, "mse": 0.0005880462704226375, "root_mean_squared_error": 0.024249665439128876, "val_loss": 0.0006890248623676598, "val_mae": 0.020644286647439003, "val_mse": 0.0006111437105573714, "val_root_mean_squared_error": 0.02472132071852684, "lr": 9.999999747378752e-06, "_runtime": 553.1329021453857, "_step": 299, "best_val_loss": 0.0006890248623676598, "best_epoch": 299, "_wandb": {"runtime": 553}}