{"graph": {"_type": "graph-file", "sha256": "6d2094e3381b6492aed166b1c5f4abecc36d780191c165c03d0de946a37cbc6a", "size": 593, "path": "media/graph/graph_summary_6d2094e3381b6492aed1.graph.json"}, "epoch": 49, "_timestamp": 1682020401.0947049, "loss": 0.0019909453112632036, "mae": 0.03797818347811699, "mse": 0.0019247836899012327, "val_loss": 0.002029387978836894, "val_mae": 0.03837002441287041, "val_mse": 0.0019654668867588043, "lr": 0.0047057634219527245, "_runtime": 405.9515268802643, "_step": 449, "best_val_loss": 0.0019496215973049402, "best_epoch": 17, "_wandb": {"runtime": 405}}