{"graph": {"_type": "graph-file", "sha256": "e8b3b2e54a8856e2568c3b63a0f1ad6d2daee8231ecc595c0bcf3d9d7dcdcfc3", "size": 1383, "path": "media/graph/graph_summary_e8b3b2e54a8856e2568c.graph.json"}, "epoch": 299, "_timestamp": 1684955587.7616413, "loss": 0.2010144293308258, "mae": 0.4397718012332916, "mse": 0.2010144293308258, "root_mean_squared_error": 0.448346346616745, "val_loss": 0.2019420713186264, "val_mae": 0.4409123957157135, "val_mse": 0.2019420713186264, "val_root_mean_squared_error": 0.44937965273857117, "lr": 9.999999747378752e-06, "_runtime": 380.52539014816284, "_step": 299, "best_val_loss": 0.20194204151630402, "best_epoch": 0, "_wandb": {"runtime": 378}}