{"graph": {"_type": "graph-file", "sha256": "72138fb67ac71295e9f08c6c7a189134ccf1ef8c1f6e61be17b71e560201467b", "size": 776, "path": "media/graph/graph_summary_72138fb67ac71295e9f0.graph.json"}, "epoch": 29, "_timestamp": 1682713644.274636, "loss": 0.8115811347961426, "mae": 0.8998149633407593, "mse": 0.8115811347961426, "root_mean_squared_error": 0.9008780717849731, "val_loss": 0.8127272129058838, "val_mae": 0.9004319310188293, "val_mse": 0.8127272129058838, "val_root_mean_squared_error": 0.9015138745307922, "lr": 0.026225529611110687, "_runtime": 95.67914414405823, "_step": 269, "best_val_loss": 0.004492978565394878, "best_epoch": 16, "_wandb": {"runtime": 94}}