{"graph": {"_type": "graph-file", "sha256": "3bbdce88d9cd89369ccbf4a7ea53f51b617e547a1d28c62ccfc743b53774aa3a", "size": 776, "path": "media/graph/graph_summary_3bbdce88d9cd89369ccb.graph.json"}, "epoch": 49, "_timestamp": 1682714047.4404767, "loss": 0.6822338700294495, "mae": 0.8248146176338196, "mse": 0.6822338700294495, "root_mean_squared_error": 0.8259745240211487, "val_loss": 0.6832873821258545, "val_mae": 0.8254320025444031, "val_mse": 0.6832873821258545, "val_root_mean_squared_error": 0.8266118764877319, "lr": 0.005574636626988649, "_runtime": 207.4445836544037, "_step": 449, "best_val_loss": 0.002553205471485853, "best_epoch": 24, "_wandb": {"runtime": 206}}