{"graph": {"_type": "graph-file", "sha256": "e927d91e41dfa27f8c5dfc4cc5c5429a7dbfc6366dd266097a875a5b060a60f3", "size": 1095, "path": "media/graph/graph_summary_e927d91e41dfa27f8c5d.graph.json"}, "epoch": 49, "_timestamp": 1682778181.9241104, "loss": 0.00032721884781494737, "mae": 0.014508895576000214, "mse": 0.00032721884781494737, "root_mean_squared_error": 0.018089190125465393, "val_loss": 0.00028547478723339736, "val_mae": 0.01300960686057806, "val_mse": 0.00028547478723339736, "val_root_mean_squared_error": 0.016896001994609833, "lr": 0.014382305555045605, "_runtime": 583.7418444156647, "_step": 449, "best_val_loss": 0.00014707450463902205, "best_epoch": 47, "_wandb": {"runtime": 582}}