{"graph": {"_type": "graph-file", "sha256": "edb43287dce377d98f2aaf1381c3ce628466e3596abe716655f2628c6cc8a006", "size": 487, "path": "media/graph/graph_summary_edb43287dce377d98f2a.graph.json"}, "epoch": 99, "_timestamp": 1682499630.9855616, "loss": 8.387258276343346e-05, "mae": 0.007018289528787136, "mse": 8.387258276343346e-05, "root_mean_squared_error": 0.009158197790384293, "val_loss": 8.372986485483125e-05, "val_mae": 0.007101327180862427, "val_mse": 8.372986485483125e-05, "val_root_mean_squared_error": 0.009150402620434761, "lr": 0.0021550001110881567, "_runtime": 661.4233555793762, "_step": 99, "best_val_loss": 8.09038829174824e-05, "best_epoch": 97, "_wandb": {"runtime": 660}}