{"graph": {"_type": "graph-file", "sha256": "11d901694bbcdf0cedaf33080226f27cdeb61547d6a657cd4426a5fc982e0ec6", "size": 875, "path": "media/graph/graph_summary_11d901694bbcdf0cedaf.graph.json"}, "epoch": 19, "_timestamp": 1681887676.6846716, "loss": 0.0019763850141316652, "mae": 0.037995148450136185, "mse": 0.0019292582292109728, "val_loss": 0.0020168002229183912, "val_mae": 0.038370512425899506, "val_mse": 0.001969679957255721, "lr": 3.228419882361777e-05, "_runtime": 73.82788062095642, "_step": 179, "best_val_loss": 0.0019496807362884283, "best_epoch": 6, "_wandb": {"runtime": 73}}