{"graph": {"_type": "graph-file", "sha256": "7f1fd23b326056fe63d6a1543b6bc386469c2bc1fe39727aedd15d674292e014", "size": 590, "path": "media/graph/graph_summary_7f1fd23b326056fe63d6.graph.json"}, "epoch": 49, "_timestamp": 1681574851.4038231, "loss": 0.0033029241021722555, "mae": 0.03779379650950432, "mse": 0.0019241946283727884, "val_loss": 0.0033570353407412767, "val_mae": 0.038252007216215134, "val_mse": 0.0019799601286649704, "lr": 9.999999747378752e-06, "_runtime": 79.84789109230042, "_step": 49, "best_val_loss": 0.0033570353407412767, "best_epoch": 49, "_wandb": {"runtime": 79}}