{"graph": {"_type": "graph-file", "sha256": "20e35673a78840d8e0b54e123f95393a3ade2a2f46ebb7dab97e4e71442de47a", "size": 487, "path": "media/graph/graph_summary_20e35673a78840d8e0b5.graph.json"}, "epoch": 49, "_timestamp": 1682451165.81242, "loss": 0.0005567013286054134, "mae": 0.0186746958643198, "mse": 0.0005567013286054134, "root_mean_squared_error": 0.02359451726078987, "val_loss": 0.0005196825368329883, "val_mae": 0.018030798062682152, "val_mse": 0.0005196825368329883, "val_root_mean_squared_error": 0.022796547040343285, "lr": 0.017240000888705254, "_runtime": 169.12861800193787, "_step": 49, "best_val_loss": 0.00030463392613455653, "best_epoch": 16, "_wandb": {"runtime": 167}}