{"graph": {"_type": "graph-file", "sha256": "e4def95dab38e204f9cc3d9217ce00f5a4c813a6188e60bf39be3292617d8dfd", "size": 1185, "path": "media/graph/graph_summary_e4def95dab38e204f9cc.graph.json"}, "epoch": 49, "_timestamp": 1680968912.2984383, "loss": 0.0008192865061573684, "mae": 0.024716969579458237, "mse": 0.0008192484965547919, "val_loss": 0.0008652830729261041, "val_mae": 0.025663839653134346, "val_mse": 0.0008652476826682687, "lr": 9.999999747378752e-06, "_runtime": 179.34479522705078, "_step": 49, "best_val_loss": 0.000865275738760829, "best_epoch": 39, "_wandb": {"runtime": 178}}