{"graph": {"_type": "graph-file", "sha256": "6fac7d091b65a71ded3c5b342cdcf87e25b5dd75f9c1c6f85838de31b223c898", "size": 593, "path": "media/graph/graph_summary_6fac7d091b65a71ded3c.graph.json"}, "epoch": 199, "_timestamp": 1682969284.227191, "loss": 0.001185893197543919, "mae": 0.027704104781150818, "mse": 0.0010811534011736512, "root_mean_squared_error": 0.03288089856505394, "val_loss": 0.0012241486692801118, "val_mae": 0.028024762868881226, "val_mse": 0.0011175619438290596, "val_root_mean_squared_error": 0.03342995420098305, "lr": 0.00010234263754682615, "_runtime": 3280.9802498817444, "_step": 1999, "best_val_loss": 0.000732062675524503, "best_epoch": 195, "_wandb": {"runtime": 3279}}