{"graph": {"_type": "graph-file", "sha256": "11d901694bbcdf0cedaf33080226f27cdeb61547d6a657cd4426a5fc982e0ec6", "size": 875, "path": "media/graph/graph_summary_11d901694bbcdf0cedaf.graph.json"}, "epoch": 49, "_timestamp": 1681826288.0881915, "loss": 0.0019143486861139536, "mae": 0.037871554493904114, "mse": 0.0019143462413921952, "val_loss": 0.0019500897033140063, "val_mae": 0.03829971328377724, "val_mse": 0.0019500876078382134, "lr": 9.999999747378752e-06, "_runtime": 426.89466643333435, "_step": 449, "best_val_loss": 0.001949892845004797, "best_epoch": 36, "_wandb": {"runtime": 426}}