{"graph": {"_type": "graph-file", "sha256": "f1406ad1b15778a053e3496bedb6b2630ef1420cd2210017aef6a4767df2ad9a", "size": 593, "path": "media/graph/graph_summary_f1406ad1b15778a053e3.graph.json"}, "epoch": 699, "_timestamp": 1684447692.5165753, "loss": 0.0024155143182724714, "mae": 0.03483632579445839, "mse": 0.0022886095102876425, "root_mean_squared_error": 0.047839414328336716, "val_loss": 0.0024640990886837244, "val_mae": 0.03531176969408989, "val_mse": 0.0023371907882392406, "val_root_mean_squared_error": 0.04834450036287308, "lr": 9.999999747378752e-06, "_runtime": 458.8861663341522, "_step": 699, "best_val_loss": 0.002463607583194971, "best_epoch": 685, "_wandb": {"runtime": 456}}