{"graph": {"_type": "graph-file", "sha256": "950433781f1be1eb8b2fa86c6dd06202468958480c11a6f5d3ff076f636d68ec", "size": 579, "path": "media/graph/graph_summary_950433781f1be1eb8b2f.graph.json"}, "epoch": 9, "_timestamp": 1682436860.54703, "loss": 0.0035224342718720436, "mae": 0.0509125217795372, "mse": 0.0034556789323687553, "root_mean_squared_error": 0.05878502130508423, "R2": -0.05370339751243591, "val_loss": 0.0034303145948797464, "val_mae": 0.050338905304670334, "val_mse": 0.003411141922697425, "val_root_mean_squared_error": 0.05840498208999634, "val_R2": -0.03209620341658592, "lr": 0.09925000369548798, "_runtime": 11.530751943588257, "_step": 9, "best_val_loss": 0.0034131035208702087, "best_epoch": 6, "_wandb": {"runtime": 10}}