{"graph": {"_type": "graph-file", "sha256": "29b5b799b1e7b3fddedde8122e71ea1d9d5a5a9681e77a2a272b7ce09acb9c7a", "size": 582, "path": "media/graph/graph_summary_29b5b799b1e7b3fddedd.graph.json"}, "epoch": 49, "_timestamp": 1681572490.6948242, "loss": 0.002108075190335512, "mae": 0.0367150604724884, "mse": 0.00181785156019032, "val_loss": 0.0021385662257671356, "val_mae": 0.0371413491666317, "val_mse": 0.0018485913751646876, "lr": 9.999999747378752e-06, "_runtime": 77.78620028495789, "_step": 49, "best_val_loss": 0.0021385662257671356, "best_epoch": 49, "_wandb": {"runtime": 77}}