{"graph": {"_type": "graph-file", "sha256": "74eb4da14a7946959beab73ae4b7d6b7e56fceec427c0e71a986e6b2ab3ab4cb", "size": 579, "path": "media/graph/graph_summary_74eb4da14a7946959bea.graph.json"}, "epoch": 499, "_timestamp": 1684526108.4670784, "loss": 0.0010965390829369426, "mae": 0.023993059992790222, "mse": 0.0009750928729772568, "root_mean_squared_error": 0.031226476654410362, "val_loss": 0.0011235902784392238, "val_mae": 0.024159854277968407, "val_mse": 0.0010021463967859745, "val_root_mean_squared_error": 0.031656697392463684, "lr": 9.999999747378752e-06, "_runtime": 467.42698335647583, "_step": 499, "best_val_loss": 0.0011235809652134776, "best_epoch": 498, "_wandb": {"runtime": 465}}