{"graph": {"_type": "graph-file", "sha256": "856f18b2905a60156df8807ba87e6cf1233ce7268ed552f6dd4cfd776f5a321f", "size": 773, "path": "media/graph/graph_summary_856f18b2905a60156df8.graph.json"}, "epoch": 49, "_timestamp": 1682711559.1089036, "loss": 0.8553482890129089, "mae": 0.923814594745636, "mse": 0.8553482890129089, "root_mean_squared_error": 0.9248504042625427, "val_loss": 0.8565239310264587, "val_mae": 0.9244320392608643, "val_mse": 0.8565239310264587, "val_root_mean_squared_error": 0.9254857301712036, "lr": 9.877372212940827e-05, "_runtime": 797.1161556243896, "_step": 449, "best_val_loss": 0.007489706389605999, "best_epoch": 0, "_wandb": {"runtime": 796}}