{"graph": {"_type": "graph-file", "sha256": "950433781f1be1eb8b2fa86c6dd06202468958480c11a6f5d3ff076f636d68ec", "size": 579, "path": "media/graph/graph_summary_950433781f1be1eb8b2f.graph.json"}, "epoch": 9, "_timestamp": 1682436667.7542028, "loss": 0.0023197911214083433, "mae": 0.033073920756578445, "mse": 0.0017478103982284665, "root_mean_squared_error": 0.041806820780038834, "R2": 0.46349188685417175, "val_loss": 0.0017806441755965352, "val_mae": 0.030252259224653244, "val_mse": 0.0015172709245234728, "val_root_mean_squared_error": 0.03895216062664986, "val_R2": 0.5442370772361755, "lr": 0.09925000369548798, "_runtime": 10.80966591835022, "_step": 9, "best_val_loss": 0.0017806441755965352, "best_epoch": 9, "_wandb": {"runtime": 10}}