{"graph": {"_type": "graph-file", "sha256": "2f919c557712f28929ab57799c6fba802a82c13dca7cbc8a8492a809bd9df90f", "size": 767, "path": "media/graph/graph_summary_2f919c557712f28929ab.graph.json"}, "epoch": 149, "_timestamp": 1682794689.9176917, "loss": 0.007567142602056265, "mae": 0.07518517971038818, "mse": 0.007567142602056265, "root_mean_squared_error": 0.08698932826519012, "val_loss": 0.007510020863264799, "val_mae": 0.07456815987825394, "val_mse": 0.007510020863264799, "val_root_mean_squared_error": 0.08666037768125534, "lr": 4.443114812602289e-05, "_runtime": 1157.8312306404114, "_step": 1349, "best_val_loss": 0.007510020863264799, "best_epoch": 0, "_wandb": {"runtime": 1156}}