{"graph": {"_type": "graph-file", "sha256": "6a9d7a2a323afbcd2182fd7a093459b31a045313ab1080a56d2c0de5b25e8ecd", "size": 565, "path": "media/graph/graph_summary_6a9d7a2a323afbcd2182.graph.json"}, "epoch": 35, "_timestamp": 1681572035.0104105, "loss": 0.0031278966926038265, "mae": 0.036949459463357925, "mse": 0.0018373718485236168, "val_loss": 0.003131785662844777, "val_mae": 0.037152595818042755, "val_mse": 0.001841645105741918, "lr": 1.5625000742147677e-05, "_runtime": 52.776296615600586, "_step": 35, "best_val_loss": 0.003131785662844777, "best_epoch": 35}