{"graph": {"_type": "graph-file", "sha256": "55acd7f14b5d09cf5be96a54970fdb62416129f00f77be3de4347f83aaf02d2f", "size": 593, "path": "media/graph/graph_summary_55acd7f14b5d09cf5be9.graph.json"}, "epoch": 49, "_timestamp": 1681571570.3307776, "loss": 0.0030263906810432673, "mae": 0.036954935640096664, "mse": 0.0018459490966051817, "val_loss": 0.0030803249683231115, "val_mae": 0.03744702786207199, "val_mse": 0.0019004453206434846, "lr": 9.999999747378752e-06, "_runtime": 77.91458368301392, "_step": 49, "best_val_loss": 0.0030803249683231115, "best_epoch": 49, "_wandb": {"runtime": 77}}