{"graph": {"_type": "graph-file", "sha256": "1ac42279a8a8ee75daecbd716f2cfd7ba2fd41eaabde548ec7ec7a227be58735", "size": 579, "path": "media/graph/graph_summary_1ac42279a8a8ee75daec.graph.json"}, "epoch": 299, "_timestamp": 1684506849.3307896, "loss": 0.0014488095184788108, "mae": 0.025478828698396683, "mse": 0.0008547457400709391, "root_mean_squared_error": 0.02923603355884552, "val_loss": 0.001371835358440876, "val_mae": 0.023763423785567284, "val_mse": 0.000777783861849457, "val_root_mean_squared_error": 0.02788877673447132, "lr": 9.999999747378752e-06, "_runtime": 291.65087056159973, "_step": 299, "best_val_loss": 0.001371835358440876, "best_epoch": 299, "_wandb": {"runtime": 291}}