{"graph": {"_type": "graph-file", "sha256": "8b395b21744e0a1fd3661391ec2e6a47e6486228294a3b88234c0f916cfe114f", "size": 593, "path": "media/graph/graph_summary_8b395b21744e0a1fd366.graph.json"}, "epoch": 9, "_timestamp": 1682357656.8352356, "loss": 0.0015154484426602721, "mae": 0.029839562252163887, "mse": 0.0013134897453710437, "root_mean_squared_error": 0.03624209761619568, "val_loss": 0.0013119496870785952, "val_mae": 0.02858283743262291, "val_mse": 0.00118247012142092, "val_root_mean_squared_error": 0.03438706323504448, "lr": 0.09925000369548798, "_runtime": 6.267112493515015, "_step": 9, "best_val_loss": 0.0013119496870785952, "best_epoch": 9, "_wandb": {"runtime": 5}}