{"graph": {"_type": "graph-file", "sha256": "b1394f6ac533335fb212020ac6f35e5421f16e5eb784a19f319fca6203007e7f", "size": 1020, "path": "media/graph/graph_summary_b1394f6ac533335fb212.graph.json"}, "epoch": 19, "_timestamp": 1681840444.2057085, "loss": 0.0022416666615754366, "mae": 0.03889225795865059, "mse": 0.002056944416835904, "val_loss": 0.0021435103844851255, "val_mae": 0.03847912698984146, "val_mse": 0.0019888191018253565, "lr": 0.01797538436949253, "_runtime": 71.24057149887085, "_step": 179, "best_val_loss": 0.001950728939846158, "best_epoch": 16, "_wandb": {"runtime": 70}}