{"graph": {"_type": "graph-file", "sha256": "1decabd47f2c28dcf528126d859e862e1dd20593277835a5824df98c683c962f", "size": 767, "path": "media/graph/graph_summary_1decabd47f2c28dcf528.graph.json"}, "epoch": 19, "_timestamp": 1682719024.1576028, "loss": 0.00756714167073369, "mae": 0.07518516480922699, "mse": 0.00756714167073369, "root_mean_squared_error": 0.08698932081460953, "val_loss": 0.0075100199319422245, "val_mae": 0.07456817477941513, "val_mse": 0.0075100199319422245, "val_root_mean_squared_error": 0.08666037023067474, "lr": 0.022600917145609856, "_runtime": 85.51307773590088, "_step": 179, "best_val_loss": 0.0075100199319422245, "best_epoch": 0, "_wandb": {"runtime": 84}}