{"graph": {"_type": "graph-file", "sha256": "74eb4da14a7946959beab73ae4b7d6b7e56fceec427c0e71a986e6b2ab3ab4cb", "size": 579, "path": "media/graph/graph_summary_74eb4da14a7946959bea.graph.json"}, "epoch": 249, "_timestamp": 1684404978.8592193, "loss": 0.0006878393469378352, "mae": 0.016525225713849068, "mse": 0.000560634071007371, "root_mean_squared_error": 0.023677712306380272, "val_loss": 0.0007227479945868254, "val_mae": 0.01689542457461357, "val_mse": 0.0005955060478299856, "val_root_mean_squared_error": 0.02440299279987812, "lr": 9.999999747378752e-06, "_runtime": 418.4546253681183, "_step": 249, "best_val_loss": 0.0007227479945868254, "best_epoch": 249, "_wandb": {"runtime": 418}}