{"graph": {"_type": "graph-file", "sha256": "15663a1f799477fd690ba99abe6fcdb1912af51af4276c79aad70ae2c67d990c", "size": 1092, "path": "media/graph/graph_summary_15663a1f799477fd690b.graph.json"}, "epoch": 29, "_timestamp": 1682769692.4667218, "loss": 0.00044885484385304153, "mae": 0.01665234938263893, "mse": 0.00044885484385304153, "root_mean_squared_error": 0.02118619531393051, "val_loss": 0.0003971605037804693, "val_mae": 0.014934336766600609, "val_mse": 0.0003971605037804693, "val_root_mean_squared_error": 0.019928885623812675, "lr": 0.00869721919298172, "_runtime": 477.9163746833801, "_step": 269, "best_val_loss": 9.5355324447155e-05, "best_epoch": 25, "_wandb": {"runtime": 476}}