{"graph": {"_type": "graph-file", "sha256": "75392d8990f043329e5dc2bf9fcecb097c0f5dd75d79c6dc68580d2e66643c15", "size": 708, "path": "media/graph/graph_summary_75392d8990f043329e5d.graph.json"}, "epoch": 0, "_timestamp": 1680805624.71979, "loss": 8.913185119628906, "mae": 0.03520221635699272, "mse": 0.00178551918361336, "val_loss": 6.151236534118652, "val_mae": 0.0373077467083931, "val_mse": 0.0021516773849725723, "lr": 0.0010000000474974513, "_runtime": 3.415163040161133, "_step": 0, "best_val_loss": 6.151236534118652, "best_epoch": 0, "_wandb": {"runtime": 3}}