{"graph": {"_type": "graph-file", "sha256": "e69dad264e70d5b54e07e1a9225fd75d5e30853f78f90278e365c352554c5dd6", "size": 593, "path": "media/graph/graph_summary_e69dad264e70d5b54e07.graph.json"}, "epoch": 29, "_timestamp": 1681908985.6974592, "loss": 0.001274990034289658, "mae": 0.028223877772688866, "mse": 0.0011870774906128645, "val_loss": 0.0012635511811822653, "val_mae": 0.02916627936065197, "val_mse": 0.001198291894979775, "lr": 0.002466765930876136, "_runtime": 197.55138516426086, "_step": 269, "best_val_loss": 0.0009179042535834014, "best_epoch": 29, "_wandb": {"runtime": 196}}