{"graph": {"_type": "graph-file", "sha256": "8072d98a22a2bb357dfaa25d22e3c535bc6273ab57346aedd2c693fe2ff65cb4", "size": 849, "path": "media/graph/graph_summary_8072d98a22a2bb357dfa.graph.json"}, "epoch": 49, "_timestamp": 1680966832.30929, "loss": 0.0008192617679014802, "mae": 0.02471659891307354, "mse": 0.0008192331879399717, "val_loss": 0.0008652894175611436, "val_mae": 0.02566501870751381, "val_mse": 0.000865260895807296, "lr": 9.999999747378752e-06, "_runtime": 60.44993281364441, "_step": 49, "best_val_loss": 0.0008652660180814564, "best_epoch": 39, "_wandb": {"runtime": 59}}