{"graph": {"_type": "graph-file", "sha256": "c2f80e2cec3017a582442432859db7d007e4e74e2ec64dd08a54137b4f35802d", "size": 1104, "path": "media/graph/graph_summary_c2f80e2cec3017a58244.graph.json"}, "epoch": 49, "_timestamp": 1682776939.7776663, "loss": 0.00012032725499011576, "mae": 0.008109349757432938, "mse": 0.00012032725499011576, "root_mean_squared_error": 0.010969378054141998, "val_loss": 0.00010114984615938738, "val_mae": 0.00695017771795392, "val_mse": 0.00010114984615938738, "val_root_mean_squared_error": 0.010057326406240463, "lr": 0.0017765038646757603, "_runtime": 675.4296853542328, "_step": 449, "best_val_loss": 3.8487149140564725e-05, "best_epoch": 49, "_wandb": {"runtime": 674}}