{"graph": {"_type": "graph-file", "sha256": "b0e991419d33b8f9c145667fc3dc680a07142ed57013a1d3ab881f78806acf0c", "size": 593, "path": "media/graph/graph_summary_b0e991419d33b8f9c145.graph.json"}, "epoch": 9, "_timestamp": 1681748645.4570096, "loss": 0.008871130645275116, "mae": 0.04224548116326332, "mse": 0.0025549661368131638, "val_loss": 0.00818637851625681, "val_mae": 0.04269284009933472, "val_mse": 0.0026276095304638147, "lr": 0.0010000000474974513, "_runtime": 16.686611652374268, "_step": 9, "best_val_loss": 0.00818637851625681, "best_epoch": 9, "_wandb": {"runtime": 16}}