{"graph": {"_type": "graph-file", "sha256": "00ccf4e90cc72b37e82e7165542fb7669c6b91fae4b0b697e45aa3a05d5f74f9", "size": 1095, "path": "media/graph/graph_summary_00ccf4e90cc72b37e82e.graph.json"}, "epoch": 29, "_timestamp": 1682748278.0005934, "loss": 0.0019195165950804949, "mae": 0.03792368620634079, "mse": 0.0019195165950804949, "root_mean_squared_error": 0.04381229355931282, "val_loss": 0.001952929305844009, "val_mae": 0.03833715617656708, "val_mse": 0.001952929305844009, "val_root_mean_squared_error": 0.04419196397066116, "lr": 0.01597168855369091, "_runtime": 185.4198033809662, "_step": 269, "best_val_loss": 0.0019200821407139301, "best_epoch": 28, "_wandb": {"runtime": 184}}