{"graph": {"_type": "graph-file", "sha256": "d70ff5d5ba5aa9974cf04f9edcbc20ac0db6e0fcb0bcf26fe1ba2a7bdb1f02ec", "size": 770, "path": "media/graph/graph_summary_d70ff5d5ba5aa9974cf0.graph.json"}, "epoch": 29, "_timestamp": 1682262025.0407536, "loss": 0.007567145396023989, "mae": 0.07518517971038818, "mse": 0.007567145396023989, "val_loss": 0.007510020397603512, "val_mae": 0.07456816732883453, "val_mse": 0.007510020397603512, "lr": 4.4523407268570736e-05, "_runtime": 90.17447662353516, "_step": 269, "best_val_loss": 0.007510020397603512, "best_epoch": 0, "_wandb": {"runtime": 89}}