{"graph": {"_type": "graph-file", "sha256": "0aefe818bd72f5996af43d11f603b720f44ba087f2d08bd572ce3fd873a74083", "size": 593, "path": "media/graph/graph_summary_0aefe818bd72f5996af4.graph.json"}, "epoch": 19, "_timestamp": 1681746272.8210382, "loss": 0.002027892740443349, "mae": 0.03806513547897339, "mse": 0.0019389631925150752, "val_loss": 0.002068554051220417, "val_mae": 0.038434334099292755, "val_mse": 0.0019804772455245256, "lr": 0.004828873090445995, "_runtime": 65.89746928215027, "_step": 179, "best_val_loss": 0.0019506204407662153, "best_epoch": 18, "_wandb": {"runtime": 65}}