{"graph": {"_type": "graph-file", "sha256": "2643218c1e25b5a342baef695c2f3372ab2f3cd3bed2e77bf4f6622322cae664", "size": 771, "path": "media/graph/graph_summary_2643218c1e25b5a342ba.graph.json"}, "epoch": 149, "_timestamp": 1682790509.804209, "loss": 0.007567143067717552, "mae": 0.07518518716096878, "mse": 0.007567143067717552, "root_mean_squared_error": 0.08698932826519012, "val_loss": 0.0075100199319422245, "val_mae": 0.07456816732883453, "val_mse": 0.0075100199319422245, "val_root_mean_squared_error": 0.08666037023067474, "lr": 9.999999747378752e-06, "_runtime": 608.0697500705719, "_step": 1349, "best_val_loss": 0.0075100199319422245, "best_epoch": 0, "_wandb": {"runtime": 606}}