{"graph": {"_type": "graph-file", "sha256": "50c0ac54b12eaef92caa2bb76e95c30e19f641047844ef9ce739012bbf621497", "size": 740, "path": "media/graph/graph_summary_50c0ac54b12eaef92caa.graph.json"}, "epoch": 49, "_timestamp": 1681051126.877461, "loss": 0.0013324333122000098, "mae": 0.024750422686338425, "mse": 0.0008212308748625219, "val_loss": 0.001377017586492002, "val_mae": 0.025652475655078888, "val_mse": 0.0008653542608954012, "lr": 9.999999747378752e-06, "_runtime": 96.70422697067261, "_step": 49, "best_val_loss": 0.001377017586492002, "best_epoch": 49, "_wandb": {"runtime": 96}}