{"graph": {"_type": "graph-file", "sha256": "f1406ad1b15778a053e3496bedb6b2630ef1420cd2210017aef6a4767df2ad9a", "size": 593, "path": "media/graph/graph_summary_f1406ad1b15778a053e3.graph.json"}, "epoch": 249, "_timestamp": 1684405987.7286828, "loss": 0.0016083052614703774, "mae": 0.025522582232952118, "mse": 0.001372670172713697, "root_mean_squared_error": 0.037049565464258194, "val_loss": 0.0016807089559733868, "val_mae": 0.026332411915063858, "val_mse": 0.001445504487492144, "val_root_mean_squared_error": 0.03801979124546051, "lr": 9.999999747378752e-06, "_runtime": 586.8518307209015, "_step": 249, "best_val_loss": 0.0016788425855338573, "best_epoch": 246, "_wandb": {"runtime": 585}}