{"graph": {"_type": "graph-file", "sha256": "9bc7189b24d497184a211ecf0c9990edd106176e780992dcbe4311c61618a83a", "size": 593, "path": "media/graph/graph_summary_9bc7189b24d497184a21.graph.json"}, "epoch": 249, "_timestamp": 1684522271.9281666, "loss": 0.0007648270693607628, "mae": 0.01679426245391369, "mse": 0.0005682114278897643, "root_mean_squared_error": 0.02383718639612198, "val_loss": 0.0007894843583926558, "val_mae": 0.016949620097875595, "val_mse": 0.0005928720347583294, "val_root_mean_squared_error": 0.024348963052034378, "lr": 9.999999747378752e-06, "_runtime": 253.6380796432495, "_step": 249, "best_val_loss": 0.0007894582813605666, "best_epoch": 248, "_wandb": {"runtime": 252}}