{"graph": {"_type": "graph-file", "sha256": "0aefe818bd72f5996af43d11f603b720f44ba087f2d08bd572ce3fd873a74083", "size": 593, "path": "media/graph/graph_summary_0aefe818bd72f5996af4.graph.json"}, "epoch": 19, "_timestamp": 1681743520.4552417, "loss": 0.001418361789546907, "mae": 0.029588844627141953, "mse": 0.0012944918125867844, "val_loss": 0.0013976701302453876, "val_mae": 0.029462570324540138, "val_mse": 0.0012676311889663339, "lr": 0.0015167791862040758, "_runtime": 59.20947265625, "_step": 179, "best_val_loss": 0.00099165306892246, "best_epoch": 19, "_wandb": {"runtime": 58}}