{"graph": {"_type": "graph-file", "sha256": "65a644856511e013daeeb8a86882d4dbeba9e535843d05eba135d1a1a55b0643", "size": 882, "path": "media/graph/graph_summary_65a644856511e013daee.graph.json"}, "epoch": 199, "_timestamp": 1681912268.36399, "loss": 0.0019143547397106886, "mae": 0.03787096589803696, "mse": 0.0019143465906381607, "val_loss": 0.001949951983988285, "val_mae": 0.0383012592792511, "val_mse": 0.0019499441841617227, "lr": 9.999999747378752e-06, "_runtime": 1028.6605939865112, "_step": 1799, "best_val_loss": 0.0019499134505167603, "best_epoch": 60, "_wandb": {"runtime": 1026}}