{"graph": {"_type": "graph-file", "sha256": "1a7b612cd506dbbedec88f89a72b444484a13b0fa9990d5a1943440fbf027c68", "size": 513, "path": "media/graph/graph_summary_1a7b612cd506dbbedec8.graph.json"}, "epoch": 149, "_timestamp": 1683108380.5619786, "loss": 3.792346205955255e-06, "mae": 0.0014198693679645658, "mse": 3.792346205955255e-06, "root_mean_squared_error": 0.0019473946886137128, "val_loss": 4.239601366862189e-06, "val_mae": 0.001508997636847198, "val_mse": 4.239601366862189e-06, "val_root_mean_squared_error": 0.002059029182419181, "lr": 0.0002693750138860196, "_runtime": 3666.3982815742493, "_step": 149, "best_val_loss": 4.034947323816596e-06, "best_epoch": 144, "_wandb": {"runtime": 3665}}