{"graph": {"_type": "graph-file", "sha256": "27c5d7819ce561a5403e4afeba735456b1eb39e6f92976330971467468a118db", "size": 740, "path": "media/graph/graph_summary_27c5d7819ce561a5403e.graph.json"}, "epoch": 49, "_timestamp": 1681051374.7039857, "loss": 0.0018150334944948554, "mae": 0.024744482710957527, "mse": 0.0008212407701648772, "val_loss": 0.0018592836568132043, "val_mae": 0.02564183995127678, "val_mse": 0.0008658388978801668, "lr": 9.999999747378752e-06, "_runtime": 94.98510265350342, "_step": 49, "best_val_loss": 0.0018592836568132043, "best_epoch": 49, "_wandb": {"runtime": 95}}