{"graph": {"_type": "graph-file", "sha256": "1ecadeeef820a219303547a1981331ec050845571431d9a0925fb39b39bbe249", "size": 770, "path": "media/graph/graph_summary_1ecadeeef820a2193035.graph.json"}, "epoch": 29, "_timestamp": 1682254558.446511, "loss": 0.007567143067717552, "mae": 0.07518516480922699, "mse": 0.007567143067717552, "val_loss": 0.007510020397603512, "val_mae": 0.07456815987825394, "val_mse": 0.007510020397603512, "lr": 0.0027469396591186523, "_runtime": 68.9972620010376, "_step": 269, "best_val_loss": 0.007510020397603512, "best_epoch": 0, "_wandb": {"runtime": 67}}