{"graph": {"_type": "graph-file", "sha256": "795a88715d0aba0a3961b5d20f80a2040d1a10798dad2df4eba6a425a54b311f", "size": 590, "path": "media/graph/graph_summary_795a88715d0aba0a3961.graph.json"}, "epoch": 49, "_timestamp": 1681576426.4088757, "loss": 0.0036895335651934147, "mae": 0.03900199010968208, "mse": 0.0020585455931723118, "val_loss": 0.0037376773543655872, "val_mae": 0.039343953132629395, "val_mse": 0.0021081797312945127, "lr": 9.999999747378752e-06, "_runtime": 83.10372161865234, "_step": 49, "best_val_loss": 0.0037376773543655872, "best_epoch": 49, "_wandb": {"runtime": 83}}