{"graph": {"_type": "graph-file", "sha256": "9ddb5ce411971f1d49672a7c8823691761f6e113ffb2ba88f02fb4e834056542", "size": 729, "path": "media/graph/graph_summary_9ddb5ce411971f1d4967.graph.json"}, "epoch": 1, "_timestamp": 1680804563.2031364, "loss": 4.848913669586182, "mae": 0.11456487327814102, "mse": 0.013762570917606354, "val_loss": 3.583636522293091, "val_mae": 0.11511221528053284, "val_mse": 0.013945239596068859, "lr": 0.0010000000474974513, "_runtime": 7.535691499710083, "_step": 1, "best_val_loss": 3.583636522293091, "best_epoch": 1, "_wandb": {"runtime": 8}}