{"graph": {"_type": "graph-file", "sha256": "4c8185c8f5e04e39cd8f5552d04239b6d1cd9a5441834b2fc4ce30fde6208e51", "size": 740, "path": "media/graph/graph_summary_4c8185c8f5e04e39cd8f.graph.json"}, "epoch": 99, "_timestamp": 1680790394.3841193, "loss": 0.0008192602545022964, "mae": 0.024716122075915337, "mse": 0.0008192335953935981, "val_loss": 0.0008652689284645021, "val_mae": 0.025663109496235847, "val_mse": 0.0008652417454868555, "lr": 9.999999747378752e-06, "_runtime": 177.41369318962097, "_step": 99, "best_val_loss": 0.000865262933075428, "best_epoch": 75, "_wandb": {"runtime": 176}}