{"graph": {"_type": "graph-file", "sha256": "bddb3856b767f00d3225c0fd6a8639d1389ff6282a0d726fbeb82d3e706783e3", "size": 669, "path": "media/graph/graph_summary_bddb3856b767f00d3225.graph.json"}, "epoch": 0, "_timestamp": 1684696225.3744307, "loss": 4.101622581481934, "mae": 1.3284716606140137, "mse": 2.659003734588623, "val_loss": 4.840365409851074, "val_mae": 1.020534634590149, "val_mse": 1.3403266668319702, "lr": 0.04270000010728836, "_runtime": 4.589629650115967, "_step": 0, "best_val_loss": 4.840365409851074, "best_epoch": 0, "_wandb": {"runtime": 3}}