{"graph": {"_type": "graph-file", "sha256": "6ff41643cac7e56ed9b4ee7655dda5b5799b7b8df67bc11e4a9b2486f4e6781d", "size": 770, "path": "media/graph/graph_summary_6ff41643cac7e56ed9b4.graph.json"}, "epoch": 29, "_timestamp": 1682268168.4131343, "loss": 0.00756714167073369, "mae": 0.07518520206212997, "mse": 0.00756714167073369, "val_loss": 0.0075100199319422245, "val_mae": 0.07456815987825394, "val_mse": 0.0075100199319422245, "lr": 0.01050293818116188, "_runtime": 232.3900043964386, "_step": 269, "best_val_loss": 0.0075100199319422245, "best_epoch": 0, "_wandb": {"runtime": 231}}