{"graph": {"_type": "graph-file", "sha256": "659d6965810bece9df8de80eb8042e13521f548a1ff4aefc582b0be3705b38f8", "size": 1181, "path": "media/graph/graph_summary_659d6965810bece9df8d.graph.json"}, "epoch": 49, "_timestamp": 1681305479.3507385, "loss": 0.001914350432343781, "mae": 0.037871040403842926, "mse": 0.001914350432343781, "val_loss": 0.0019499717745929956, "val_mae": 0.03830094635486603, "val_mse": 0.0019499717745929956, "lr": 9.999999747378752e-06, "_runtime": 25.964691638946533, "_step": 49, "best_val_loss": 0.001949621015228331, "best_epoch": 21, "_wandb": {"runtime": 24}}