{"graph": {"_type": "graph-file", "sha256": "6764b1db862caad0cc9840de9bb4fbbb2d429a95cb817441994c77a31e6de6ce", "size": 1155, "path": "media/graph/graph_summary_6764b1db862caad0cc98.graph.json"}, "epoch": 49, "_timestamp": 1681305414.8379552, "loss": 0.0033974735997617245, "mae": 0.050587158650159836, "mse": 0.0033974735997617245, "val_loss": 0.0034061744809150696, "val_mae": 0.05028918385505676, "val_mse": 0.0034061744809150696, "lr": 9.999999747378752e-06, "_runtime": 30.85426616668701, "_step": 49, "best_val_loss": 0.003405650146305561, "best_epoch": 23, "_wandb": {"runtime": 29}}