{"graph": {"_type": "graph-file", "sha256": "6963b7afb2bb1522008a76e90ad516618085f769b2c44c20ac8a3c473bab46c3", "size": 774, "path": "media/graph/graph_summary_6963b7afb2bb1522008a.graph.json"}, "epoch": 29, "_timestamp": 1682704597.0008535, "loss": 0.8388004899024963, "mae": 0.9148148894309998, "mse": 0.8388004899024963, "root_mean_squared_error": 0.9158605337142944, "val_loss": 0.8399649858474731, "val_mae": 0.9154319167137146, "val_mse": 0.8399649858474731, "val_root_mean_squared_error": 0.9164960980415344, "lr": 4.822165647055954e-05, "_runtime": 92.31020855903625, "_step": 269, "best_val_loss": 0.006230933591723442, "best_epoch": 5, "_wandb": {"runtime": 91}}