{"graph": {"_type": "graph-file", "sha256": "9eb265a373347b90d3a078cbf2eba6f3621443bec68c0a4c0b554fa5c3bf99fa", "size": 740, "path": "media/graph/graph_summary_9eb265a373347b90d3a0.graph.json"}, "epoch": 49, "_timestamp": 1681319030.0880218, "loss": 2.4724783897399902, "mae": 0.03754176199436188, "mse": 0.001893730484880507, "val_loss": 2.4721827507019043, "val_mae": 0.03798481822013855, "val_mse": 0.0019229603931307793, "lr": 9.999999747378752e-06, "_runtime": 90.70715665817261, "_step": 49, "best_val_loss": 2.4721827507019043, "best_epoch": 49, "_wandb": {"runtime": 91}}