{"graph": {"_type": "graph-file", "sha256": "bcd5ffc01127c2eeed43cbdabaf6e9a2c7d24ea94c65c850c2532c291bdad3df", "size": 467, "path": "media/graph/graph_summary_bcd5ffc01127c2eeed43.graph.json"}, "epoch": 199, "_timestamp": 1683001753.4606586, "loss": 0.0019139309879392385, "mae": 0.03787655755877495, "mse": 0.0019139309879392385, "root_mean_squared_error": 0.04374849796295166, "val_loss": 0.0019493045983836055, "val_mae": 0.03830341994762421, "val_mse": 0.0019493045983836055, "val_root_mean_squared_error": 0.044150929898023605, "lr": 9.999999747378752e-06, "_runtime": 1099.272700548172, "_step": 199, "best_val_loss": 0.0019490872509777546, "best_epoch": 157, "_wandb": {"runtime": 1097}}