{"graph": {"_type": "graph-file", "sha256": "27c5d7819ce561a5403e4afeba735456b1eb39e6f92976330971467468a118db", "size": 740, "path": "media/graph/graph_summary_27c5d7819ce561a5403e.graph.json"}, "epoch": 0, "_timestamp": 1680802579.446564, "loss": 10.2133207321167, "mae": 0.10808063298463821, "mse": 0.0384632870554924, "val_loss": 7.50106143951416, "val_mae": 0.06462820619344711, "val_mse": 0.005217875819653273, "lr": 0.0010000000474974513, "_runtime": 3.466064929962158, "_step": 0, "best_val_loss": 7.50106143951416, "best_epoch": 0, "_wandb": {"runtime": 3}}