{"graph": {"_type": "graph-file", "sha256": "b85531c0966d3bba4f97b72869c42c39ad0639386c2e49f98a4f72dd6d39029d", "size": 439, "path": "media/graph/graph_summary_b85531c0966d3bba4f97.graph.json"}, "epoch": 49, "_timestamp": 1682561446.9896927, "loss": 0.00012918855645693839, "mae": 0.00831656064838171, "mse": 0.00012918855645693839, "root_mean_squared_error": 0.011366114020347595, "val_loss": 0.00013265661254990846, "val_mae": 0.010058918036520481, "val_mse": 0.00013265661254990846, "val_root_mean_squared_error": 0.011517665348947048, "lr": 0.04668775573372841, "_runtime": 1165.4428327083588, "_step": 449, "best_val_loss": 5.479362698679324e-06, "best_epoch": 47, "_wandb": {"runtime": 1164}}