{"graph": {"_type": "graph-file", "sha256": "995dd3aa252de78db8911b16966c5c03a4e8c30ef056d261089a70690c4ea763", "size": 770, "path": "media/graph/graph_summary_995dd3aa252de78db891.graph.json"}, "epoch": 19, "_timestamp": 1682254467.2933614, "loss": 0.007567142602056265, "mae": 0.07518516480922699, "mse": 0.007567142602056265, "val_loss": 0.007510020397603512, "val_mae": 0.07456816732883453, "val_mse": 0.007510020397603512, "lr": 0.0009238577913492918, "_runtime": 44.59773635864258, "_step": 179, "best_val_loss": 0.007510020397603512, "best_epoch": 0, "_wandb": {"runtime": 43}}