{"graph": {"_type": "graph-file", "sha256": "75392d8990f043329e5dc2bf9fcecb097c0f5dd75d79c6dc68580d2e66643c15", "size": 708, "path": "media/graph/graph_summary_75392d8990f043329e5d.graph.json"}, "epoch": 0, "_timestamp": 1680802469.1421084, "loss": 10.006206512451172, "mae": 0.02602885104715824, "mse": 0.0009928611107170582, "val_loss": 7.3476691246032715, "val_mae": 0.027263762429356575, "val_mse": 0.0010549965081736445, "lr": 0.0010000000474974513, "_runtime": 3.2168824672698975, "_step": 0, "best_val_loss": 7.3476691246032715, "best_epoch": 0, "_wandb": {"runtime": 3}}