{"graph": {"_type": "graph-file", "sha256": "16ecfa3cac81f1273782278afab584fa57113f3a87a4b763ee360bb000c41a74", "size": 740, "path": "media/graph/graph_summary_16ecfa3cac81f1273782.graph.json"}, "epoch": 49, "_timestamp": 1681308812.9532251, "loss": 2.4656877517700195, "mae": 0.037261806428432465, "mse": 0.0018734583863988519, "val_loss": 2.465409755706787, "val_mae": 0.03775787726044655, "val_mse": 0.0019197779474779963, "lr": 9.999999747378752e-06, "_runtime": 90.25189924240112, "_step": 49, "best_val_loss": 2.465409755706787, "best_epoch": 49, "_wandb": {"runtime": 90}}