{"graph": {"_type": "graph-file", "sha256": "6e753f31705c38561cfc6b4ef457068dcf4f9f6257279008888c877b63efee4d", "size": 513, "path": "media/graph/graph_summary_6e753f31705c38561cfc.graph.json"}, "epoch": 149, "_timestamp": 1683993860.3423862, "loss": 6.824255251558498e-05, "mae": 0.0052846213802695274, "mse": 6.824255251558498e-05, "root_mean_squared_error": 0.008260904811322689, "val_loss": 6.433184171328321e-05, "val_mae": 0.005171258933842182, "val_mse": 6.433184171328321e-05, "val_root_mean_squared_error": 0.008020712994039059, "lr": 0.0010775000555440784, "_runtime": 7043.890728235245, "_step": 149, "best_val_loss": 6.433184171328321e-05, "best_epoch": 149, "_wandb": {"runtime": 7045}}