{"graph": {"_type": "graph-file", "sha256": "0b30555010bf7e0392045fd5216fc860a2f4735d356fe09bf3c3ae46f03df4b8", "size": 770, "path": "media/graph/graph_summary_0b30555010bf7e039204.graph.json"}, "epoch": 19, "_timestamp": 1682256940.2021353, "loss": 0.00756714167073369, "mae": 0.07518515735864639, "mse": 0.00756714167073369, "val_loss": 0.007510020397603512, "val_mae": 0.07456816732883453, "val_mse": 0.007510020397603512, "lr": 9.999999747378752e-06, "_runtime": 142.7791392803192, "_step": 179, "best_val_loss": 0.007510020397603512, "best_epoch": 0, "_wandb": {"runtime": 142}}