{"graph": {"_type": "graph-file", "sha256": "16ecfa3cac81f1273782278afab584fa57113f3a87a4b763ee360bb000c41a74", "size": 740, "path": "media/graph/graph_summary_16ecfa3cac81f1273782.graph.json"}, "epoch": 49, "_timestamp": 1680964934.1856465, "loss": 0.0008192652021534741, "mae": 0.024717027321457863, "mse": 0.0008192360983230174, "val_loss": 0.0008652836550027132, "val_mae": 0.025664543733000755, "val_mse": 0.0008652550168335438, "lr": 9.999999747378752e-06, "_runtime": 61.06960964202881, "_step": 49, "best_val_loss": 0.0008652718388475478, "best_epoch": 42, "_wandb": {"runtime": 59}}