{"graph": {"_type": "graph-file", "sha256": "c43a6a08b8d95bcf8fd69640763fc6156f983d2fce3ea520ce9c63c2dc6a05bf", "size": 565, "path": "media/graph/graph_summary_c43a6a08b8d95bcf8fd6.graph.json"}, "epoch": 99, "_timestamp": 1684420717.042056, "loss": 807.496337890625, "mae": 24.257543563842773, "mse": 807.4768676757812, "root_mean_squared_error": 28.4161376953125, "val_loss": 785.932373046875, "val_mae": 23.65614891052246, "val_mse": 785.9129638671875, "val_root_mean_squared_error": 28.03413963317871, "lr": 0.0005000000237487257, "_runtime": 301.6849911212921, "_step": 99, "best_val_loss": 785.932373046875, "best_epoch": 99, "_wandb": {"runtime": 301}}