{"graph": {"_type": "graph-file", "sha256": "b742085c3212d7e66867272024ed2be0a65139458aed034cb70ac96d44debbbd", "size": 487, "path": "media/graph/graph_summary_b742085c3212d7e66867.graph.json"}, "epoch": 149, "_timestamp": 1682873722.8009796, "loss": 7.81390190240927e-06, "mae": 0.0020917984656989574, "mse": 7.81390190240927e-06, "root_mean_squared_error": 0.002795335603877902, "val_loss": 7.529378308390733e-06, "val_mae": 0.0020125550217926502, "val_mse": 7.529378308390733e-06, "val_root_mean_squared_error": 0.002743971301242709, "lr": 0.0002693750138860196, "_runtime": 1023.5681755542755, "_step": 149, "best_val_loss": 7.283244485734031e-06, "best_epoch": 148, "_wandb": {"runtime": 1022}}