{"graph": {"_type": "graph-file", "sha256": "70decf8a2dbb52314d7806bfa26597dbe0e2441f241afc4154aaa79d2ac582fe", "size": 593, "path": "media/graph/graph_summary_70decf8a2dbb52314d78.graph.json"}, "epoch": 9, "_timestamp": 1681748575.026147, "loss": 0.011115114204585552, "mae": 0.037691645324230194, "mse": 0.001908359583467245, "val_loss": 0.010309350676834583, "val_mae": 0.03796588256955147, "val_mse": 0.00193643884267658, "lr": 0.0002500000118743628, "_runtime": 15.188915967941284, "_step": 9, "best_val_loss": 0.010309350676834583, "best_epoch": 9, "_wandb": {"runtime": 15}}