{"graph": {"_type": "graph-file", "sha256": "0aefe818bd72f5996af43d11f603b720f44ba087f2d08bd572ce3fd873a74083", "size": 593, "path": "media/graph/graph_summary_0aefe818bd72f5996af4.graph.json"}, "epoch": 49, "_timestamp": 1681919307.067344, "loss": 0.001393319689668715, "mae": 0.029422231018543243, "mse": 0.0012805319856852293, "val_loss": 0.0012959698215126991, "val_mae": 0.029096318408846855, "val_mse": 0.0012013567611575127, "lr": 0.022568445652723312, "_runtime": 68.82789993286133, "_step": 449, "best_val_loss": 0.0005758341285400093, "best_epoch": 48, "_wandb": {"runtime": 68}}