{"graph": {"_type": "graph-file", "sha256": "a5099b7ac0216a0561c9813cf83f3cb6dff7e85d85092033693a7c3908ee180f", "size": 597, "path": "media/graph/graph_summary_a5099b7ac0216a0561c9.graph.json"}, "epoch": 1, "_timestamp": 1682696049.8550622, "loss": 0.9682033658027649, "mae": 0.0640273466706276, "mse": 0.005984218791127205, "val_loss": 0.6985370516777039, "val_mae": 0.05847655609250069, "val_mse": 0.005072023253887892, "lr": 0.0010000000474974513, "_runtime": 7.80816125869751, "_step": 1, "best_val_loss": 0.6985370516777039, "best_epoch": 1, "_wandb": {"runtime": 7}}