{"graph": {"_type": "graph-file", "sha256": "f1c793b6e6ede7cfaae63f94e7b004f730f7c8c1e84cad3a47f2be11f706657b", "size": 1074, "path": "media/graph/graph_summary_f1c793b6e6ede7cfaae6.graph.json"}, "epoch": 149, "_timestamp": 1684226803.852919, "loss": 3.046867459488567e-05, "mae": 0.0030517284758388996, "mse": 3.046867459488567e-05, "root_mean_squared_error": 0.00551984366029501, "val_loss": 3.200137143721804e-05, "val_mae": 0.0031446614302694798, "val_mse": 3.200137143721804e-05, "val_root_mean_squared_error": 0.005656975321471691, "lr": 5.225781205808744e-05, "_runtime": 146.11921405792236, "_step": 149, "best_val_loss": 3.193613883922808e-05, "best_epoch": 146, "_wandb": {"runtime": 145}}