{"graph": {"_type": "graph-file", "sha256": "e8ca60dd808f19fe8ea5fe8b784267744125cad5db409de2501d37c6506cbc6d", "size": 972, "path": "media/graph/graph_summary_e8ca60dd808f19fe8ea5.graph.json"}, "epoch": 49, "_timestamp": 1682673167.8304844, "loss": 0.0019143398385494947, "mae": 0.03787125647068024, "mse": 0.0019143398385494947, "root_mean_squared_error": 0.04375316947698593, "val_loss": 0.0019500266062095761, "val_mae": 0.038300443440675735, "val_mse": 0.0019500266062095761, "val_root_mean_squared_error": 0.04415910691022873, "lr": 9.999999747378752e-06, "_runtime": 2447.479889392853, "_step": 449, "best_val_loss": 0.0019495229935273528, "best_epoch": 8, "_wandb": {"runtime": 2446}}