{"graph": {"_type": "graph-file", "sha256": "995dd3aa252de78db8911b16966c5c03a4e8c30ef056d261089a70690c4ea763", "size": 770, "path": "media/graph/graph_summary_995dd3aa252de78db891.graph.json"}, "epoch": 149, "_timestamp": 1682262320.2014854, "loss": 0.007567143067717552, "mae": 0.07518517225980759, "mse": 0.007567143067717552, "val_loss": 0.007510020863264799, "val_mae": 0.07456816732883453, "val_mse": 0.007510020863264799, "lr": 9.999999747378752e-06, "_runtime": 170.9478542804718, "_step": 1349, "best_val_loss": 0.007510020863264799, "best_epoch": 0, "_wandb": {"runtime": 170}}