{"graph": {"_type": "graph-file", "sha256": "4c8185c8f5e04e39cd8f5552d04239b6d1cd9a5441834b2fc4ce30fde6208e51", "size": 740, "path": "media/graph/graph_summary_4c8185c8f5e04e39cd8f.graph.json"}, "epoch": 49, "_timestamp": 1681054709.5466745, "loss": 0.0024058432318270206, "mae": 0.03790009766817093, "mse": 0.0019169525476172566, "val_loss": 0.002440026728436351, "val_mae": 0.038299527019262314, "val_mse": 0.0019501062342897058, "lr": 9.999999747378752e-06, "_runtime": 90.8827223777771, "_step": 49, "best_val_loss": 0.002440026728436351, "best_epoch": 49, "_wandb": {"runtime": 90}}