{"graph": {"_type": "graph-file", "sha256": "0eec391b10a6c5974886fe82c76ef378d892270e7fa5c35c5d67b7b975b03cc3", "size": 576, "path": "media/graph/graph_summary_0eec391b10a6c5974886.graph.json"}, "epoch": 49, "_timestamp": 1681575566.2337954, "loss": 0.0023274098057299852, "mae": 0.03727727383375168, "mse": 0.001867969403974712, "val_loss": 0.0023577732499688864, "val_mae": 0.037745166569948196, "val_mse": 0.0019000540487468243, "lr": 9.999999747378752e-06, "_runtime": 82.5708544254303, "_step": 49, "best_val_loss": 0.0023577732499688864, "best_epoch": 49, "_wandb": {"runtime": 82}}