{"graph": {"_type": "graph-file", "sha256": "99c081827ea21f2ab40194fa37609806899f3d41ddb789f87d406e81987ddc7c", "size": 926, "path": "media/graph/graph_summary_99c081827ea21f2ab401.graph.json"}, "epoch": 19, "_timestamp": 1682437772.9928234, "loss": 0.007567143067717552, "mae": 0.07518516480922699, "mse": 0.007567143067717552, "root_mean_squared_error": 0.08698932826519012, "val_loss": 0.007510020397603512, "val_mae": 0.07456815987825394, "val_mse": 0.007510020397603512, "val_root_mean_squared_error": 0.08666037023067474, "lr": 9.999999747378752e-06, "_runtime": 14.578867435455322, "_step": 19, "best_val_loss": 0.007510020397603512, "best_epoch": 0, "_wandb": {"runtime": 13}}