{"graph": {"_type": "graph-file", "sha256": "e1b9d4953f8dc4ef1a5c5e0ef871dc483a1cc03ae12af88d503e7b98f7980561", "size": 593, "path": "media/graph/graph_summary_e1b9d4953f8dc4ef1a5c.graph.json"}, "epoch": 199, "_timestamp": 1682974767.2954688, "loss": 0.0013812549877911806, "mae": 0.02510925568640232, "mse": 0.0012158096069470048, "root_mean_squared_error": 0.03486846014857292, "val_loss": 0.001444933470338583, "val_mae": 0.025678209960460663, "val_mse": 0.0012819587718695402, "val_root_mean_squared_error": 0.03580445051193237, "lr": 6.758134986739606e-05, "_runtime": 1287.6681818962097, "_step": 1999, "best_val_loss": 0.0011715060099959373, "best_epoch": 199, "_wandb": {"runtime": 1286}}