{"graph": {"_type": "graph-file", "sha256": "de22b56f358365512a341e4573d5b6b8a0a54f9e900aecce5d1a9142f2e1136f", "size": 493, "path": "media/graph/graph_summary_de22b56f358365512a34.graph.json"}, "epoch": 0, "_timestamp": 1684787566.0717998, "loss": 0.007720875553786755, "mae": 0.0673661082983017, "mse": 0.007720875553786755, "val_loss": 0.002905286382883787, "val_mae": 0.04018757864832878, "val_mse": 0.002905286382883787, "lr": 0.06896000355482101, "_runtime": 50.72720384597778, "_step": 0, "best_val_loss": 0.002905286382883787, "best_epoch": 0, "_wandb": {"runtime": 84}}