{"graph": {"_type": "graph-file", "sha256": "74eb4da14a7946959beab73ae4b7d6b7e56fceec427c0e71a986e6b2ab3ab4cb", "size": 579, "path": "media/graph/graph_summary_74eb4da14a7946959bea.graph.json"}, "epoch": 299, "_timestamp": 1684438257.6340365, "loss": 0.00083534000441432, "mae": 0.01849164254963398, "mse": 0.0006952290423214436, "root_mean_squared_error": 0.026367194950580597, "val_loss": 0.0008647473296150565, "val_mae": 0.01876637153327465, "val_mse": 0.000724600744433701, "val_root_mean_squared_error": 0.026918409392237663, "lr": 9.999999747378752e-06, "_runtime": 377.14164662361145, "_step": 299, "best_val_loss": 0.0008647473296150565, "best_epoch": 299, "_wandb": {"runtime": 376}}