{"graph": {"_type": "graph-file", "sha256": "2e261e358eb1e39c1d8250a4f761c48fcd1c1995d5506998ec6ea7fd9d00345f", "size": 1092, "path": "media/graph/graph_summary_2e261e358eb1e39c1d82.graph.json"}, "epoch": 149, "_timestamp": 1684227916.536725, "loss": 9.318299271399155e-05, "mae": 0.005067896563559771, "mse": 9.318299271399155e-05, "root_mean_squared_error": 0.00965313334017992, "val_loss": 8.980666461866349e-05, "val_mae": 0.005135347135365009, "val_mse": 8.980666461866349e-05, "val_root_mean_squared_error": 0.009476636536419392, "lr": 0.00010451562411617488, "_runtime": 162.6053750514984, "_step": 149, "best_val_loss": 8.647801587358117e-05, "best_epoch": 146, "_wandb": {"runtime": 161}}