{"graph": {"_type": "graph-file", "sha256": "6e7774e3fdb1eda9cfd090d316871433f807c68e02aba0aec6eb73f1b1189884", "size": 513, "path": "media/graph/graph_summary_6e7774e3fdb1eda9cfd0.graph.json"}, "epoch": 149, "_timestamp": 1684764119.3348405, "loss": 6.289075372478692e-06, "mae": 0.0018229734851047397, "mse": 6.289075372478692e-06, "val_loss": 5.956076165603008e-06, "val_mae": 0.001803328632377088, "val_mse": 5.956076165603008e-06, "lr": 0.0002693750138860196, "_runtime": 7732.562863588333, "_step": 149, "best_val_loss": 5.956076165603008e-06, "best_epoch": 149, "_wandb": {"runtime": 7734}}