{"graph": {"_type": "graph-file", "sha256": "edb43287dce377d98f2aaf1381c3ce628466e3596abe716655f2628c6cc8a006", "size": 487, "path": "media/graph/graph_summary_edb43287dce377d98f2a.graph.json"}, "epoch": 199, "_timestamp": 1683005901.7134225, "loss": 3.098905290244147e-05, "mae": 0.004166848957538605, "mse": 3.098905290244147e-05, "root_mean_squared_error": 0.005566781386733055, "val_loss": 3.094574640272185e-05, "val_mae": 0.004214191343635321, "val_mse": 3.094574640272185e-05, "val_root_mean_squared_error": 0.005562890321016312, "lr": 3.367187673575245e-05, "_runtime": 1269.1300554275513, "_step": 199, "best_val_loss": 3.094574640272185e-05, "best_epoch": 199, "_wandb": {"runtime": 1269}}