{"graph": {"_type": "graph-file", "sha256": "c43a6a08b8d95bcf8fd69640763fc6156f983d2fce3ea520ce9c63c2dc6a05bf", "size": 565, "path": "media/graph/graph_summary_c43a6a08b8d95bcf8fd6.graph.json"}, "epoch": 299, "_timestamp": 1684505961.2995682, "loss": 0.0021086784545332193, "mae": 0.025270618498325348, "mse": 0.0008645035559311509, "root_mean_squared_error": 0.029402440413832664, "val_loss": 0.002058153273537755, "val_mae": 0.0243314728140831, "val_mse": 0.0008140189456753433, "val_root_mean_squared_error": 0.028531016781926155, "lr": 9.999999747378752e-06, "_runtime": 296.7719900608063, "_step": 299, "best_val_loss": 0.002058153273537755, "best_epoch": 299, "_wandb": {"runtime": 296}}