{"graph": {"_type": "graph-file", "sha256": "d25f9a7a5245362224e2e503e16766a1171c6d0c596d98d7d8b13838a8e56669", "size": 439, "path": "media/graph/graph_summary_d25f9a7a5245362224e2.graph.json"}, "epoch": 149, "_timestamp": 1683424662.0318842, "loss": 0.00011131893552374095, "mae": 0.007127782795578241, "mse": 0.00011131893552374095, "root_mean_squared_error": 0.010550778359174728, "val_loss": 0.00016292640066239983, "val_mae": 0.008532854728400707, "val_mse": 0.00016292640066239983, "val_root_mean_squared_error": 0.012764262035489082, "lr": 0.0012287416029721498, "_runtime": 3476.595668077469, "_step": 1499, "best_val_loss": 3.4723864246188896e-06, "best_epoch": 146, "_wandb": {"runtime": 3475}}