{"graph": {"_type": "graph-file", "sha256": "16869bafc581e6474196bfde3d408650e086d78b5ec4e8edcac750cfa4a5ee9a", "size": 595, "path": "media/graph/graph_summary_16869bafc581e6474196.graph.json"}, "epoch": 49, "_timestamp": 1681581457.5404072, "loss": 0.0027197871822863817, "mae": 0.03531991317868233, "mse": 0.0017064596759155393, "val_loss": 0.002728445688262582, "val_mae": 0.03573820739984512, "val_mse": 0.001745495363138616, "lr": 9.999999747378752e-06, "_runtime": 74.61934423446655, "_step": 49, "best_val_loss": 0.002728445688262582, "best_epoch": 49, "_wandb": {"runtime": 75}}