{"graph": {"_type": "graph-file", "sha256": "7c59c8084c3f0f7d5203cfadc5d95e6ad51b834cfaf55d4e091460635fcabb7e", "size": 487, "path": "media/graph/graph_summary_7c59c8084c3f0f7d5203.graph.json"}, "epoch": 149, "_timestamp": 1682436152.5135763, "loss": 5.945001248619519e-05, "mae": 0.005598931573331356, "mse": 5.945001248619519e-05, "root_mean_squared_error": 0.007710383273661137, "R2": 0.6673547029495239, "val_loss": 6.0762755310861394e-05, "val_mae": 0.005639210343360901, "val_mse": 6.0762755310861394e-05, "val_root_mean_squared_error": 0.007795047014951706, "val_R2": -29.482515335083008, "lr": 0.00026938325027003884, "_runtime": 1626.2496151924133, "_step": 1349, "best_val_loss": 4.375582648208365e-06, "best_epoch": 147, "_wandb": {"runtime": 1625}}