{"graph": {"_type": "graph-file", "sha256": "9ddb5ce411971f1d49672a7c8823691761f6e113ffb2ba88f02fb4e834056542", "size": 729, "path": "media/graph/graph_summary_9ddb5ce411971f1d4967.graph.json"}, "epoch": 9, "_timestamp": 1680785241.2752874, "loss": 0.33048591017723083, "mae": 0.024689845740795135, "mse": 0.0008255303255282342, "val_loss": 0.29247400164604187, "val_mae": 0.026023514568805695, "val_mse": 0.0009199662017636001, "lr": 0.0002500000118743628, "_runtime": 20.683976411819458, "_step": 9, "best_val_loss": 0.29247400164604187, "best_epoch": 9, "_wandb": {"runtime": 21}}