{"graph": {"_type": "graph-file", "sha256": "b0e991419d33b8f9c145667fc3dc680a07142ed57013a1d3ab881f78806acf0c", "size": 593, "path": "media/graph/graph_summary_b0e991419d33b8f9c145.graph.json"}, "epoch": 49, "_timestamp": 1681886740.8604045, "loss": 0.0019143379759043455, "mae": 0.03787076845765114, "mse": 0.0019143377430737019, "val_loss": 0.0019499309128150344, "val_mae": 0.03830143064260483, "val_mse": 0.0019499303307384253, "lr": 9.999999747378752e-06, "_runtime": 70.32632350921631, "_step": 449, "best_val_loss": 0.000957112992182374, "best_epoch": 37, "_wandb": {"runtime": 69}}