{"graph": {"_type": "graph-file", "sha256": "124a06f98ae14bbd0507dc180f6b8654a830ab5b6d49877c6269a59147ac6f89", "size": 1098, "path": "media/graph/graph_summary_124a06f98ae14bbd0507.graph.json"}, "epoch": 29, "_timestamp": 1683695140.0553896, "loss": 0.0034196621272712946, "mae": 0.05058913305401802, "mse": 0.0034196621272712946, "root_mean_squared_error": 0.058477867394685745, "val_loss": 0.0034000969026237726, "val_mae": 0.050547026097774506, "val_mse": 0.0034000969026237726, "val_root_mean_squared_error": 0.05831034854054451, "lr": 0.0010836138390004635, "_runtime": 656.5705826282501, "_step": 299, "best_val_loss": 8.15730236354284e-05, "best_epoch": 29, "_wandb": {"runtime": 655}}