{"graph": {"_type": "graph-file", "sha256": "8e1ae19ed6e65bb34823e218134a1c8981dce0698cf4c36219216c1957a86856", "size": 990, "path": "media/graph/graph_summary_8e1ae19ed6e65bb34823.graph.json"}, "epoch": 49, "_timestamp": 1680958601.2013524, "loss": 0.008037923835217953, "mae": 0.024733765050768852, "mse": 0.0008201798773370683, "val_loss": 0.007960382848978043, "val_mae": 0.02566622570157051, "val_mse": 0.000865279114805162, "lr": 9.999999747378752e-06, "_runtime": 114.585280418396, "_step": 49, "best_val_loss": 0.007960382848978043, "best_epoch": 49, "_wandb": {"runtime": 115}}