{"graph": {"_type": "graph-file", "sha256": "3229858c0a2c5b8f39198e21ff6606517cd254f52d5668b3bcec45f7f99579e0", "size": 593, "path": "media/graph/graph_summary_3229858c0a2c5b8f3919.graph.json"}, "epoch": 49, "_timestamp": 1682018909.7483118, "loss": 0.0014102932764217257, "mae": 0.030513165518641472, "mse": 0.0013335453113541007, "val_loss": 0.0014111996861174703, "val_mae": 0.03069305419921875, "val_mse": 0.0013347085332497954, "lr": 0.00022823551262263209, "_runtime": 102.40466165542603, "_step": 449, "best_val_loss": 0.0008953515207394958, "best_epoch": 46, "_wandb": {"runtime": 101}}