{"graph": {"_type": "graph-file", "sha256": "2910eba9003358c5f98da7e9c12e27bbd61ff5182315926c931febaf8b665ab2", "size": 722, "path": "media/graph/graph_summary_2910eba9003358c5f98d.graph.json"}, "epoch": 99, "_timestamp": 1680792398.157997, "loss": 0.12616634368896484, "mae": 0.024410592392086983, "mse": 0.0008011702448129654, "val_loss": 0.12538184225559235, "val_mae": 0.025333471596240997, "val_mse": 0.0008474501082673669, "lr": 9.999999747378752e-06, "_runtime": 331.32091093063354, "_step": 99, "best_val_loss": 0.12538184225559235, "best_epoch": 99, "_wandb": {"runtime": 331}}