{"graph": {"_type": "graph-file", "sha256": "488503e7036e8ccca7ffd11ca4ce07837dcbf506bf811534e955e4bd3fcb5bd9", "size": 1104, "path": "media/graph/graph_summary_488503e7036e8ccca7ff.graph.json"}, "epoch": 299, "_timestamp": 1684876550.0513506, "loss": 0.0005544215091504157, "mae": 0.019374540075659752, "mse": 0.0005544215091504157, "root_mean_squared_error": 0.02354615554213524, "val_loss": 0.0005941367126069963, "val_mae": 0.020312361419200897, "val_mse": 0.0005941367126069963, "val_root_mean_squared_error": 0.02437491901218891, "lr": 9.999999747378752e-06, "_runtime": 176.90603756904602, "_step": 299, "best_val_loss": 0.0005936129600740969, "best_epoch": 293, "_wandb": {"runtime": 175}}