{"graph": {"_type": "graph-file", "sha256": "f1406ad1b15778a053e3496bedb6b2630ef1420cd2210017aef6a4767df2ad9a", "size": 593, "path": "media/graph/graph_summary_f1406ad1b15778a053e3.graph.json"}, "epoch": 299, "_timestamp": 1684508008.1283028, "loss": 0.007547653745859861, "mae": 0.07500798255205154, "mse": 0.007521308027207851, "root_mean_squared_error": 0.08672547340393066, "val_loss": 0.007810186594724655, "val_mae": 0.07664363086223602, "val_mse": 0.007783842273056507, "val_root_mean_squared_error": 0.0882260873913765, "lr": 9.999999747378752e-06, "_runtime": 64.2429769039154, "_step": 299, "best_val_loss": 0.007810036186128855, "best_epoch": 74, "_wandb": {"runtime": 62}}