{"graph": {"_type": "graph-file", "sha256": "0efca3fad46de98b1536a47803916b90aefc68391323e2569b408868cb4128b3", "size": 590, "path": "media/graph/graph_summary_0efca3fad46de98b1536.graph.json"}, "epoch": 49, "_timestamp": 1681576276.865762, "loss": 0.0031724399887025356, "mae": 0.03771482780575752, "mse": 0.0019147314596921206, "val_loss": 0.0032261586748063564, "val_mae": 0.03819698840379715, "val_mse": 0.0019709893967956305, "lr": 9.999999747378752e-06, "_runtime": 77.78977608680725, "_step": 49, "best_val_loss": 0.0032261586748063564, "best_epoch": 49, "_wandb": {"runtime": 77}}