{"graph": {"_type": "graph-file", "sha256": "b7d1b1a777096601df8e2c8cfd5a5c2495214fd8d0d745779fd87f99832fe102", "size": 468, "path": "media/graph/graph_summary_b7d1b1a777096601df8e.graph.json"}, "epoch": 49, "_timestamp": 1682427118.8075469, "loss": 0.0019158715149387717, "mae": 0.037884246557950974, "mse": 0.0019158716313540936, "root_mean_squared_error": 0.043770670890808105, "R2": -0.030195333063602448, "val_loss": 0.0019519447814673185, "val_mae": 0.03829139098525047, "val_mse": 0.0019519447814673185, "val_root_mean_squared_error": 0.044180817902088165, "val_R2": -0.01063525676727295, "lr": 9.999999747378752e-06, "_runtime": 21.188244819641113, "_step": 49, "best_val_loss": 0.0019495651358738542, "best_epoch": 44, "_wandb": {"runtime": 20}}