{"graph": {"_type": "graph-file", "sha256": "0aefe818bd72f5996af43d11f603b720f44ba087f2d08bd572ce3fd873a74083", "size": 593, "path": "media/graph/graph_summary_0aefe818bd72f5996af4.graph.json"}, "epoch": 199, "_timestamp": 1681896917.649815, "loss": 0.0019143425161018968, "mae": 0.03787107393145561, "mse": 0.0019143418176099658, "val_loss": 0.00194998097140342, "val_mae": 0.03830084949731827, "val_mse": 0.0019499806221574545, "lr": 9.999999747378752e-06, "_runtime": 228.00348496437073, "_step": 1799, "best_val_loss": 0.0019496625754982233, "best_epoch": 79, "_wandb": {"runtime": 227}}