{"graph": {"_type": "graph-file", "sha256": "dd5e40f9554f0059afc33a00737cc3926b9c39abeeefcf1816cde3023151145c", "size": 513, "path": "media/graph/graph_summary_dd5e40f9554f0059afc3.graph.json"}, "epoch": 149, "_timestamp": 1684756377.7368238, "loss": 1.3288766240293626e-05, "mae": 0.0026884775143116713, "mse": 1.3288766240293626e-05, "val_loss": 1.3684230907529127e-05, "val_mae": 0.0027261797804385424, "val_mse": 1.3684230907529127e-05, "lr": 0.0002693750138860196, "_runtime": 7728.804244756699, "_step": 149, "best_val_loss": 1.3616308933706023e-05, "best_epoch": 147, "_wandb": {"runtime": 7727}}