{"graph": {"_type": "graph-file", "sha256": "8fc9581bf6d725b6b154688591c8f855bf78469c9b2b8d33c4da1179df2f4feb", "size": 1094, "path": "media/graph/graph_summary_8fc9581bf6d725b6b154.graph.json"}, "epoch": 149, "_timestamp": 1682772679.957577, "loss": 0.0007645211298950016, "mae": 0.019772270694375038, "mse": 0.0007645211298950016, "root_mean_squared_error": 0.027649974450469017, "val_loss": 0.0007280950667336583, "val_mae": 0.01959383673965931, "val_mse": 0.0007280950667336583, "val_root_mean_squared_error": 0.026983236894011497, "lr": 9.999999747378752e-06, "_runtime": 927.3167278766632, "_step": 1349, "best_val_loss": 2.7619100364972837e-05, "best_epoch": 147, "_wandb": {"runtime": 926}}