{"graph": {"_type": "graph-file", "sha256": "0309aaad4310d3a88dc4cbb5b5549f5f644e56450dd9c42ef01aa230f0b48c72", "size": 512, "path": "media/graph/graph_summary_0309aaad4310d3a88dc4.graph.json"}, "epoch": 149, "_timestamp": 1684254586.4617193, "loss": 2.7224979930906557e-05, "mae": 0.003035457106307149, "mse": 2.7224979930906557e-05, "val_loss": 2.4909617422963493e-05, "val_mae": 0.0030114557594060898, "val_mse": 2.4909617422963493e-05, "lr": 0.0005387500277720392, "_runtime": 7731.552096366882, "_step": 149, "best_val_loss": 2.4909617422963493e-05, "best_epoch": 149, "_wandb": {"runtime": 7735}}