{"graph": {"_type": "graph-file", "sha256": "e69dad264e70d5b54e07e1a9225fd75d5e30853f78f90278e365c352554c5dd6", "size": 593, "path": "media/graph/graph_summary_e69dad264e70d5b54e07.graph.json"}, "epoch": 29, "_timestamp": 1681745380.9280355, "loss": 0.2109280377626419, "mae": 0.04145527258515358, "mse": 0.00245837913826108, "val_loss": 0.2108783721923828, "val_mae": 0.04184936732053757, "val_mse": 0.002522974507883191, "lr": 7.69955586292781e-05, "_runtime": 73.56067156791687, "_step": 269, "best_val_loss": 0.1652756631374359, "best_epoch": 29, "_wandb": {"runtime": 72}}