{"graph": {"_type": "graph-file", "sha256": "72ada4f33166eb752e57e89a7970e839c70f556e32c4d493ea90b42ee1502050", "size": 512, "path": "media/graph/graph_summary_72ada4f33166eb752e57.graph.json"}, "epoch": 29, "_timestamp": 1682645165.5030937, "loss": 0.0019233333878219128, "mae": 0.03795609995722771, "mse": 0.0019233333878219128, "root_mean_squared_error": 0.043855827301740646, "val_loss": 0.0019565431866794825, "val_mae": 0.03835342824459076, "val_mse": 0.0019565431866794825, "val_root_mean_squared_error": 0.04423283040523529, "lr": 0.03279733657836914, "_runtime": 3252.5232887268066, "_step": 269, "best_val_loss": 0.001890398096293211, "best_epoch": 27, "_wandb": {"runtime": 3251}}