{"graph": {"_type": "graph-file", "sha256": "0aefe818bd72f5996af43d11f603b720f44ba087f2d08bd572ce3fd873a74083", "size": 593, "path": "media/graph/graph_summary_0aefe818bd72f5996af4.graph.json"}, "epoch": 199, "_timestamp": 1681911132.2606294, "loss": 0.00152671430259943, "mae": 0.03213449567556381, "mse": 0.0014624511823058128, "val_loss": 0.0015542584005743265, "val_mae": 0.0325515978038311, "val_mse": 0.001489578397013247, "lr": 9.999999747378752e-06, "_runtime": 914.558390378952, "_step": 1799, "best_val_loss": 0.0007531250012107193, "best_epoch": 196, "_wandb": {"runtime": 913}}