{"graph": {"_type": "graph-file", "sha256": "b0e991419d33b8f9c145667fc3dc680a07142ed57013a1d3ab881f78806acf0c", "size": 593, "path": "media/graph/graph_summary_b0e991419d33b8f9c145.graph.json"}, "epoch": 49, "_timestamp": 1681908565.030926, "loss": 0.0014277688460424542, "mae": 0.03072994388639927, "mse": 0.001348072080872953, "val_loss": 0.0014308567624539137, "val_mae": 0.030937425792217255, "val_mse": 0.0013514384627342224, "lr": 9.999999747378752e-06, "_runtime": 330.78747391700745, "_step": 449, "best_val_loss": 0.0009404545999132097, "best_epoch": 49, "_wandb": {"runtime": 330}}