{"graph": {"_type": "graph-file", "sha256": "428d43ed4ba55bd25f52d194ff345c5907a27f8043c5b04fe59c6e24e8072621", "size": 569, "path": "media/graph/graph_summary_428d43ed4ba55bd25f52.graph.json"}, "epoch": 199, "_timestamp": 1684187116.377447, "loss": 0.0035113960038870573, "mae": 0.049828436225652695, "mse": 0.0035105485003441572, "val_loss": 0.0035146509762853384, "val_mae": 0.050032150000333786, "val_mse": 0.003513783449307084, "lr": 9.999999747378752e-06, "_runtime": 522.0011279582977, "_step": 199, "best_val_loss": 0.0035146367736160755, "best_epoch": 186, "_wandb": {"runtime": 520}}