{"graph": {"_type": "graph-file", "sha256": "6b661ee68a9e83fb819a483f5a1668581ecbdd6399e744e8ec02dc700dc82bfe", "size": 593, "path": "media/graph/graph_summary_6b661ee68a9e83fb819a.graph.json"}, "epoch": 299, "_timestamp": 1684439977.782861, "loss": 0.0009649064741097391, "mae": 0.018999610096216202, "mse": 0.0006984494393691421, "root_mean_squared_error": 0.02642819471657276, "val_loss": 0.0009899521246552467, "val_mae": 0.01913452334702015, "val_mse": 0.0007234640070237219, "val_root_mean_squared_error": 0.026897286996245384, "lr": 9.999999747378752e-06, "_runtime": 213.89460706710815, "_step": 299, "best_val_loss": 0.0009889708599075675, "best_epoch": 265, "_wandb": {"runtime": 212}}