{"graph": {"_type": "graph-file", "sha256": "795a88715d0aba0a3961b5d20f80a2040d1a10798dad2df4eba6a425a54b311f", "size": 590, "path": "media/graph/graph_summary_795a88715d0aba0a3961.graph.json"}, "epoch": 49, "_timestamp": 1681066457.6807058, "loss": 0.001957876142114401, "mae": 0.03834128752350807, "mse": 0.001957876142114401, "val_loss": 0.001995398662984371, "val_mae": 0.038785409182310104, "val_mse": 0.001995398662984371, "lr": 9.999999747378752e-06, "_runtime": 64.70902681350708, "_step": 49, "best_val_loss": 0.001995398662984371, "best_epoch": 49, "_wandb": {"runtime": 64}}