{"graph": {"_type": "graph-file", "sha256": "c2730f699a8815555d62030bf12fb53135040e39d629e223366690c497265135", "size": 565, "path": "media/graph/graph_summary_c2730f699a8815555d62.graph.json"}, "epoch": 9, "_timestamp": 1682357047.3077228, "loss": 0.0013383483747020364, "mae": 0.025889353826642036, "mse": 0.001083074021153152, "val_loss": 0.0014478724915534258, "val_mae": 0.027633165940642357, "val_mse": 0.0012282079551368952, "lr": 0.09925000369548798, "_runtime": 9.236323833465576, "_step": 9, "best_val_loss": 0.0014429785078391433, "best_epoch": 7, "_wandb": {"runtime": 8}}