{"graph": {"_type": "graph-file", "sha256": "3b09f79072e78bf88fe78afe69bd7d01738f600f87da5ab6164f266913cad3fd", "size": 595, "path": "media/graph/graph_summary_3b09f79072e78bf88fe7.graph.json"}, "epoch": 49, "_timestamp": 1681582054.9472756, "loss": 0.002993742935359478, "mae": 0.03749311342835426, "mse": 0.0018907241756096482, "val_loss": 0.0030304810497909784, "val_mae": 0.03785689175128937, "val_mse": 0.0019334325334057212, "lr": 9.999999747378752e-06, "_runtime": 79.51566457748413, "_step": 49, "best_val_loss": 0.0030304810497909784, "best_epoch": 49, "_wandb": {"runtime": 79}}