{"graph": {"_type": "graph-file", "sha256": "cd2fdc98842f75ff43805143b0ee0c63a2fbb3579c3ed7e1864999cbf9e4d162", "size": 593, "path": "media/graph/graph_summary_cd2fdc98842f75ff4380.graph.json"}, "epoch": 249, "_timestamp": 1684418391.5450234, "loss": 949271.125, "mae": 974.1912841796875, "mse": 949270.9375, "root_mean_squared_error": 974.3053588867188, "val_loss": 948039.4375, "val_mae": 973.5543823242188, "val_mse": 948039.3125, "val_root_mean_squared_error": 973.673095703125, "lr": 9.999999747378752e-06, "_runtime": 75.66582036018372, "_step": 249, "best_val_loss": 948039.4375, "best_epoch": 16, "_wandb": {"runtime": 74}}