{"graph": {"_type": "graph-file", "sha256": "6b661ee68a9e83fb819a483f5a1668581ecbdd6399e744e8ec02dc700dc82bfe", "size": 593, "path": "media/graph/graph_summary_6b661ee68a9e83fb819a.graph.json"}, "epoch": 299, "_timestamp": 1684501693.414904, "loss": 0.0015843062428757548, "mae": 0.02371194399893284, "mse": 0.001172760734334588, "root_mean_squared_error": 0.03424559533596039, "val_loss": 0.0014583150623366237, "val_mae": 0.02277855947613716, "val_mse": 0.0010467716492712498, "val_root_mean_squared_error": 0.03235384821891785, "lr": 9.999999747378752e-06, "_runtime": 133.6573932170868, "_step": 299, "best_val_loss": 0.0014583150623366237, "best_epoch": 299, "_wandb": {"runtime": 133}}