{"graph": {"_type": "graph-file", "sha256": "c9b8455352c6576033a42d0639483f34d79514cf92cfc4ab463692e25de23689", "size": 586, "path": "media/graph/graph_summary_c9b8455352c6576033a4.graph.json"}, "epoch": 499, "_timestamp": 1684490844.1153085, "loss": 0.0017759620677679777, "mae": 0.025980133563280106, "mse": 0.0013672312488779426, "root_mean_squared_error": 0.03697609156370163, "val_loss": 0.001590612344443798, "val_mae": 0.024860715493559837, "val_mse": 0.0011818810598924756, "val_root_mean_squared_error": 0.03437849506735802, "lr": 9.999999747378752e-06, "_runtime": 124.07703042030334, "_step": 499, "best_val_loss": 0.0015900054713711143, "best_epoch": 495, "_wandb": {"runtime": 122}}