{"graph": {"_type": "graph-file", "sha256": "f64dc3c80885127e0e16bb582ad9e1f649e3e819590122ca9108efd4ba6087c3", "size": 770, "path": "media/graph/graph_summary_f64dc3c80885127e0e16.graph.json"}, "epoch": 199, "_timestamp": 1682269030.6032338, "loss": 0.007567142602056265, "mae": 0.07518516480922699, "mse": 0.007567142602056265, "val_loss": 0.007510020863264799, "val_mae": 0.07456815987825394, "val_mse": 0.007510020863264799, "lr": 9.999999747378752e-06, "_runtime": 850.0612757205963, "_step": 1799, "best_val_loss": 0.007510020863264799, "best_epoch": 0, "_wandb": {"runtime": 849}}