{"graph": {"_type": "graph-file", "sha256": "6ff41643cac7e56ed9b4ee7655dda5b5799b7b8df67bc11e4a9b2486f4e6781d", "size": 770, "path": "media/graph/graph_summary_6ff41643cac7e56ed9b4.graph.json"}, "epoch": 199, "_timestamp": 1682260173.7346878, "loss": 0.007567143067717552, "mae": 0.07518517225980759, "mse": 0.007567143067717552, "val_loss": 0.007510020397603512, "val_mae": 0.07456816732883453, "val_mse": 0.007510020397603512, "lr": 1.128984604292782e-05, "_runtime": 507.6094048023224, "_step": 1799, "best_val_loss": 0.007510020397603512, "best_epoch": 0, "_wandb": {"runtime": 506}}