{"graph": {"_type": "graph-file", "sha256": "f5887a97c0d166e9d649cfa4b76f96692a7619282b5781779c8df88c7069444c", "size": 1092, "path": "media/graph/graph_summary_f5887a97c0d166e9d649.graph.json"}, "epoch": 29, "_timestamp": 1682745498.33317, "loss": 0.0008940148400142789, "mae": 0.023542514070868492, "mse": 0.0008940148400142789, "root_mean_squared_error": 0.029900075867772102, "val_loss": 0.0008150298381224275, "val_mae": 0.022427663207054138, "val_mse": 0.0008150298381224275, "val_root_mean_squared_error": 0.028548726812005043, "lr": 0.008855530060827732, "_runtime": 184.1668758392334, "_step": 269, "best_val_loss": 9.22987746889703e-05, "best_epoch": 28, "_wandb": {"runtime": 183}}