{"graph": {"_type": "graph-file", "sha256": "147bf73cb59c4ad2fcda8464a7593dd6114161a0ce6ce5cd5c7b4f0d7db271fd", "size": 768, "path": "media/graph/graph_summary_147bf73cb59c4ad2fcda.graph.json"}, "epoch": 19, "_timestamp": 1682718526.6830988, "loss": 0.007567143067717552, "mae": 0.07518517225980759, "mse": 0.007567143067717552, "root_mean_squared_error": 0.08698932826519012, "val_loss": 0.0075100199319422245, "val_mae": 0.07456817477941513, "val_mse": 0.0075100199319422245, "val_root_mean_squared_error": 0.08666037023067474, "lr": 0.027601832523941994, "_runtime": 71.89268469810486, "_step": 179, "best_val_loss": 0.0075100199319422245, "best_epoch": 0, "_wandb": {"runtime": 70}}