{"graph": {"_type": "graph-file", "sha256": "bffd334a9b24aa58c89940ad162463ef17a2f68a96f90a7a8bec9297583382c9", "size": 464, "path": "media/graph/graph_summary_bffd334a9b24aa58c899.graph.json"}, "epoch": 29, "_timestamp": 1682432138.78825, "loss": 0.001915430068038404, "mae": 0.03787696361541748, "mse": 0.001915430068038404, "root_mean_squared_error": 0.04376562684774399, "R2": -0.07249225676059723, "val_loss": 0.001949657453224063, "val_mae": 0.03830621391534805, "val_mse": 0.001949657453224063, "val_root_mean_squared_error": 0.044154927134513855, "val_R2": -450.73101806640625, "lr": 0.00011584538879105821, "_runtime": 53.32619500160217, "_step": 29, "best_val_loss": 0.001949657453224063, "best_epoch": 29, "_wandb": {"runtime": 53}}