{"graph": {"_type": "graph-file", "sha256": "4898e52c470d7b5b8df0c79a41874d8c5b3cd39afced736cc9236fa0d8eaf321", "size": 1094, "path": "media/graph/graph_summary_4898e52c470d7b5b8df0.graph.json"}, "epoch": 49, "_timestamp": 1683695788.4354086, "loss": 0.00017302113701589406, "mae": 0.00967947393655777, "mse": 0.00017302113701589406, "root_mean_squared_error": 0.013153751380741596, "val_loss": 0.00019162027456331998, "val_mae": 0.011785370297729969, "val_mse": 0.00019162027456331998, "val_root_mean_squared_error": 0.013842696323990822, "lr": 0.012007998302578926, "_runtime": 634.3761076927185, "_step": 499, "best_val_loss": 9.808501636143774e-05, "best_epoch": 42, "_wandb": {"runtime": 633}}