{"graph": {"_type": "graph-file", "sha256": "9bc7189b24d497184a211ecf0c9990edd106176e780992dcbe4311c61618a83a", "size": 593, "path": "media/graph/graph_summary_9bc7189b24d497184a21.graph.json"}, "epoch": 199, "_timestamp": 1684357890.0282001, "loss": 0.0005764024681411684, "mae": 0.01900666579604149, "mse": 0.0005352150183171034, "root_mean_squared_error": 0.023134713992476463, "val_loss": 0.0005904074059799314, "val_mae": 0.019517168402671814, "val_mse": 0.0005494116339832544, "val_root_mean_squared_error": 0.023439530283212662, "lr": 9.999999747378752e-06, "_runtime": 208.74280524253845, "_step": 199, "best_val_loss": 0.0005903600831516087, "best_epoch": 198, "_wandb": {"runtime": 206}}