{"graph": {"_type": "graph-file", "sha256": "16b3e25627e4178ba39f44993f060fb375a389d850cee6adef7abcdb4a6cdf5b", "size": 593, "path": "media/graph/graph_summary_16b3e25627e4178ba39f.graph.json"}, "epoch": 49, "_timestamp": 1682938446.8687515, "loss": 0.002841127337887883, "mae": 0.04255712777376175, "mse": 0.0025939946062862873, "root_mean_squared_error": 0.05093127116560936, "val_loss": 0.0028576517943292856, "val_mae": 0.04276701435446739, "val_mse": 0.0026105830911546946, "val_root_mean_squared_error": 0.05109386518597603, "lr": 9.999999747378752e-06, "_runtime": 234.2581124305725, "_step": 499, "best_val_loss": 0.0028576345648616552, "best_epoch": 46, "_wandb": {"runtime": 233}}