{"graph": {"_type": "graph-file", "sha256": "b742085c3212d7e66867272024ed2be0a65139458aed034cb70ac96d44debbbd", "size": 487, "path": "media/graph/graph_summary_b742085c3212d7e66867.graph.json"}, "epoch": 49, "_timestamp": 1682451806.3182678, "loss": 8.470617467537522e-05, "mae": 0.006286076735705137, "mse": 8.470617467537522e-05, "root_mean_squared_error": 0.009203596971929073, "val_loss": 3.290982931503095e-05, "val_mae": 0.0037832038942724466, "val_mse": 3.290982931503095e-05, "val_root_mean_squared_error": 0.005736709106713533, "lr": 0.03448000177741051, "_runtime": 212.05226874351501, "_step": 49, "best_val_loss": 3.290982931503095e-05, "best_epoch": 49, "_wandb": {"runtime": 214}}