{"graph": {"_type": "graph-file", "sha256": "e61e9e0fe6082f59c724040cb55b7790425c52f7796885a7bbb4f86129308f32", "size": 1185, "path": "media/graph/graph_summary_e61e9e0fe6082f59c724.graph.json"}, "epoch": 49, "_timestamp": 1681305548.055525, "loss": 0.0019143437966704369, "mae": 0.03787112236022949, "mse": 0.0019143437966704369, "val_loss": 0.0019499791087582707, "val_mae": 0.03830086067318916, "val_mse": 0.0019499791087582707, "lr": 9.999999747378752e-06, "_runtime": 29.289368152618408, "_step": 49, "best_val_loss": 0.0019496091408655047, "best_epoch": 24, "_wandb": {"runtime": 28}}