{"graph": {"_type": "graph-file", "sha256": "52354436a0937e7822deb36f512d218d61c2555a733dd3a81dd2ea6c5f1f6c30", "size": 441, "path": "media/graph/graph_summary_52354436a0937e7822de.graph.json"}, "epoch": 29, "_timestamp": 1682527310.6845813, "loss": 0.0016547071281820536, "mae": 0.03466908261179924, "mse": 0.0016547071281820536, "root_mean_squared_error": 0.04067809134721756, "val_loss": 0.0016308616613969207, "val_mae": 0.034328654408454895, "val_mse": 0.0016308616613969207, "val_root_mean_squared_error": 0.04038392752408981, "lr": 0.006179843097925186, "_runtime": 548.349719285965, "_step": 269, "best_val_loss": 0.0010544916149228811, "best_epoch": 29, "_wandb": {"runtime": 537}}