{"graph": {"_type": "graph-file", "sha256": "39c128fae6b8daea27f373be9d1c627eee471dbe14be20e79812ffd5a41a2e93", "size": 593, "path": "media/graph/graph_summary_39c128fae6b8daea27f3.graph.json"}, "epoch": 149, "_timestamp": 1682941763.3612106, "loss": 0.0021325601264834404, "mae": 0.03496914356946945, "mse": 0.001934393192641437, "root_mean_squared_error": 0.04398173838853836, "val_loss": 0.0021686421241611242, "val_mae": 0.035330384969711304, "val_mse": 0.0019700280390679836, "val_root_mean_squared_error": 0.044384997338056564, "lr": 9.999999747378752e-06, "_runtime": 592.6951735019684, "_step": 1499, "best_val_loss": 0.0015814285725355148, "best_epoch": 144, "_wandb": {"runtime": 591}}