{"graph": {"_type": "graph-file", "sha256": "4c8185c8f5e04e39cd8f5552d04239b6d1cd9a5441834b2fc4ce30fde6208e51", "size": 740, "path": "media/graph/graph_summary_4c8185c8f5e04e39cd8f.graph.json"}, "epoch": 1, "_timestamp": 1680804620.377685, "loss": 4.738845348358154, "mae": 0.2645649313926697, "mse": 0.07069676369428635, "val_loss": 3.493346691131592, "val_mae": 0.2651121914386749, "val_mse": 0.07091709971427917, "lr": 0.0010000000474974513, "_runtime": 6.411381006240845, "_step": 1, "best_val_loss": 3.493346691131592, "best_epoch": 1, "_wandb": {"runtime": 6}}