{"graph": {"_type": "graph-file", "sha256": "6e3e4bbe6e3769228bcdb9410635d599fe9231b2cc8ca5dbea0c396d09caaadf", "size": 432, "path": "media/graph/graph_summary_6e3e4bbe6e3769228bcd.graph.json"}, "epoch": 149, "_timestamp": 1682608495.7279007, "loss": 0.0019257996464148164, "mae": 0.03800279274582863, "mse": 0.0019257996464148164, "root_mean_squared_error": 0.04388393834233284, "val_loss": 0.001961934147402644, "val_mae": 0.03844358026981354, "val_mse": 0.001961934147402644, "val_root_mean_squared_error": 0.044293731451034546, "lr": 0.0006770052132196724, "_runtime": 5785.491259813309, "_step": 1349, "best_val_loss": 0.001922014751471579, "best_epoch": 138, "_wandb": {"runtime": 5784}}