{"graph": {"_type": "graph-file", "sha256": "9ddb5ce411971f1d49672a7c8823691761f6e113ffb2ba88f02fb4e834056542", "size": 729, "path": "media/graph/graph_summary_9ddb5ce411971f1d4967.graph.json"}, "epoch": 99, "_timestamp": 1680789860.5400214, "loss": 0.0008192506502382457, "mae": 0.024715756997466087, "mse": 0.000819222186692059, "val_loss": 0.0008652866235934198, "val_mae": 0.025664767250418663, "val_mse": 0.0008652578108012676, "lr": 9.999999747378752e-06, "_runtime": 167.47084546089172, "_step": 99, "best_val_loss": 0.0008652635151520371, "best_epoch": 50, "_wandb": {"runtime": 165}}