{"graph": {"_type": "graph-file", "sha256": "737213a5746f98a2e651659b973363668c2fd5a4d309cc12d85970a7133fcef8", "size": 596, "path": "media/graph/graph_summary_737213a5746f98a2e651.graph.json"}, "epoch": 49, "_timestamp": 1681573307.5753133, "loss": 0.002655693795531988, "mae": 0.0369519479572773, "mse": 0.0018385967705398798, "val_loss": 0.002692521782591939, "val_mae": 0.03728534281253815, "val_mse": 0.0018738952931016684, "lr": 9.999999747378752e-06, "_runtime": 77.2447452545166, "_step": 49, "best_val_loss": 0.002692521782591939, "best_epoch": 49, "_wandb": {"runtime": 77}}