{"graph": {"_type": "graph-file", "sha256": "1785182a8938e85aaf169ea6025535b5174c3739f75c0c5ec3f5b86cac6fb411", "size": 771, "path": "media/graph/graph_summary_1785182a8938e85aaf16.graph.json"}, "epoch": 29, "_timestamp": 1682719417.7697546, "loss": 0.007567143067717552, "mae": 0.07518515735864639, "mse": 0.007567143067717552, "root_mean_squared_error": 0.08698932826519012, "val_loss": 0.007510020863264799, "val_mae": 0.07456816732883453, "val_mse": 0.007510020863264799, "val_root_mean_squared_error": 0.08666037768125534, "lr": 0.04319511726498604, "_runtime": 73.44943165779114, "_step": 269, "best_val_loss": 0.007510020863264799, "best_epoch": 0, "_wandb": {"runtime": 72}}