{"graph": {"_type": "graph-file", "sha256": "50c0ac54b12eaef92caa2bb76e95c30e19f641047844ef9ce739012bbf621497", "size": 740, "path": "media/graph/graph_summary_50c0ac54b12eaef92caa.graph.json"}, "epoch": 49, "_timestamp": 1681319461.3091574, "loss": 2.4887044429779053, "mae": 0.03820774331688881, "mse": 0.0019799871370196342, "val_loss": 2.488434314727783, "val_mae": 0.0386369451880455, "val_mse": 0.0020365414675325155, "lr": 9.999999747378752e-06, "_runtime": 77.14589428901672, "_step": 49, "best_val_loss": 2.488434314727783, "best_epoch": 49, "_wandb": {"runtime": 76}}