{"graph": {"_type": "graph-file", "sha256": "898ad7bb47a268dc06e7c6f50b60c9a638e9a891a17737f3d00fb6a4257e8601", "size": 766, "path": "media/graph/graph_summary_898ad7bb47a268dc06e7.graph.json"}, "epoch": 149, "_timestamp": 1682788995.9213195, "loss": 0.007567142602056265, "mae": 0.07518515735864639, "mse": 0.007567142602056265, "root_mean_squared_error": 0.08698932826519012, "val_loss": 0.00751001900061965, "val_mae": 0.07456815987825394, "val_mse": 0.00751001900061965, "val_root_mean_squared_error": 0.08666036278009415, "lr": 9.999999747378752e-06, "_runtime": 636.4499275684357, "_step": 1349, "best_val_loss": 0.00751001900061965, "best_epoch": 0, "_wandb": {"runtime": 635}}