{"graph": {"_type": "graph-file", "sha256": "83adf49373329c083989913f151e3f6263af3a6919b1f6b98d43c7f799ad0fba", "size": 886, "path": "media/graph/graph_summary_83adf49373329c083989.graph.json"}, "epoch": 49, "_timestamp": 1681068854.3762867, "loss": 0.0019144624238833785, "mae": 0.037871427834033966, "mse": 0.0019144327379763126, "val_loss": 0.0019499588524922729, "val_mae": 0.03830144554376602, "val_mse": 0.001949928468093276, "lr": 9.999999747378752e-06, "_runtime": 108.36167573928833, "_step": 49, "best_val_loss": 0.0019498849287629128, "best_epoch": 43, "_wandb": {"runtime": 107}}