{"graph": {"_type": "graph-file", "sha256": "bffd334a9b24aa58c89940ad162463ef17a2f68a96f90a7a8bec9297583382c9", "size": 464, "path": "media/graph/graph_summary_bffd334a9b24aa58c899.graph.json"}, "epoch": 19, "_timestamp": 1682432233.3794007, "loss": 0.0002949644112959504, "mae": 0.01267861295491457, "mse": 0.0002949644112959504, "root_mean_squared_error": 0.017174527049064636, "R2": 0.8011854887008667, "val_loss": 0.0004716784169431776, "val_mae": 0.017969196662306786, "val_mse": 0.0004716784169431776, "val_root_mean_squared_error": 0.021718159317970276, "val_R2": -8.925447463989258, "lr": 0.006941612809896469, "_runtime": 76.83476066589355, "_step": 19, "best_val_loss": 0.0003274895716458559, "best_epoch": 18, "_wandb": {"runtime": 76}}