{"graph": {"_type": "graph-file", "sha256": "dd3126f43e45b2a9aa40fb7174615dfa705a55defecd19f48a7478be5b381cad", "size": 465, "path": "media/graph/graph_summary_dd3126f43e45b2a9aa40.graph.json"}, "epoch": 199, "_timestamp": 1682427087.3116746, "loss": 0.001914392807520926, "mae": 0.037871479988098145, "mse": 0.001914392807520926, "root_mean_squared_error": 0.04375377297401428, "R2": -7.325691223144531, "val_loss": 0.0019499247428029776, "val_mae": 0.0383015014231205, "val_mse": 0.0019499247428029776, "val_root_mean_squared_error": 0.044157955795526505, "val_R2": -7.210261821746826, "lr": 9.999999747378752e-06, "_runtime": 47.499531507492065, "_step": 199, "best_val_loss": 0.0019496562890708447, "best_epoch": 28, "_wandb": {"runtime": 46}}