{"graph": {"_type": "graph-file", "sha256": "a087add86b312f72c931294c7356467414b135bb24692633ed22031017b21a0d", "size": 593, "path": "media/graph/graph_summary_a087add86b312f72c931.graph.json"}, "epoch": 249, "_timestamp": 1684406393.4336689, "loss": 0.0015593444695696235, "mae": 0.026141265407204628, "mse": 0.0013554227771237493, "root_mean_squared_error": 0.0368160679936409, "val_loss": 0.0016213132767006755, "val_mae": 0.02677992545068264, "val_mse": 0.001417249906808138, "val_root_mean_squared_error": 0.03764637932181358, "lr": 9.999999747378752e-06, "_runtime": 395.26280188560486, "_step": 249, "best_val_loss": 0.0016213132767006755, "best_epoch": 249, "_wandb": {"runtime": 394}}