{"graph": {"_type": "graph-file", "sha256": "515d2e6ad6543b294222d622482dfd5f69d3afbc6cc7c8fc117883c40b27be18", "size": 562, "path": "media/graph/graph_summary_515d2e6ad6543b294222.graph.json"}, "epoch": 49, "_timestamp": 1681055468.8226438, "loss": 0.001538106705993414, "mae": 0.03315399959683418, "mse": 0.001538106705993414, "val_loss": 0.0015540987951681018, "val_mae": 0.03339138254523277, "val_mse": 0.0015540987951681018, "lr": 9.999999747378752e-06, "_runtime": 47.709375858306885, "_step": 49, "best_val_loss": 0.0015540987951681018, "best_epoch": 49, "_wandb": {"runtime": 47}}