{"graph": {"_type": "graph-file", "sha256": "f4b794a05316b11398b1487afd523d4dca8fd0852f7158c6c52ab5aeae091798", "size": 770, "path": "media/graph/graph_summary_f4b794a05316b11398b1.graph.json"}, "epoch": 149, "_timestamp": 1682718278.811677, "loss": 0.6822338700294495, "mae": 0.8248147964477539, "mse": 0.6822338700294495, "root_mean_squared_error": 0.8259745240211487, "val_loss": 0.6832872629165649, "val_mae": 0.8254318833351135, "val_mse": 0.6832872629165649, "val_root_mean_squared_error": 0.8266119360923767, "lr": 2.112246693286579e-05, "_runtime": 339.30359292030334, "_step": 1349, "best_val_loss": 0.0025532031431794167, "best_epoch": 24, "_wandb": {"runtime": 338}}