{"graph": {"_type": "graph-file", "sha256": "0f6e11124b825ed7bbfc5bbafc0a3f4b01349a9cfea975b4a80447e3adf778aa", "size": 1040, "path": "media/graph/graph_summary_0f6e11124b825ed7bbfc.graph.json"}, "epoch": 149, "_timestamp": 1684865787.9035103, "loss": 0.0002211970422649756, "mae": 0.012865204364061356, "mse": 0.0002211970422649756, "root_mean_squared_error": 0.014872695319354534, "val_loss": 0.00024027653853408992, "val_mae": 0.013541314750909805, "val_mse": 0.00024027653853408992, "val_root_mean_squared_error": 0.015500856563448906, "lr": 2.6128964236704633e-05, "_runtime": 70.83438444137573, "_step": 149, "best_val_loss": 0.00024011119967326522, "best_epoch": 89, "_wandb": {"runtime": 69}}