{"graph": {"_type": "graph-file", "sha256": "9ddb5ce411971f1d49672a7c8823691761f6e113ffb2ba88f02fb4e834056542", "size": 729, "path": "media/graph/graph_summary_9ddb5ce411971f1d4967.graph.json"}, "epoch": 49, "_timestamp": 1681308462.0137599, "loss": 2.442873954772949, "mae": 0.03719897195696831, "mse": 0.001853453111834824, "val_loss": 2.4425933361053467, "val_mae": 0.037708137184381485, "val_mse": 0.0018941452726721764, "lr": 9.999999747378752e-06, "_runtime": 88.36956977844238, "_step": 49, "best_val_loss": 2.4425933361053467, "best_epoch": 49, "_wandb": {"runtime": 88}}