{"graph": {"_type": "graph-file", "sha256": "57dc9c741263a94e97f3876461adb92051b7ba93b27045a5f1cd3f0a0e2c6380", "size": 487, "path": "media/graph/graph_summary_57dc9c741263a94e97f3.graph.json"}, "epoch": 149, "_timestamp": 1682874820.8083575, "loss": 3.469444664006005e-06, "mae": 0.0013779524015262723, "mse": 3.469444664006005e-06, "root_mean_squared_error": 0.001862644450739026, "val_loss": 3.567272869986482e-06, "val_mae": 0.0014139277627691627, "val_mse": 3.567272869986482e-06, "val_root_mean_squared_error": 0.001888722530566156, "lr": 0.0002693750138860196, "_runtime": 1088.5316965579987, "_step": 149, "best_val_loss": 3.481088924672804e-06, "best_epoch": 130, "_wandb": {"runtime": 1087}}