{"graph": {"_type": "graph-file", "sha256": "6a1b6f1b176e0305156eb8799605f845f1ae428f68a3478c09477ebd5a4fb441", "size": 593, "path": "media/graph/graph_summary_6a1b6f1b176e0305156e.graph.json"}, "epoch": 9, "_timestamp": 1682436936.9086094, "loss": 0.0028492689598351717, "mae": 0.040240369737148285, "mse": 0.0022332591470330954, "root_mean_squared_error": 0.04725737124681473, "R2": -0.19866958260536194, "val_loss": 0.003081392962485552, "val_mae": 0.04052532836794853, "val_mse": 0.0022845028433948755, "val_root_mean_squared_error": 0.047796472907066345, "val_R2": -476.973876953125, "lr": 0.09925000369548798, "_runtime": 5.496073484420776, "_step": 9, "best_val_loss": 0.001990643097087741, "best_epoch": 6, "_wandb": {"runtime": 4}}