{"graph": {"_type": "graph-file", "sha256": "74eb4da14a7946959beab73ae4b7d6b7e56fceec427c0e71a986e6b2ab3ab4cb", "size": 579, "path": "media/graph/graph_summary_74eb4da14a7946959bea.graph.json"}, "epoch": 299, "_timestamp": 1684847084.7494886, "loss": 0.001097578671760857, "mae": 0.023959271609783173, "mse": 0.0009741186513565481, "root_mean_squared_error": 0.031210873275995255, "val_loss": 0.0011200379813089967, "val_mae": 0.024032287299633026, "val_mse": 0.0009965713834390044, "val_root_mean_squared_error": 0.03156851977109909, "lr": 9.999999747378752e-06, "_runtime": 285.0642147064209, "_step": 299, "best_val_loss": 0.0011199942091479897, "best_epoch": 294, "_wandb": {"runtime": 283}}