{"graph": {"_type": "graph-file", "sha256": "d96507983f9f4021ac533fb7f9bb9f4b88589e6fb3854b12aff653aca637aa1b", "size": 775, "path": "media/graph/graph_summary_d96507983f9f4021ac53.graph.json"}, "epoch": 149, "_timestamp": 1682714623.2443566, "loss": 0.6822337508201599, "mae": 0.8248149752616882, "mse": 0.6822337508201599, "root_mean_squared_error": 0.8259745240211487, "val_loss": 0.6832874417304993, "val_mae": 0.8254318237304688, "val_mse": 0.6832874417304993, "val_root_mean_squared_error": 0.8266119360923767, "lr": 8.871501631801948e-05, "_runtime": 564.9276916980743, "_step": 1349, "best_val_loss": 0.002553211059421301, "best_epoch": 96, "_wandb": {"runtime": 563}}