{"graph": {"_type": "graph-file", "sha256": "270d7efe005ab41e3f1a950e1ff63d7588c75044119188123434a2b8ab028922", "size": 593, "path": "media/graph/graph_summary_270d7efe005ab41e3f1a.graph.json"}, "epoch": 299, "_timestamp": 1684484064.3457048, "loss": 0.000675218238029629, "mae": 0.01701301336288452, "mse": 0.0004938476486131549, "root_mean_squared_error": 0.02222268283367157, "val_loss": 0.0006828638142906129, "val_mae": 0.01702171191573143, "val_mse": 0.0005014879279769957, "val_root_mean_squared_error": 0.022393926978111267, "lr": 9.999999747378752e-06, "_runtime": 238.67237281799316, "_step": 299, "best_val_loss": 0.0006826043827459216, "best_epoch": 291, "_wandb": {"runtime": 237}}