{"graph": {"_type": "graph-file", "sha256": "e69dad264e70d5b54e07e1a9225fd75d5e30853f78f90278e365c352554c5dd6", "size": 593, "path": "media/graph/graph_summary_e69dad264e70d5b54e07.graph.json"}, "epoch": 19, "_timestamp": 1681840129.9387662, "loss": 0.0026428294368088245, "mae": 0.0372171513736248, "mse": 0.002131269546225667, "val_loss": 0.002179516013711691, "val_mae": 0.03689105063676834, "val_mse": 0.0018883714219555259, "lr": 0.03659680113196373, "_runtime": 52.03232932090759, "_step": 179, "best_val_loss": 0.00123510230332613, "best_epoch": 19, "_wandb": {"runtime": 51}}