{"graph": {"_type": "graph-file", "sha256": "edb43287dce377d98f2aaf1381c3ce628466e3596abe716655f2628c6cc8a006", "size": 487, "path": "media/graph/graph_summary_edb43287dce377d98f2a.graph.json"}, "epoch": 19, "_timestamp": 1682439981.4655828, "loss": 0.00034979675547219813, "mae": 0.014213901944458485, "mse": 0.00034979675547219813, "root_mean_squared_error": 0.018702853471040726, "val_loss": 0.00014390083379112184, "val_mae": 0.008304886519908905, "val_mse": 0.00014390083379112184, "val_root_mean_squared_error": 0.01199586782604456, "lr": 0.06896000355482101, "_runtime": 59.26062488555908, "_step": 19, "best_val_loss": 0.00014390083379112184, "best_epoch": 19, "_wandb": {"runtime": 61}}