{"graph": {"_type": "graph-file", "sha256": "a2f84913392220f091adca0c356e4c5bc2d28c5cf26bdcf33a918957192f1a67", "size": 778, "path": "media/graph/graph_summary_a2f84913392220f091ad.graph.json"}, "epoch": 149, "_timestamp": 1682717833.3083367, "loss": 0.8388006687164307, "mae": 0.9148147106170654, "mse": 0.8388006687164307, "root_mean_squared_error": 0.9158604741096497, "val_loss": 0.8399649262428284, "val_mae": 0.9154319167137146, "val_mse": 0.8399649262428284, "val_root_mean_squared_error": 0.9164960980415344, "lr": 0.00010963581735268235, "_runtime": 902.2225208282471, "_step": 1349, "best_val_loss": 0.00623093219473958, "best_epoch": 0, "_wandb": {"runtime": 900}}