{"graph": {"_type": "graph-file", "sha256": "75392d8990f043329e5dc2bf9fcecb097c0f5dd75d79c6dc68580d2e66643c15", "size": 708, "path": "media/graph/graph_summary_75392d8990f043329e5d.graph.json"}, "epoch": 99, "_timestamp": 1680789116.0130985, "loss": 0.0008192633395083249, "mae": 0.02471698448061943, "mse": 0.0008192359237000346, "val_loss": 0.0008652661927044392, "val_mae": 0.025662753731012344, "val_mse": 0.0008652394753880799, "lr": 9.999999747378752e-06, "_runtime": 74.74784851074219, "_step": 99, "best_val_loss": 0.0008652658434584737, "best_epoch": 63, "_wandb": {"runtime": 74}}