{"graph": {"_type": "graph-file", "sha256": "62adf72a846d167414421c26f61a059263e9d3957c36b4e12fb587a4b3a0b101", "size": 593, "path": "media/graph/graph_summary_62adf72a846d16741442.graph.json"}, "epoch": 299, "_timestamp": 1684483648.7834086, "loss": 0.0005024418351240456, "mae": 0.011802084743976593, "mse": 0.000338373938575387, "root_mean_squared_error": 0.018394943326711655, "val_loss": 0.0005199804436415434, "val_mae": 0.012130310758948326, "val_mse": 0.0003559103060979396, "val_root_mean_squared_error": 0.018865585327148438, "lr": 9.999999747378752e-06, "_runtime": 242.48902654647827, "_step": 299, "best_val_loss": 0.0005196306155994534, "best_epoch": 286, "_wandb": {"runtime": 240}}