{"graph": {"_type": "graph-file", "sha256": "fd19edffc703aab858150e13e04bbf139eedeb34d915b03334d0f82e3b937699", "size": 886, "path": "media/graph/graph_summary_fd19edffc703aab85815.graph.json"}, "epoch": 49, "_timestamp": 1681068961.7143667, "loss": 0.001914474880322814, "mae": 0.03787204250693321, "mse": 0.0019144449615851045, "val_loss": 0.00194998097140342, "val_mae": 0.03830118104815483, "val_mse": 0.001949951983988285, "lr": 9.999999747378752e-06, "_runtime": 100.03003859519958, "_step": 49, "best_val_loss": 0.0019498354522511363, "best_epoch": 35, "_wandb": {"runtime": 99}}