{"graph": {"_type": "graph-file", "sha256": "9eb265a373347b90d3a078cbf2eba6f3621443bec68c0a4c0b554fa5c3bf99fa", "size": 740, "path": "media/graph/graph_summary_9eb265a373347b90d3a0.graph.json"}, "epoch": 99, "_timestamp": 1680787142.9654477, "loss": 5.873878002166748, "mae": 0.017136933282017708, "mse": 0.00046280008973553777, "val_loss": 5.863187789916992, "val_mae": 0.01843351125717163, "val_mse": 0.000551690929569304, "lr": 9.999999747378752e-06, "_runtime": 105.09173560142517, "_step": 99, "best_val_loss": 5.863187789916992, "best_epoch": 99, "_wandb": {"runtime": 104}}