{"graph": {"_type": "graph-file", "sha256": "e69dad264e70d5b54e07e1a9225fd75d5e30853f78f90278e365c352554c5dd6", "size": 593, "path": "media/graph/graph_summary_e69dad264e70d5b54e07.graph.json"}, "epoch": 49, "_timestamp": 1681903887.9038854, "loss": 0.0019143453100696206, "mae": 0.03787098452448845, "mse": 0.0019143434474244714, "val_loss": 0.0019499609479680657, "val_mae": 0.038301073014736176, "val_mse": 0.0019499605987221003, "lr": 9.999999747378752e-06, "_runtime": 92.50801134109497, "_step": 449, "best_val_loss": 0.0019496529130265117, "best_epoch": 32, "_wandb": {"runtime": 91}}