{"graph": {"_type": "graph-file", "sha256": "e704e4a3bd251e4562230547833e4aa5b4eed8e3ebe3a87a6ae96ccc5ba7a4a7", "size": 1097, "path": "media/graph/graph_summary_e704e4a3bd251e456223.graph.json"}, "epoch": 49, "_timestamp": 1682774016.1177766, "loss": 0.00026560999685898423, "mae": 0.012190740555524826, "mse": 0.0002656100259628147, "root_mean_squared_error": 0.01629754714667797, "val_loss": 0.00021706704865209758, "val_mae": 0.012255512177944183, "val_mse": 0.00021706704865209758, "val_root_mean_squared_error": 0.01473319437354803, "lr": 0.01149748358875513, "_runtime": 369.2774827480316, "_step": 449, "best_val_loss": 6.867023330414668e-05, "best_epoch": 49, "_wandb": {"runtime": 368}}