{"graph": {"_type": "graph-file", "sha256": "81377d5fe71ed7f4f6b0969aaa9b4522d3cbd2832803c1ab15b91983c1cec646", "size": 1095, "path": "media/graph/graph_summary_81377d5fe71ed7f4f6b0.graph.json"}, "epoch": 49, "_timestamp": 1682768747.8663216, "loss": 0.0011832533637061715, "mae": 0.028169849887490273, "mse": 0.0011832533637061715, "root_mean_squared_error": 0.03439845144748688, "val_loss": 0.001175567856989801, "val_mae": 0.028669629245996475, "val_mse": 0.001175567856989801, "val_root_mean_squared_error": 0.03428655490279198, "lr": 0.00013093004235997796, "_runtime": 202.74159264564514, "_step": 449, "best_val_loss": 0.00030913116643205285, "best_epoch": 49, "_wandb": {"runtime": 201}}