{"graph": {"_type": "graph-file", "sha256": "4efc66b791d8b4b60cd6bd9190f068ae2e8fbec2b1c2a4f7bf8da92fceb5f8ba", "size": 590, "path": "media/graph/graph_summary_4efc66b791d8b4b60cd6.graph.json"}, "epoch": 49, "_timestamp": 1681066092.4488187, "loss": 0.0018249079585075378, "mae": 0.0367526151239872, "mse": 0.0018249079585075378, "val_loss": 0.0018668904667720199, "val_mae": 0.037216801196336746, "val_mse": 0.0018668904667720199, "lr": 9.999999747378752e-06, "_runtime": 43.97831177711487, "_step": 49, "best_val_loss": 0.0018668904667720199, "best_epoch": 48, "_wandb": {"runtime": 43}}