{"graph": {"_type": "graph-file", "sha256": "c32428d287406381d2718861ee671115bb1e128e3ce39d0ddf9f33cb16f978fd", "size": 740, "path": "media/graph/graph_summary_c32428d287406381d271.graph.json"}, "epoch": 0, "_timestamp": 1681311704.6359472, "loss": 13.926931381225586, "mae": 0.07551336288452148, "mse": 0.0235661081969738, "val_loss": 12.154253005981445, "val_mae": 0.03769100457429886, "val_mse": 0.0019067785469815135, "lr": 0.009999999776482582, "_runtime": 3.550708293914795, "_step": 0, "best_val_loss": 12.154253005981445, "best_epoch": 0, "_wandb": {"runtime": 3}}