{"graph": {"_type": "graph-file", "sha256": "270d7efe005ab41e3f1a950e1ff63d7588c75044119188123434a2b8ab028922", "size": 593, "path": "media/graph/graph_summary_270d7efe005ab41e3f1a.graph.json"}, "epoch": 199, "_timestamp": 1684400143.8914313, "loss": 0.08390132337808609, "mae": 0.2509625554084778, "mse": 0.08390132337808609, "root_mean_squared_error": 0.28965726494789124, "val_loss": 0.08312060683965683, "val_mae": 0.24942168593406677, "val_mse": 0.08312060683965683, "val_root_mean_squared_error": 0.28830644488334656, "lr": 9.999999747378752e-06, "_runtime": 768.4725773334503, "_step": 199, "best_val_loss": 0.08311758190393448, "best_epoch": 43, "_wandb": {"runtime": 767}}