{"graph": {"_type": "graph-file", "sha256": "176169cf2e260c4e7952ee4b83eff6f50cad3ac87c622524399efdf7ec9ca59a", "size": 593, "path": "media/graph/graph_summary_176169cf2e260c4e7952.graph.json"}, "epoch": 249, "_timestamp": 1684408847.810291, "loss": 0.00058597675524652, "mae": 0.0192019771784544, "mse": 0.0005446039140224457, "root_mean_squared_error": 0.023336749523878098, "val_loss": 0.0005998729611746967, "val_mae": 0.019647425040602684, "val_mse": 0.0005583910387940705, "val_root_mean_squared_error": 0.023630298674106598, "lr": 9.999999747378752e-06, "_runtime": 395.97289204597473, "_step": 249, "best_val_loss": 0.0005998729611746967, "best_epoch": 249, "_wandb": {"runtime": 396}}