{"graph": {"_type": "graph-file", "sha256": "d9b76c2a58f3bd649d3c90be58c1599fcdbd54a4e36ebb571136b3dce7cf6852", "size": 1096, "path": "media/graph/graph_summary_d9b76c2a58f3bd649d3c.graph.json"}, "epoch": 29, "_timestamp": 1682765155.5790195, "loss": 0.0019144274992868304, "mae": 0.03787253424525261, "mse": 0.0019144274992868304, "root_mean_squared_error": 0.043754175305366516, "val_loss": 0.001950069796293974, "val_mae": 0.038299884647130966, "val_mse": 0.001950069796293974, "val_root_mean_squared_error": 0.04415959492325783, "lr": 9.999999747378752e-06, "_runtime": 653.6816704273224, "_step": 269, "best_val_loss": 0.0019496101886034012, "best_epoch": 11, "_wandb": {"runtime": 652}}