{"graph": {"_type": "graph-file", "sha256": "de22b56f358365512a341e4573d5b6b8a0a54f9e900aecce5d1a9142f2e1136f", "size": 493, "path": "media/graph/graph_summary_de22b56f358365512a34.graph.json"}, "epoch": 0, "_timestamp": 1683824916.804987, "loss": 0.005056071560829878, "mae": 0.056454479694366455, "mse": 0.005056071560829878, "root_mean_squared_error": 0.07110606133937836, "val_loss": 0.0034975961316376925, "val_mae": 0.050628989934921265, "val_mse": 0.0034975961316376925, "val_root_mean_squared_error": 0.05914047732949257, "lr": 0.06896000355482101, "_runtime": 33.22483205795288, "_step": 0, "best_val_loss": 0.0034975961316376925, "best_epoch": 0}