{"graph": {"_type": "graph-file", "sha256": "a08b533769a8ef6254b803f12c994e6b1b805a21260144814b0df7d153d2e0c1", "size": 733, "path": "media/graph/graph_summary_a08b533769a8ef6254b8.graph.json"}, "epoch": 199, "_timestamp": 1681897638.2746944, "loss": 0.0019143399549648166, "mae": 0.03787107765674591, "mse": 0.0019143399549648166, "val_loss": 0.001949982368387282, "val_mae": 0.038300830870866776, "val_mse": 0.001949982368387282, "lr": 9.999999747378752e-06, "_runtime": 528.2851724624634, "_step": 1799, "best_val_loss": 0.0019498377805575728, "best_epoch": 16, "_wandb": {"runtime": 527}}