{"graph": {"_type": "graph-file", "sha256": "b0e991419d33b8f9c145667fc3dc680a07142ed57013a1d3ab881f78806acf0c", "size": 593, "path": "media/graph/graph_summary_b0e991419d33b8f9c145.graph.json"}, "epoch": 49, "_timestamp": 1681829397.7825274, "loss": 0.0016096312319859862, "mae": 0.032596152275800705, "mse": 0.001499794889241457, "val_loss": 0.0017076281365007162, "val_mae": 0.03426358848810196, "val_mse": 0.001619563321582973, "lr": 0.0008671949617564678, "_runtime": 124.34381556510925, "_step": 449, "best_val_loss": 0.0010974871693179011, "best_epoch": 48, "_wandb": {"runtime": 123}}