{"graph": {"_type": "graph-file", "sha256": "1a7b612cd506dbbedec88f89a72b444484a13b0fa9990d5a1943440fbf027c68", "size": 513, "path": "media/graph/graph_summary_1a7b612cd506dbbedec8.graph.json"}, "epoch": 199, "_timestamp": 1683895121.1294694, "loss": 6.43348103039898e-05, "mae": 0.0055202762596309185, "mse": 6.43348103039898e-05, "root_mean_squared_error": 0.008020898327231407, "val_loss": 6.419613782782108e-05, "val_mae": 0.005556345451623201, "val_mse": 6.419613782782108e-05, "val_root_mean_squared_error": 0.008012249134480953, "lr": 3.367187673575245e-05, "_runtime": 10037.35553431511, "_step": 199, "best_val_loss": 6.382021820172668e-05, "best_epoch": 184, "_wandb": {"runtime": 10032}}