{"graph": {"_type": "graph-file", "sha256": "0307e966be2421b4c862cd0c7d1ff47815175b91cc7e48dde1705a7485896e12", "size": 593, "path": "media/graph/graph_summary_0307e966be2421b4c862.graph.json"}, "epoch": 49, "_timestamp": 1681577329.941271, "loss": 0.0034163801465183496, "mae": 0.03765886649489403, "mse": 0.0018988385563716292, "val_loss": 0.003435190999880433, "val_mae": 0.0380665585398674, "val_mse": 0.0019393648253753781, "lr": 9.999999747378752e-06, "_runtime": 68.72976112365723, "_step": 49, "best_val_loss": 0.003435190999880433, "best_epoch": 49, "_wandb": {"runtime": 68}}