{"graph": {"_type": "graph-file", "sha256": "cd2fdc98842f75ff43805143b0ee0c63a2fbb3579c3ed7e1864999cbf9e4d162", "size": 593, "path": "media/graph/graph_summary_cd2fdc98842f75ff4380.graph.json"}, "epoch": 299, "_timestamp": 1684504448.613032, "loss": 0.002313765464350581, "mae": 0.025272656232118607, "mse": 0.0008646564092487097, "root_mean_squared_error": 0.02940504066646099, "val_loss": 0.0022633157204836607, "val_mae": 0.02433452010154724, "val_mse": 0.0008142300066538155, "val_root_mean_squared_error": 0.028534715995192528, "lr": 9.999999747378752e-06, "_runtime": 463.60267519950867, "_step": 299, "best_val_loss": 0.0022633157204836607, "best_epoch": 299, "_wandb": {"runtime": 462}}