{"graph": {"_type": "graph-file", "sha256": "270d7efe005ab41e3f1a950e1ff63d7588c75044119188123434a2b8ab028922", "size": 593, "path": "media/graph/graph_summary_270d7efe005ab41e3f1a.graph.json"}, "epoch": 299, "_timestamp": 1684440176.744838, "loss": 0.0009520230232737958, "mae": 0.020628798753023148, "mse": 0.0007610038155689836, "root_mean_squared_error": 0.027586298063397408, "val_loss": 0.0009731590398587286, "val_mae": 0.020697278901934624, "val_mse": 0.000782127259299159, "val_root_mean_squared_error": 0.027966538444161415, "lr": 9.999999747378752e-06, "_runtime": 189.37763690948486, "_step": 299, "best_val_loss": 0.0009725516429170966, "best_epoch": 261, "_wandb": {"runtime": 187}}