{"graph": {"_type": "graph-file", "sha256": "7607822ed85fad5b43e19dad7f67e9f8714943a71bbaea8e3e7f043dbe4f3b22", "size": 504, "path": "media/graph/graph_summary_7607822ed85fad5b43e1.graph.json"}, "epoch": 149, "_timestamp": 1684688526.2864747, "loss": 0.0008586033945903182, "mae": 0.025345362722873688, "mse": 0.0008585993782617152, "val_loss": 0.000901409366633743, "val_mae": 0.026162264868617058, "val_mse": 0.0009014068637043238, "lr": 0.0001346875069430098, "_runtime": 1751.9256427288055, "_step": 149, "best_val_loss": 0.0008998525445349514, "best_epoch": 123, "_wandb": {"runtime": 1750}}