{"graph": {"_type": "graph-file", "sha256": "68b02e771716f3691059b7c87feb4e7bdb52932286aaeacdbdcdadff983e3d72", "size": 590, "path": "media/graph/graph_summary_68b02e771716f3691059.graph.json"}, "epoch": 49, "_timestamp": 1680962123.4739132, "loss": 0.0007952579762786627, "mae": 0.02431277185678482, "mse": 0.0007952579762786627, "val_loss": 0.0008414408657699823, "val_mae": 0.025254683569073677, "val_mse": 0.0008414408657699823, "lr": 9.999999747378752e-06, "_runtime": 74.86640620231628, "_step": 49, "best_val_loss": 0.0008414408657699823, "best_epoch": 49, "_wandb": {"runtime": 74}}