{"graph": {"_type": "graph-file", "sha256": "0aefe818bd72f5996af43d11f603b720f44ba087f2d08bd572ce3fd873a74083", "size": 593, "path": "media/graph/graph_summary_0aefe818bd72f5996af4.graph.json"}, "epoch": 149, "_timestamp": 1681921042.4291184, "loss": 0.000949252222198993, "mae": 0.023368176072835922, "mse": 0.0008662180625833571, "val_loss": 0.000934500596486032, "val_mae": 0.02342444285750389, "val_mse": 0.0008517832611687481, "lr": 4.5283766667125747e-05, "_runtime": 237.33716750144958, "_step": 1349, "best_val_loss": 0.0005146595067344606, "best_epoch": 144, "_wandb": {"runtime": 236}}