{"graph": {"_type": "graph-file", "sha256": "b316eee0dfc40bd7c8e1929c43f8e902fe191e80a511242ecb95b21fce8e25cb", "size": 877, "path": "media/graph/graph_summary_b316eee0dfc40bd7c8e1.graph.json"}, "epoch": 49, "_timestamp": 1681895985.967977, "loss": 0.0019143547397106886, "mae": 0.037871409207582474, "mse": 0.0019143541576340795, "val_loss": 0.001950021949596703, "val_mae": 0.038300395011901855, "val_mse": 0.001950021367520094, "lr": 8.476445509586483e-05, "_runtime": 100.35838198661804, "_step": 449, "best_val_loss": 0.0019496174063533545, "best_epoch": 31, "_wandb": {"runtime": 99}}