{"graph": {"_type": "graph-file", "sha256": "1ecadeeef820a219303547a1981331ec050845571431d9a0925fb39b39bbe249", "size": 770, "path": "media/graph/graph_summary_1ecadeeef820a2193035.graph.json"}, "epoch": 19, "_timestamp": 1682277338.648287, "loss": 0.007567143067717552, "mae": 0.07518519461154938, "mse": 0.007567143067717552, "val_loss": 0.0075100199319422245, "val_mae": 0.07456815987825394, "val_mse": 0.0075100199319422245, "lr": 0.009299566969275475, "_runtime": 125.49443817138672, "_step": 179, "best_val_loss": 0.0075100199319422245, "best_epoch": 0, "_wandb": {"runtime": 124}}