{"graph": {"_type": "graph-file", "sha256": "75392d8990f043329e5dc2bf9fcecb097c0f5dd75d79c6dc68580d2e66643c15", "size": 708, "path": "media/graph/graph_summary_75392d8990f043329e5d.graph.json"}, "epoch": 1, "_timestamp": 1680804528.6426122, "loss": 4.921360492706299, "mae": 0.025060778483748436, "mse": 0.0008620333974249661, "val_loss": 3.6324098110198975, "val_mae": 0.02487323433160782, "val_mse": 0.0008570310310460627, "lr": 0.0010000000474974513, "_runtime": 4.740235328674316, "_step": 1, "best_val_loss": 3.6324098110198975, "best_epoch": 1, "_wandb": {"runtime": 5}}