{"graph": {"_type": "graph-file", "sha256": "0aefe818bd72f5996af43d11f603b720f44ba087f2d08bd572ce3fd873a74083", "size": 593, "path": "media/graph/graph_summary_0aefe818bd72f5996af4.graph.json"}, "epoch": 19, "_timestamp": 1681891138.9939206, "loss": 0.002496489556506276, "mae": 0.03809032961726189, "mse": 0.0019446832593530416, "val_loss": 0.002503848634660244, "val_mae": 0.03836390748620033, "val_mse": 0.00195354875177145, "lr": 0.04332602396607399, "_runtime": 73.58352661132812, "_step": 179, "best_val_loss": 0.0023635346442461014, "best_epoch": 13, "_wandb": {"runtime": 72}}