{"graph": {"_type": "graph-file", "sha256": "50c0ac54b12eaef92caa2bb76e95c30e19f641047844ef9ce739012bbf621497", "size": 740, "path": "media/graph/graph_summary_50c0ac54b12eaef92caa.graph.json"}, "epoch": 9, "_timestamp": 1680778222.113907, "loss": 8.167780876159668, "mae": 0.018210450187325478, "mse": 0.000514275161549449, "val_loss": 8.066421508789062, "val_mae": 0.021073797717690468, "val_mse": 0.0006186782848089933, "lr": 4.999999873689376e-05, "_runtime": 16.98827600479126, "_step": 9, "best_val_loss": 8.066421508789062, "best_epoch": 9, "_wandb": {"runtime": 16}}