{"graph": {"_type": "graph-file", "sha256": "bcd5ffc01127c2eeed43cbdabaf6e9a2c7d24ea94c65c850c2532c291bdad3df", "size": 467, "path": "media/graph/graph_summary_bcd5ffc01127c2eeed43.graph.json"}, "epoch": 49, "_timestamp": 1682450824.6209426, "loss": 0.0019717845134437084, "mae": 0.038237445056438446, "mse": 0.0019717845134437084, "root_mean_squared_error": 0.0444047786295414, "val_loss": 0.0019933609291911125, "val_mae": 0.03850559890270233, "val_mse": 0.0019933609291911125, "val_root_mean_squared_error": 0.04464707151055336, "lr": 0.008620000444352627, "_runtime": 85.44930267333984, "_step": 49, "best_val_loss": 0.0019498445326462388, "best_epoch": 12, "_wandb": {"runtime": 84}}