{"graph": {"_type": "graph-file", "sha256": "79b08f6778947b3bc8a78ef05d3dff856660767dcb2583e232a2bb59d0e5856f", "size": 593, "path": "media/graph/graph_summary_79b08f6778947b3bc8a7.graph.json"}, "epoch": 499, "_timestamp": 1684529433.4536548, "loss": 0.000870141142513603, "mae": 0.019411062821745872, "mse": 0.0006156712188385427, "root_mean_squared_error": 0.024812722578644753, "val_loss": 0.0008804122917354107, "val_mae": 0.01958022080361843, "val_mse": 0.0006259408546611667, "val_root_mean_squared_error": 0.025018809363245964, "lr": 9.999999747378752e-06, "_runtime": 384.5432176589966, "_step": 499, "best_val_loss": 0.0008799891802482307, "best_epoch": 469, "_wandb": {"runtime": 383}}