{"graph": {"_type": "graph-file", "sha256": "147d32a9bcaf37f93815f217b7232d693b1a69f5c6bbdd36718c12313dfb9e0a", "size": 593, "path": "media/graph/graph_summary_147d32a9bcaf37f93815.graph.json"}, "epoch": 9, "_timestamp": 1682437431.3819735, "loss": 0.0016869825776666403, "mae": 0.030730489641427994, "mse": 0.0013943995581939816, "root_mean_squared_error": 0.037341658025979996, "val_loss": 0.002131323330104351, "val_mae": 0.033180173486471176, "val_mse": 0.001803983119316399, "val_root_mean_squared_error": 0.04247332364320755, "lr": 0.09925000369548798, "_runtime": 12.35615849494934, "_step": 9, "best_val_loss": 0.0015068118227645755, "best_epoch": 5, "_wandb": {"runtime": 11}}