{"graph": {"_type": "graph-file", "sha256": "950433781f1be1eb8b2fa86c6dd06202468958480c11a6f5d3ff076f636d68ec", "size": 579, "path": "media/graph/graph_summary_950433781f1be1eb8b2f.graph.json"}, "epoch": 9, "_timestamp": 1682437289.405523, "loss": 0.0035004448145627975, "mae": 0.05088496580719948, "mse": 0.003455167869105935, "root_mean_squared_error": 0.05878067761659622, "val_loss": 0.0034585711546242237, "val_mae": 0.05033278092741966, "val_mse": 0.003423217451199889, "val_root_mean_squared_error": 0.05850826948881149, "lr": 0.09925000369548798, "_runtime": 11.586689949035645, "_step": 9, "best_val_loss": 0.0034087044186890125, "best_epoch": 7, "_wandb": {"runtime": 10}}