{"graph": {"_type": "graph-file", "sha256": "0064f6ef937f759794989ab8ce68e092349f64fec9bdf83982a2c5dcff8aaa7b", "size": 1395, "path": "media/graph/graph_summary_0064f6ef937f75979498.graph.json"}, "epoch": 299, "_timestamp": 1684957701.170492, "loss": 0.884100615978241, "mae": 0.9398096203804016, "mse": 0.884100615978241, "root_mean_squared_error": 0.9402661919593811, "val_loss": 0.8864791989326477, "val_mae": 0.941052258014679, "val_mse": 0.8864791989326477, "val_root_mean_squared_error": 0.9415302276611328, "lr": 9.999999747378752e-06, "_runtime": 175.54847288131714, "_step": 299, "best_val_loss": 0.8864791989326477, "best_epoch": 0, "_wandb": {"runtime": 173}}