{"graph": {"_type": "graph-file", "sha256": "97cd6750b9113bed84483a6b8a6e9a1d1f14ca8f78c6a29aacf419f070768ae3", "size": 579, "path": "media/graph/graph_summary_97cd6750b9113bed8448.graph.json"}, "epoch": 9, "_timestamp": 1682357627.5878944, "loss": 0.00196470832452178, "mae": 0.03799058496952057, "mse": 0.001934908563271165, "root_mean_squared_error": 0.04398759454488754, "val_loss": 0.0019945756066590548, "val_mae": 0.038452520966529846, "val_mse": 0.0019862023182213306, "val_root_mean_squared_error": 0.04456682875752449, "lr": 0.09925000369548798, "_runtime": 5.732732534408569, "_step": 9, "best_val_loss": 0.0019849357195198536, "best_epoch": 2, "_wandb": {"runtime": 4}}