{"graph": {"_type": "graph-file", "sha256": "16ecfa3cac81f1273782278afab584fa57113f3a87a4b763ee360bb000c41a74", "size": 740, "path": "media/graph/graph_summary_16ecfa3cac81f1273782.graph.json"}, "epoch": 99, "_timestamp": 1680793120.8097649, "loss": 0.023913057520985603, "mae": 0.024167686700820923, "mse": 0.0007855069125071168, "val_loss": 0.02369854412972927, "val_mae": 0.025117577984929085, "val_mse": 0.0008316724561154842, "lr": 9.999999747378752e-06, "_runtime": 171.64841079711914, "_step": 99, "best_val_loss": 0.02369854412972927, "best_epoch": 99, "_wandb": {"runtime": 171}}