{"graph": {"_type": "graph-file", "sha256": "91cbcf33022116b3b9c2d98087da8f51ac4dd56e4b0c6c76182620485ffe7f3b", "size": 513, "path": "media/graph/graph_summary_91cbcf33022116b3b9c2.graph.json"}, "epoch": 149, "_timestamp": 1683557603.4583786, "loss": 9.549498645355925e-05, "mae": 0.006677605211734772, "mse": 9.549498645355925e-05, "root_mean_squared_error": 0.009772153571248055, "val_loss": 9.31499307625927e-05, "val_mae": 0.006561562418937683, "val_mse": 9.31499307625927e-05, "val_root_mean_squared_error": 0.009651420637965202, "lr": 0.0010775000555440784, "_runtime": 6836.62481045723, "_step": 149, "best_val_loss": 9.136565495282412e-05, "best_epoch": 148, "_wandb": {"runtime": 6835}}