{"graph": {"_type": "graph-file", "sha256": "ee9b4f4d617fb868c4b58c59b04ed30dee078175b0dda0a29f198e314f1d0d72", "size": 1097, "path": "media/graph/graph_summary_ee9b4f4d617fb868c4b5.graph.json"}, "epoch": 29, "_timestamp": 1682746292.4109478, "loss": 0.001929787453263998, "mae": 0.03798888623714447, "mse": 0.001929787453263998, "root_mean_squared_error": 0.04392934590578079, "val_loss": 0.001972077414393425, "val_mae": 0.038382988423109055, "val_mse": 0.001972077414393425, "val_root_mean_squared_error": 0.044408075511455536, "lr": 0.012188998982310295, "_runtime": 141.2567298412323, "_step": 269, "best_val_loss": 0.001949642552062869, "best_epoch": 29, "_wandb": {"runtime": 139}}