{"graph": {"_type": "graph-file", "sha256": "6764b1db862caad0cc9840de9bb4fbbb2d429a95cb817441994c77a31e6de6ce", "size": 1155, "path": "media/graph/graph_summary_6764b1db862caad0cc98.graph.json"}, "epoch": 49, "_timestamp": 1680967822.0684934, "loss": 0.0008192797540687025, "mae": 0.024715960025787354, "mse": 0.0008192477398552, "val_loss": 0.0008652876713313162, "val_mae": 0.025664638727903366, "val_mse": 0.000865256180986762, "lr": 9.999999747378752e-06, "_runtime": 77.16408944129944, "_step": 49, "best_val_loss": 0.0008652644464746118, "best_epoch": 37, "_wandb": {"runtime": 76}}