{"graph": {"_type": "graph-file", "sha256": "1ac42279a8a8ee75daecbd716f2cfd7ba2fd41eaabde548ec7ec7a227be58735", "size": 579, "path": "media/graph/graph_summary_1ac42279a8a8ee75daec.graph.json"}, "epoch": 199, "_timestamp": 1684393880.435849, "loss": 0.02336874045431614, "mae": 0.11655572801828384, "mse": 0.02254210226237774, "root_mean_squared_error": 0.15014027059078217, "val_loss": 0.022993285208940506, "val_mae": 0.11517544090747833, "val_mse": 0.022165225818753242, "val_root_mean_squared_error": 0.14887990057468414, "lr": 2.0849609427386895e-05, "_runtime": 695.196380853653, "_step": 199, "best_val_loss": 0.022993285208940506, "best_epoch": 199, "_wandb": {"runtime": 694}}