{"graph": {"_type": "graph-file", "sha256": "b1394f6ac533335fb212020ac6f35e5421f16e5eb784a19f319fca6203007e7f", "size": 1020, "path": "media/graph/graph_summary_b1394f6ac533335fb212.graph.json"}, "epoch": 29, "_timestamp": 1681826828.1645992, "loss": 0.0019143669633194804, "mae": 0.037871234118938446, "mse": 0.0019143512472510338, "val_loss": 0.0019500324269756675, "val_mae": 0.03830042481422424, "val_mse": 0.00195001857355237, "lr": 9.999999747378752e-06, "_runtime": 216.54135918617249, "_step": 269, "best_val_loss": 0.0019498261390253901, "best_epoch": 13, "_wandb": {"runtime": 215}}