{"graph": {"_type": "graph-file", "sha256": "2a710b2f5fcac94c93c6f9e793a927c9b58f1a3ff98e94ef7fbbf551df12c90c", "size": 1097, "path": "media/graph/graph_summary_2a710b2f5fcac94c93c6.graph.json"}, "epoch": 49, "_timestamp": 1682775235.1276119, "loss": 0.00025061695487238467, "mae": 0.012351390905678272, "mse": 0.00025061695487238467, "root_mean_squared_error": 0.015830883756279945, "val_loss": 0.00023227067140396684, "val_mae": 0.011690533719956875, "val_mse": 0.00023227067140396684, "val_root_mean_squared_error": 0.015240428037941456, "lr": 0.010103851556777954, "_runtime": 428.5095648765564, "_step": 449, "best_val_loss": 3.277759242337197e-05, "best_epoch": 48, "_wandb": {"runtime": 427}}