{"graph": {"_type": "graph-file", "sha256": "270d7efe005ab41e3f1a950e1ff63d7588c75044119188123434a2b8ab028922", "size": 593, "path": "media/graph/graph_summary_270d7efe005ab41e3f1a.graph.json"}, "epoch": 299, "_timestamp": 1684509197.0085359, "loss": 0.001394274877384305, "mae": 0.022026250138878822, "mse": 0.001004789024591446, "root_mean_squared_error": 0.031698405742645264, "val_loss": 0.0012653418816626072, "val_mae": 0.020719649270176888, "val_mse": 0.0008758565527386963, "val_root_mean_squared_error": 0.029594874009490013, "lr": 9.999999747378752e-06, "_runtime": 124.0351209640503, "_step": 299, "best_val_loss": 0.001265186001546681, "best_epoch": 292, "_wandb": {"runtime": 122}}