{"graph": {"_type": "graph-file", "sha256": "e61e9e0fe6082f59c724040cb55b7790425c52f7796885a7bbb4f86129308f32", "size": 1185, "path": "media/graph/graph_summary_e61e9e0fe6082f59c724.graph.json"}, "epoch": 49, "_timestamp": 1680968345.3920646, "loss": 0.0008192640962079167, "mae": 0.024715909734368324, "mse": 0.0008192362147383392, "val_loss": 0.0008652885444462299, "val_mae": 0.025665029883384705, "val_mse": 0.000865260895807296, "lr": 9.999999747378752e-06, "_runtime": 155.06333756446838, "_step": 49, "best_val_loss": 0.0008652715478092432, "best_epoch": 34, "_wandb": {"runtime": 153}}