{"graph": {"_type": "graph-file", "sha256": "75392d8990f043329e5dc2bf9fcecb097c0f5dd75d79c6dc68580d2e66643c15", "size": 708, "path": "media/graph/graph_summary_75392d8990f043329e5d.graph.json"}, "epoch": 99, "_timestamp": 1680786374.5271273, "loss": 6.144728660583496, "mae": 0.024129433557391167, "mse": 0.0007979844813235104, "val_loss": 6.133749485015869, "val_mae": 0.024914974346756935, "val_mse": 0.0008390493458136916, "lr": 9.999999747378752e-06, "_runtime": 118.36375021934509, "_step": 99, "best_val_loss": 6.133749485015869, "best_epoch": 99, "_wandb": {"runtime": 118}}