{"graph": {"_type": "graph-file", "sha256": "9eb265a373347b90d3a078cbf2eba6f3621443bec68c0a4c0b554fa5c3bf99fa", "size": 740, "path": "media/graph/graph_summary_9eb265a373347b90d3a0.graph.json"}, "epoch": 9, "_timestamp": 1680785282.4350386, "loss": 0.3328762948513031, "mae": 0.024384278804063797, "mse": 0.0008041351102292538, "val_loss": 0.2953948974609375, "val_mae": 0.02952459640800953, "val_mse": 0.0012915421975776553, "lr": 0.0002500000118743628, "_runtime": 22.61790657043457, "_step": 9, "best_val_loss": 0.2953948974609375, "best_epoch": 9, "_wandb": {"runtime": 23}}