{"graph": {"_type": "graph-file", "sha256": "34031f9cb11e6d28b20bd5f9e3717c916842297c67b9a1c3dce61c3eb20398a9", "size": 597, "path": "media/graph/graph_summary_34031f9cb11e6d28b20b.graph.json"}, "epoch": 49, "_timestamp": 1682690389.6108725, "loss": 0.0019147603306919336, "mae": 0.03787194564938545, "mse": 0.0019147080602124333, "val_loss": 0.0019502752693369985, "val_mae": 0.03829836845397949, "val_mse": 0.0019502321956679225, "lr": 6.25000029685907e-05, "_runtime": 67.71515655517578, "_step": 49, "best_val_loss": 0.0019498761976137757, "best_epoch": 34, "_wandb": {"runtime": 66}}