{"graph": {"_type": "graph-file", "sha256": "47ea51b8d45914f1be389dc66ccad836d0a7d1634726b774506c03578821bf83", "size": 734, "path": "media/graph/graph_summary_47ea51b8d45914f1be38.graph.json"}, "epoch": 49, "_timestamp": 1681826599.0084004, "loss": 0.0019143609097227454, "mae": 0.0378718301653862, "mse": 0.0019143585814163089, "val_loss": 0.0019501736387610435, "val_mae": 0.038298897445201874, "val_mse": 0.0019501723581925035, "lr": 9.999999747378752e-06, "_runtime": 242.27809739112854, "_step": 449, "best_val_loss": 0.0019498510519042611, "best_epoch": 34, "_wandb": {"runtime": 241}}