{"graph": {"_type": "graph-file", "sha256": "75392d8990f043329e5dc2bf9fcecb097c0f5dd75d79c6dc68580d2e66643c15", "size": 708, "path": "media/graph/graph_summary_75392d8990f043329e5d.graph.json"}, "epoch": 0, "_timestamp": 1681055176.407239, "loss": 8.794442176818848, "mae": 0.03394389525055885, "mse": 0.0016556911868974566, "val_loss": 6.045958995819092, "val_mae": 0.03811497241258621, "val_mse": 0.0019920479971915483, "lr": 0.0010000000474974513, "_runtime": 3.878798007965088, "_step": 0, "best_val_loss": 6.045958995819092, "best_epoch": 0, "_wandb": {"runtime": 4}}