{"graph": {"_type": "graph-file", "sha256": "3825240f443a35d88bfe41c205eb4642ba8051c74b159098968c89078c905e6a", "size": 512, "path": "media/graph/graph_summary_3825240f443a35d88bfe.graph.json"}, "epoch": 149, "_timestamp": 1684268565.2122493, "loss": 7.377069414360449e-05, "mae": 0.004667552188038826, "mse": 7.377069414360449e-05, "val_loss": 7.066611578920856e-05, "val_mae": 0.004726702813059092, "val_mse": 7.066611578920856e-05, "lr": 0.0005387500277720392, "_runtime": 6856.524742364883, "_step": 149, "best_val_loss": 6.954627315280959e-05, "best_epoch": 146, "_wandb": {"runtime": 6855}}