{"graph": {"_type": "graph-file", "sha256": "6e753f31705c38561cfc6b4ef457068dcf4f9f6257279008888c877b63efee4d", "size": 513, "path": "media/graph/graph_summary_6e753f31705c38561cfc.graph.json"}, "epoch": 149, "_timestamp": 1684678472.5917645, "loss": 0.007616727147251368, "mae": 0.07556673884391785, "mse": 0.007616727147251368, "val_loss": 0.007538835052400827, "val_mae": 0.07526551187038422, "val_mse": 0.007538835052400827, "lr": 0.0001346875069430098, "_runtime": 8600.229545354843, "_step": 149, "best_val_loss": 0.007538288831710815, "best_epoch": 67, "_wandb": {"runtime": 8599}}