{"graph": {"_type": "graph-file", "sha256": "b355f792e7c11b43ece1359a8046b24730837eb1d31f45f522e23d688fa07d6e", "size": 487, "path": "media/graph/graph_summary_b355f792e7c11b43ece1.graph.json"}, "epoch": 99, "_timestamp": 1682500303.3769076, "loss": 0.0006777290836907923, "mae": 0.020620737224817276, "mse": 0.0006777290836907923, "root_mean_squared_error": 0.026033230125904083, "val_loss": 0.0006717243231832981, "val_mae": 0.020401641726493835, "val_mse": 0.0006717243231832981, "val_root_mean_squared_error": 0.025917645543813705, "lr": 0.004310000222176313, "_runtime": 665.3325395584106, "_step": 99, "best_val_loss": 0.0006626485264860094, "best_epoch": 95, "_wandb": {"runtime": 664}}