{"graph": {"_type": "graph-file", "sha256": "77ac9d780cc44c4535a67871d7f4c93a87b1701e0b31ec274c019d9f97fc0304", "size": 606, "path": "media/graph/graph_summary_77ac9d780cc44c4535a6.graph.json"}, "epoch": 0, "_timestamp": 1684781239.558676, "loss": -427.7367858886719, "mae": 1.4292552471160889, "mse": 3.131645441055298, "val_loss": -519.9608764648438, "val_mae": 0.3032045364379883, "val_mse": 0.1163305789232254, "lr": 0.04270000010728836, "_runtime": 5.006448030471802, "_step": 0, "best_val_loss": -519.9608764648438, "best_epoch": 0, "_wandb": {"runtime": 3}}