{"graph": {"_type": "graph-file", "sha256": "b0e991419d33b8f9c145667fc3dc680a07142ed57013a1d3ab881f78806acf0c", "size": 593, "path": "media/graph/graph_summary_b0e991419d33b8f9c145.graph.json"}, "epoch": 49, "_timestamp": 1681909545.2911704, "loss": 0.0012974949786439538, "mae": 0.02915165200829506, "mse": 0.0012359762331470847, "val_loss": 0.0012807452585548162, "val_mae": 0.02923906035721302, "val_mse": 0.001219297293573618, "lr": 9.999999747378752e-06, "_runtime": 310.2481224536896, "_step": 449, "best_val_loss": 0.0007457018364220858, "best_epoch": 48, "_wandb": {"runtime": 309}}