{"graph": {"_type": "graph-file", "sha256": "b0e991419d33b8f9c145667fc3dc680a07142ed57013a1d3ab881f78806acf0c", "size": 593, "path": "media/graph/graph_summary_b0e991419d33b8f9c145.graph.json"}, "epoch": 149, "_timestamp": 1681917155.0030365, "loss": 0.0014229642692953348, "mae": 0.030283208936452866, "mse": 0.0013276641257107258, "val_loss": 0.0014363769441843033, "val_mae": 0.030571870505809784, "val_mse": 0.0013410428073257208, "lr": 9.999999747378752e-06, "_runtime": 198.37329745292664, "_step": 1349, "best_val_loss": 0.0008415895863436162, "best_epoch": 144, "_wandb": {"runtime": 197}}