{"graph": {"_type": "graph-file", "sha256": "97cd6750b9113bed84483a6b8a6e9a1d1f14ca8f78c6a29aacf419f070768ae3", "size": 579, "path": "media/graph/graph_summary_97cd6750b9113bed8448.graph.json"}, "epoch": 149, "_timestamp": 1681924557.2291548, "loss": 0.001914350432343781, "mae": 0.03787123039364815, "mse": 0.001914350432343781, "val_loss": 0.00194999307859689, "val_mae": 0.038300707936286926, "val_mse": 0.00194999307859689, "lr": 9.999999747378752e-06, "_runtime": 65.07013177871704, "_step": 149, "best_val_loss": 0.001949626486748457, "best_epoch": 64, "_wandb": {"runtime": 63}}