{"graph": {"_type": "graph-file", "sha256": "1ac42279a8a8ee75daecbd716f2cfd7ba2fd41eaabde548ec7ec7a227be58735", "size": 579, "path": "media/graph/graph_summary_1ac42279a8a8ee75daec.graph.json"}, "epoch": 99, "_timestamp": 1684423446.556941, "loss": 0.00037730217445641756, "mae": 0.013931943103671074, "mse": 0.000328566791722551, "root_mean_squared_error": 0.018126411363482475, "val_loss": 0.00041020719800144434, "val_mae": 0.014852277934551239, "val_mse": 0.00036489093326963484, "val_root_mean_squared_error": 0.01910211890935898, "lr": 0.00016679687541909516, "_runtime": 64.62326192855835, "_step": 99, "best_val_loss": 0.0004041219945065677, "best_epoch": 94, "_wandb": {"runtime": 63}}