{"graph": {"_type": "graph-file", "sha256": "ce2d0b35e99559c55dc45ace90e07f7e98b654e43587e590d9219e6fb835daf4", "size": 514, "path": "media/graph/graph_summary_ce2d0b35e99559c55dc4.graph.json"}, "epoch": 29, "_timestamp": 1682647280.101468, "loss": 0.0019208327867090702, "mae": 0.03793828561902046, "mse": 0.0019208327867090702, "root_mean_squared_error": 0.04382730647921562, "val_loss": 0.0019564565736800432, "val_mae": 0.03836877644062042, "val_mse": 0.0019564565736800432, "val_root_mean_squared_error": 0.044231850653886795, "lr": 0.0258764810860157, "_runtime": 827.0261151790619, "_step": 269, "best_val_loss": 0.001913708751089871, "best_epoch": 28, "_wandb": {"runtime": 825}}