{"graph": {"_type": "graph-file", "sha256": "b493978e282bf903f522eb15969b49623e73b3aa7d5549559c605619e56c974c", "size": 593, "path": "media/graph/graph_summary_b493978e282bf903f522.graph.json"}, "epoch": 199, "_timestamp": 1682072971.8397126, "loss": 0.2059345841407776, "mae": 0.45252951979637146, "mse": 0.2059345841407776, "val_loss": 0.20654912292957306, "val_mae": 0.45319458842277527, "val_mse": 0.20654912292957306, "lr": 9.999999747378752e-06, "_runtime": 1244.0006356239319, "_step": 1799, "best_val_loss": 0.0017160717397928238, "best_epoch": 199, "_wandb": {"runtime": 1243}}