{"graph": {"_type": "graph-file", "sha256": "20e35673a78840d8e0b54e123f95393a3ade2a2f46ebb7dab97e4e71442de47a", "size": 487, "path": "media/graph/graph_summary_20e35673a78840d8e0b5.graph.json"}, "epoch": 199, "_timestamp": 1683004622.5323942, "loss": 1.4309232028608676e-05, "mae": 0.0026898144278675318, "mse": 1.4309232028608676e-05, "root_mean_squared_error": 0.0037827545311301947, "val_loss": 1.4851186278974637e-05, "val_mae": 0.0027248947881162167, "val_mse": 1.4851186278974637e-05, "val_root_mean_squared_error": 0.0038537236396223307, "lr": 6.73437534715049e-05, "_runtime": 1277.6869642734528, "_step": 199, "best_val_loss": 1.4694075616716873e-05, "best_epoch": 197, "_wandb": {"runtime": 1276}}