{"graph": {"_type": "graph-file", "sha256": "828d14aae617c0ef269368b978d0e432dd2a3288c70550b043946938d51eec62", "size": 487, "path": "media/graph/graph_summary_828d14aae617c0ef2693.graph.json"}, "epoch": 19, "_timestamp": 1682439849.728805, "loss": 0.0035887283738702536, "mae": 0.05120702460408211, "mse": 0.0035887283738702536, "root_mean_squared_error": 0.0599059984087944, "val_loss": 0.0033428624738007784, "val_mae": 0.050094202160835266, "val_mse": 0.0033428624738007784, "val_root_mean_squared_error": 0.057817492634058, "lr": 0.03448000177741051, "_runtime": 53.81054496765137, "_step": 19, "best_val_loss": 0.0033240094780921936, "best_epoch": 16, "_wandb": {"runtime": 53}}