{"graph": {"_type": "graph-file", "sha256": "69b6572f0a52d88e4aeb924ef68b42dca0245ff8efeb256d178053a1bcef3e69", "size": 774, "path": "media/graph/graph_summary_69b6572f0a52d88e4aeb.graph.json"}, "epoch": 199, "_timestamp": 1682271876.5571678, "loss": 0.007567140739411116, "mae": 0.07518517225980759, "mse": 0.007567140739411116, "val_loss": 0.0075100199319422245, "val_mae": 0.07456815987825394, "val_mse": 0.0075100199319422245, "lr": 9.999999747378752e-06, "_runtime": 1348.983310699463, "_step": 1799, "best_val_loss": 0.0075100199319422245, "best_epoch": 0, "_wandb": {"runtime": 1348}}