{"graph": {"_type": "graph-file", "sha256": "b0e991419d33b8f9c145667fc3dc680a07142ed57013a1d3ab881f78806acf0c", "size": 593, "path": "media/graph/graph_summary_b0e991419d33b8f9c145.graph.json"}, "epoch": 19, "_timestamp": 1681911219.5357108, "loss": 0.0038910508155822754, "mae": 0.039483699947595596, "mse": 0.0021368947345763445, "val_loss": 0.0038621167186647654, "val_mae": 0.039670683443546295, "val_mse": 0.002169476356357336, "lr": 0.00846782885491848, "_runtime": 69.33808469772339, "_step": 179, "best_val_loss": 0.0020485499408096075, "best_epoch": 19, "_wandb": {"runtime": 68}}