{"graph": {"_type": "graph-file", "sha256": "79a0657a7070e9178386a4bee149bed48cd3365ea4d2444092089a97125bc383", "size": 1036, "path": "media/graph/graph_summary_79a0657a7070e9178386.graph.json"}, "epoch": 49, "_timestamp": 1680883136.8530238, "loss": 0.0640018954873085, "mae": 0.024601798504590988, "mse": 0.000812617945484817, "val_loss": 0.06352352350950241, "val_mae": 0.025557195767760277, "val_mse": 0.0008583911694586277, "lr": 9.999999747378752e-06, "_runtime": 119.25646781921387, "_step": 49, "best_val_loss": 0.06352352350950241, "best_epoch": 49, "_wandb": {"runtime": 119}}