{"graph": {"_type": "graph-file", "sha256": "c20c214e3e7585bdf7e69ed05bd426f3fef9e846f1e7c1c5d56e5ce51307f964", "size": 1038, "path": "media/graph/graph_summary_c20c214e3e7585bdf7e6.graph.json"}, "epoch": 49, "_timestamp": 1680959670.2787728, "loss": 0.00162447988986969, "mae": 0.028885522857308388, "mse": 0.0012211676221340895, "val_loss": 0.001269743894226849, "val_mae": 0.02564920485019684, "val_mse": 0.0008654635166749358, "lr": 9.999999747378752e-06, "_runtime": 172.52542686462402, "_step": 49, "best_val_loss": 0.001269743894226849, "best_epoch": 49, "_wandb": {"runtime": 174}}