{"graph": {"_type": "graph-file", "sha256": "c43a6a08b8d95bcf8fd69640763fc6156f983d2fce3ea520ce9c63c2dc6a05bf", "size": 565, "path": "media/graph/graph_summary_c43a6a08b8d95bcf8fd6.graph.json"}, "epoch": 249, "_timestamp": 1684414853.7183416, "loss": 807.4763793945312, "mae": 24.257530212402344, "mse": 807.4758911132812, "root_mean_squared_error": 28.416120529174805, "val_loss": 785.9132080078125, "val_mae": 23.65614128112793, "val_mse": 785.9122924804688, "val_root_mean_squared_error": 28.03412628173828, "lr": 9.999999747378752e-06, "_runtime": 312.12885451316833, "_step": 249, "best_val_loss": 785.9132080078125, "best_epoch": 91, "_wandb": {"runtime": 310}}