{"graph": {"_type": "graph-file", "sha256": "cd2fdc98842f75ff43805143b0ee0c63a2fbb3579c3ed7e1864999cbf9e4d162", "size": 593, "path": "media/graph/graph_summary_cd2fdc98842f75ff4380.graph.json"}, "epoch": 299, "_timestamp": 1684486176.296518, "loss": 0.0003674117033369839, "mae": 0.012896770611405373, "mse": 0.00022280165285337716, "root_mean_squared_error": 0.014926541596651077, "val_loss": 0.00037715432699769735, "val_mae": 0.01328482385724783, "val_mse": 0.00023255293490365148, "val_root_mean_squared_error": 0.015249686315655708, "lr": 9.999999747378752e-06, "_runtime": 449.8526191711426, "_step": 299, "best_val_loss": 0.00037715432699769735, "best_epoch": 299, "_wandb": {"runtime": 448}}