{"graph": {"_type": "graph-file", "sha256": "8bcc2a19585d9565d1d5b7db19cd25a20dcb081ce58536c3837d60db911d3c8e", "size": 1089, "path": "media/graph/graph_summary_8bcc2a19585d9565d1d5.graph.json"}, "epoch": 29, "_timestamp": 1682751902.5866072, "loss": 0.001917415764182806, "mae": 0.037886470556259155, "mse": 0.001917415764182806, "root_mean_squared_error": 0.04378829896450043, "val_loss": 0.0019519781926646829, "val_mae": 0.038348980247974396, "val_mse": 0.0019519781926646829, "val_root_mean_squared_error": 0.04418119788169861, "lr": 0.001057337736710906, "_runtime": 155.21151518821716, "_step": 269, "best_val_loss": 0.00016792687529232353, "best_epoch": 29, "_wandb": {"runtime": 153}}