{"graph": {"_type": "graph-file", "sha256": "71626d30dff80c3cf8bb4b13d5f910acb9155256b8f38c179d4c734e295be014", "size": 565, "path": "media/graph/graph_summary_71626d30dff80c3cf8bb.graph.json"}, "epoch": 9, "_timestamp": 1682437262.4760563, "loss": 0.001486047636717558, "mae": 0.02630937099456787, "mse": 0.0011214327532798052, "root_mean_squared_error": 0.033487800508737564, "val_loss": 0.001251491717994213, "val_mae": 0.024001983925700188, "val_mse": 0.0009406883036717772, "val_root_mean_squared_error": 0.030670642852783203, "lr": 0.09925000369548798, "_runtime": 11.714497327804565, "_step": 9, "best_val_loss": 0.001251491717994213, "best_epoch": 9, "_wandb": {"runtime": 11}}