{"graph": {"_type": "graph-file", "sha256": "8b395b21744e0a1fd3661391ec2e6a47e6486228294a3b88234c0f916cfe114f", "size": 593, "path": "media/graph/graph_summary_8b395b21744e0a1fd366.graph.json"}, "epoch": 9, "_timestamp": 1682358806.093184, "loss": 0.002019490348175168, "mae": 0.038245733827352524, "mse": 0.0019624726846814156, "root_mean_squared_error": 0.04429980367422104, "val_loss": 0.0020468379370868206, "val_mae": 0.03829723596572876, "val_mse": 0.0019503679359331727, "val_root_mean_squared_error": 0.044162970036268234, "lr": 0.09925000369548798, "_runtime": 7.302351951599121, "_step": 9, "best_val_loss": 0.0019657795783132315, "best_epoch": 1, "_wandb": {"runtime": 6}}