{"graph": {"_type": "graph-file", "sha256": "7c1d665582e49dd210ea3be1bed03e228f5072896077559bf13b16efb554e714", "size": 512, "path": "media/graph/graph_summary_7c1d665582e49dd210ea.graph.json"}, "epoch": 149, "_timestamp": 1684246844.4873748, "loss": 0.00043286336585879326, "mae": 0.010202322155237198, "mse": 0.00043286336585879326, "val_loss": 0.00039161209133453667, "val_mae": 0.009906678460538387, "val_mse": 0.00039161209133453667, "lr": 0.0002693750138860196, "_runtime": 7165.329190731049, "_step": 149, "best_val_loss": 0.0003911114181391895, "best_epoch": 143, "_wandb": {"runtime": 7163}}