{"graph": {"_type": "graph-file", "sha256": "11d901694bbcdf0cedaf33080226f27cdeb61547d6a657cd4426a5fc982e0ec6", "size": 875, "path": "media/graph/graph_summary_11d901694bbcdf0cedaf.graph.json"}, "epoch": 199, "_timestamp": 1681899904.0408733, "loss": 0.001914337044581771, "mae": 0.03787105157971382, "mse": 0.001914337044581771, "val_loss": 0.00194999307859689, "val_mae": 0.03830070048570633, "val_mse": 0.00194999307859689, "lr": 9.999999747378752e-06, "_runtime": 426.9338493347168, "_step": 1799, "best_val_loss": 0.0019496200839057565, "best_epoch": 20, "_wandb": {"runtime": 426}}