{"graph": {"_type": "graph-file", "sha256": "6fac7d091b65a71ded3c5b342cdcf87e25b5dd75f9c1c6f85838de31b223c898", "size": 593, "path": "media/graph/graph_summary_6fac7d091b65a71ded3c.graph.json"}, "epoch": 199, "_timestamp": 1682965983.0823772, "loss": 0.000864924571942538, "mae": 0.02023196592926979, "mse": 0.0007092523737810552, "root_mean_squared_error": 0.0266317930072546, "val_loss": 0.0009088357910513878, "val_mae": 0.020662013441324234, "val_mse": 0.000753128610085696, "val_root_mean_squared_error": 0.027443189173936844, "lr": 9.999999747378752e-06, "_runtime": 3329.3599553108215, "_step": 1999, "best_val_loss": 0.0007134656189009547, "best_epoch": 198, "_wandb": {"runtime": 3328}}