{"graph": {"_type": "graph-file", "sha256": "f97419ca5575ce01a5fdb0a8016bc4c292dce011ceaea22ec02abdd17e4762d3", "size": 871, "path": "media/graph/graph_summary_f97419ca5575ce01a5fd.graph.json"}, "epoch": 49, "_timestamp": 1680966902.2638283, "loss": 0.000819263921584934, "mae": 0.02471575140953064, "mse": 0.0008192358072847128, "val_loss": 0.0008652850519865751, "val_mae": 0.025664759799838066, "val_mse": 0.0008652576361782849, "lr": 9.999999747378752e-06, "_runtime": 57.04355025291443, "_step": 49, "best_val_loss": 0.0008652777760289609, "best_epoch": 40, "_wandb": {"runtime": 56}}