{"graph": {"_type": "graph-file", "sha256": "609e4cea5b3cc21259931bc53cb27dfba480e428b37886226665725a064431bb", "size": 1019, "path": "media/graph/graph_summary_609e4cea5b3cc2125993.graph.json"}, "epoch": 49, "_timestamp": 1680958903.763843, "loss": 0.006997093092650175, "mae": 0.025079073384404182, "mse": 0.0008599375723861158, "val_loss": 0.006892378907650709, "val_mae": 0.025616522878408432, "val_mse": 0.000864856003317982, "lr": 9.999999747378752e-06, "_runtime": 118.53119015693665, "_step": 49, "best_val_loss": 0.006892378907650709, "best_epoch": 49, "_wandb": {"runtime": 120}}