{"graph": {"_type": "graph-file", "sha256": "de4822aa8e215a7611031c5c61b219c0e6efb0a0847c7c452525a3f7be4015c1", "size": 597, "path": "media/graph/graph_summary_de4822aa8e215a761103.graph.json"}, "epoch": 9, "_timestamp": 1682700458.1107254, "loss": 0.0020744716748595238, "mae": 0.03798791766166687, "mse": 0.0019288627663627267, "val_loss": 0.002099379198625684, "val_mae": 0.03839748352766037, "val_mse": 0.001974948449060321, "lr": 0.0010000000474974513, "_runtime": 34.742666482925415, "_step": 9, "best_val_loss": 0.002099379198625684, "best_epoch": 9, "_wandb": {"runtime": 34}}