{"graph": {"_type": "graph-file", "sha256": "e9347dc24a689b0c445542772b23ba8e5aa6ace786e1ab8a498e8415afb4fe7a", "size": 1185, "path": "media/graph/graph_summary_e9347dc24a689b0c4455.graph.json"}, "epoch": 49, "_timestamp": 1681070147.946788, "loss": 0.0019144720863550901, "mae": 0.0378713421523571, "mse": 0.0019144393736496568, "val_loss": 0.0019500162452459335, "val_mae": 0.03830081969499588, "val_mse": 0.001949982368387282, "lr": 9.999999747378752e-06, "_runtime": 92.01030707359314, "_step": 49, "best_val_loss": 0.0019500117050483823, "best_epoch": 48, "_wandb": {"runtime": 91}}