{"graph": {"_type": "graph-file", "sha256": "2910eba9003358c5f98da7e9c12e27bbd61ff5182315926c931febaf8b665ab2", "size": 722, "path": "media/graph/graph_summary_2910eba9003358c5f98d.graph.json"}, "epoch": 49, "_timestamp": 1681050295.563825, "loss": 0.22129161655902863, "mae": 0.02400088869035244, "mse": 0.0007764433976262808, "val_loss": 0.22013844549655914, "val_mae": 0.02490566484630108, "val_mse": 0.0008186994236893952, "lr": 9.999999747378752e-06, "_runtime": 190.88993883132935, "_step": 49, "best_val_loss": 0.22013844549655914, "best_epoch": 49, "_wandb": {"runtime": 192}}