{"graph": {"_type": "graph-file", "sha256": "8c6b14638dca273514be70117776907fc2e15abe68cea3fa231e69f1ac478f86", "size": 439, "path": "media/graph/graph_summary_8c6b14638dca273514be.graph.json"}, "epoch": 29, "_timestamp": 1682566749.8388598, "loss": 0.00018863692821469158, "mae": 0.010197355411946774, "mse": 0.00018863692821469158, "root_mean_squared_error": 0.013734515756368637, "val_loss": 0.00039330971776507795, "val_mae": 0.0157190952450037, "val_mse": 0.00039330971776507795, "val_root_mean_squared_error": 0.019832037389278412, "lr": 0.03533988073468208, "_runtime": 1356.3998138904572, "_step": 269, "best_val_loss": 1.5352828995673917e-05, "best_epoch": 27, "_wandb": {"runtime": 1355}}