{"graph": {"_type": "graph-file", "sha256": "1ac42279a8a8ee75daecbd716f2cfd7ba2fd41eaabde548ec7ec7a227be58735", "size": 579, "path": "media/graph/graph_summary_1ac42279a8a8ee75daec.graph.json"}, "epoch": 249, "_timestamp": 1684514623.4722204, "loss": 0.001286315848119557, "mae": 0.02521435171365738, "mse": 0.0008429130539298058, "root_mean_squared_error": 0.029032964259386063, "val_loss": 0.0012169572291895747, "val_mae": 0.023700211197137833, "val_mse": 0.0007735650287941098, "val_root_mean_squared_error": 0.027813035994768143, "lr": 9.999999747378752e-06, "_runtime": 305.8432734012604, "_step": 249, "best_val_loss": 0.0012169572291895747, "best_epoch": 249, "_wandb": {"runtime": 302}}