{"graph": {"_type": "graph-file", "sha256": "345cb89ebd8288ff06b2e7de011291e32216f8d9ae338a55e9c8cef6372ffc12", "size": 593, "path": "media/graph/graph_summary_345cb89ebd8288ff06b2.graph.json"}, "epoch": 5, "_timestamp": 1681923803.5498405, "loss": 0.002055506454780698, "mae": 0.03806271404027939, "mse": 0.001953595317900181, "val_loss": 0.0021321976091712713, "val_mae": 0.03829360008239746, "val_mse": 0.0019525120733305812, "lr": 0.09925000369548798, "_runtime": 6.524669408798218, "_step": 5, "best_val_loss": 0.001988703850656748, "best_epoch": 1, "_wandb": {"runtime": 5}}