{"graph": {"_type": "graph-file", "sha256": "7168d8c4b436e17685cc2955e32ec8bf6ec4492980a0eed6b4db8da00b7eaab7", "size": 440, "path": "media/graph/graph_summary_7168d8c4b436e17685cc.graph.json"}, "epoch": 149, "_timestamp": 1683069258.1885297, "loss": 7.432625716319308e-05, "mae": 0.006627247203141451, "mse": 7.432625716319308e-05, "root_mean_squared_error": 0.008621267974376678, "val_loss": 7.528346759499982e-05, "val_mae": 0.006560342386364937, "val_mse": 7.528346759499982e-05, "val_root_mean_squared_error": 0.008676604367792606, "lr": 0.0005387500277720392, "_runtime": 1919.2153537273407, "_step": 149, "best_val_loss": 7.283082231879234e-05, "best_epoch": 142, "_wandb": {"runtime": 1917}}