{"graph": {"_type": "graph-file", "sha256": "6e753f31705c38561cfc6b4ef457068dcf4f9f6257279008888c877b63efee4d", "size": 513, "path": "media/graph/graph_summary_6e753f31705c38561cfc.graph.json"}, "epoch": 199, "_timestamp": 1683863760.0678573, "loss": 5.203821274335496e-05, "mae": 0.0050076148472726345, "mse": 5.203821274335496e-05, "root_mean_squared_error": 0.007213751785457134, "val_loss": 4.9076523282565176e-05, "val_mae": 0.005000530742108822, "val_mse": 4.9076523282565176e-05, "val_root_mean_squared_error": 0.007005463819950819, "lr": 0.0002693750138860196, "_runtime": 10670.368975162506, "_step": 199, "best_val_loss": 4.9076523282565176e-05, "best_epoch": 199, "_wandb": {"runtime": 10673}}