{"graph": {"_type": "graph-file", "sha256": "e939275f90b03f4f90880802d9a9351883610937e83e61cbdf72cc608bd0ff11", "size": 886, "path": "media/graph/graph_summary_e939275f90b03f4f9088.graph.json"}, "epoch": 49, "_timestamp": 1681067704.2685773, "loss": 0.0019144812831655145, "mae": 0.037872303277254105, "mse": 0.00191444659139961, "val_loss": 0.001950052217580378, "val_mae": 0.03830043971538544, "val_mse": 0.00195001729298383, "lr": 9.999999747378752e-06, "_runtime": 116.10171437263489, "_step": 49, "best_val_loss": 0.0019499690970405936, "best_epoch": 32, "_wandb": {"runtime": 114}}