{"graph": {"_type": "graph-file", "sha256": "0380d22ed9d164415ef686bbfe1742e92166b3e1e4efb5b7c14b3298045a85f0", "size": 1104, "path": "media/graph/graph_summary_0380d22ed9d164415ef6.graph.json"}, "epoch": 299, "_timestamp": 1684876717.6982856, "loss": 0.000189609665540047, "mae": 0.011675073765218258, "mse": 0.000189609665540047, "root_mean_squared_error": 0.013769883662462234, "val_loss": 0.0001979079534066841, "val_mae": 0.011979478411376476, "val_mse": 0.0001979079534066841, "val_root_mean_squared_error": 0.01406797580420971, "lr": 9.999999747378752e-06, "_runtime": 101.56365966796875, "_step": 299, "best_val_loss": 0.0001971853052964434, "best_epoch": 275, "_wandb": {"runtime": 100}}