{"graph": {"_type": "graph-file", "sha256": "ba7675b3881617dc55a5fd5f3ad2ac35b15f00dcc2efbb97362060e917a370e0", "size": 1036, "path": "media/graph/graph_summary_ba7675b3881617dc55a5.graph.json"}, "epoch": 49, "_timestamp": 1680883282.3612468, "loss": 0.009910288266837597, "mae": 0.024746276438236237, "mse": 0.0008215865818783641, "val_loss": 0.00981045886874199, "val_mae": 0.025645894929766655, "val_mse": 0.0008669547387398779, "lr": 9.999999747378752e-06, "_runtime": 120.29132390022278, "_step": 49, "best_val_loss": 0.00981045886874199, "best_epoch": 49, "_wandb": {"runtime": 121}}