{"graph": {"_type": "graph-file", "sha256": "75392d8990f043329e5dc2bf9fcecb097c0f5dd75d79c6dc68580d2e66643c15", "size": 708, "path": "media/graph/graph_summary_75392d8990f043329e5d.graph.json"}, "epoch": 2, "_timestamp": 1680802180.5246956, "loss": 4.228151321411133, "mae": 0.02508941851556301, "mse": 0.0008581416914239526, "val_loss": 3.4163095951080322, "val_mae": 0.027121320366859436, "val_mse": 0.0010031667770817876, "lr": 0.0010000000474974513, "_runtime": 4.919219732284546, "_step": 2, "best_val_loss": 3.4163095951080322, "best_epoch": 2, "_wandb": {"runtime": 5}}