{"graph": {"_type": "graph-file", "sha256": "d02ef06038fc3ef56434565919b7079c8f6dc6c987d021fba9924e2700627981", "size": 771, "path": "media/graph/graph_summary_d02ef06038fc3ef56434.graph.json"}, "epoch": 49, "_timestamp": 1682787107.3781886, "loss": 0.007567143067717552, "mae": 0.0751851499080658, "mse": 0.007567143067717552, "root_mean_squared_error": 0.08698932826519012, "val_loss": 0.007510020863264799, "val_mae": 0.07456815987825394, "val_mse": 0.007510020863264799, "val_root_mean_squared_error": 0.08666037768125534, "lr": 9.999999747378752e-06, "_runtime": 531.4368515014648, "_step": 449, "best_val_loss": 0.007510020863264799, "best_epoch": 0, "_wandb": {"runtime": 530}}