{"graph": {"_type": "graph-file", "sha256": "d16f2a8ffd9d6371d87788843ed8cfdeb4c63a3ea987e3900a671535e86c2bd6", "size": 770, "path": "media/graph/graph_summary_d16f2a8ffd9d6371d877.graph.json"}, "epoch": 29, "_timestamp": 1682255474.1966724, "loss": 0.007567143067717552, "mae": 0.07518516480922699, "mse": 0.007567143067717552, "val_loss": 0.007510020397603512, "val_mae": 0.07456817477941513, "val_mse": 0.007510020397603512, "lr": 0.0009021332371048629, "_runtime": 66.88272738456726, "_step": 269, "best_val_loss": 0.007510020397603512, "best_epoch": 0, "_wandb": {"runtime": 66}}