{"graph": {"_type": "graph-file", "sha256": "123fded708c0159b99f12eb04c67b603344431f4db43aea9bbce33cb18af14cc", "size": 886, "path": "media/graph/graph_summary_123fded708c0159b99f1.graph.json"}, "epoch": 49, "_timestamp": 1681067283.8331704, "loss": 0.0019144383259117603, "mae": 0.037872571498155594, "mse": 0.0019144074758514762, "val_loss": 0.0019500268390402198, "val_mae": 0.038300659507513046, "val_mse": 0.0019499976187944412, "lr": 9.999999747378752e-06, "_runtime": 145.4598903656006, "_step": 49, "best_val_loss": 0.0019500218331813812, "best_epoch": 42, "_wandb": {"runtime": 144}}