{"graph": {"_type": "graph-file", "sha256": "0873c0546e12be434383d8ddfd71d7f1354488e837b4175d4b5e5a35e0740361", "size": 565, "path": "media/graph/graph_summary_0873c0546e12be434383.graph.json"}, "epoch": 199, "_timestamp": 1684326736.9573195, "loss": 0.023113887757062912, "mae": 0.11643349379301071, "mse": 0.02243904396891594, "root_mean_squared_error": 0.14979667961597443, "val_loss": 0.022733811289072037, "val_mae": 0.11544249206781387, "val_mse": 0.022059043869376183, "val_root_mean_squared_error": 0.14852286875247955, "lr": 1.8735350749921054e-05, "_runtime": 1974.0071635246277, "_step": 199, "best_val_loss": 0.02273343689739704, "best_epoch": 198, "_wandb": {"runtime": 1972}}