{"graph": {"_type": "graph-file", "sha256": "f0b0a1464091962f235aabb0eeadeb97844a9767a1fa7b604f8e152a0d54ada3", "size": 565, "path": "media/graph/graph_summary_f0b0a1464091962f235a.graph.json"}, "epoch": 49, "_timestamp": 1681320081.3562112, "loss": 0.003936820663511753, "mae": 0.03800476714968681, "mse": 0.001957937842234969, "val_loss": 0.003940640948712826, "val_mae": 0.038292862474918365, "val_mse": 0.001964770955964923, "lr": 9.999999747378752e-06, "_runtime": 59.738739252090454, "_step": 49, "best_val_loss": 0.003940640948712826, "best_epoch": 49, "_wandb": {"runtime": 60}}