{"graph": {"_type": "graph-file", "sha256": "9ddb5ce411971f1d49672a7c8823691761f6e113ffb2ba88f02fb4e834056542", "size": 729, "path": "media/graph/graph_summary_9ddb5ce411971f1d4967.graph.json"}, "epoch": 0, "_timestamp": 1681311635.5682132, "loss": 13.391140937805176, "mae": 0.045337092131376266, "mse": 0.004847600124776363, "val_loss": 11.701772689819336, "val_mae": 0.03254219889640808, "val_mse": 0.0015003019943833351, "lr": 0.009999999776482582, "_runtime": 3.5502231121063232, "_step": 0, "best_val_loss": 11.701772689819336, "best_epoch": 0, "_wandb": {"runtime": 3}}