{"graph": {"_type": "graph-file", "sha256": "9eb265a373347b90d3a078cbf2eba6f3621443bec68c0a4c0b554fa5c3bf99fa", "size": 740, "path": "media/graph/graph_summary_9eb265a373347b90d3a0.graph.json"}, "epoch": 9, "_timestamp": 1680779311.4987817, "loss": 8.421679496765137, "mae": 0.017742427065968513, "mse": 0.0004958942881785333, "val_loss": 8.364469528198242, "val_mae": 0.018647892400622368, "val_mse": 0.0005346062243916094, "lr": 2.499999936844688e-05, "_runtime": 16.104792594909668, "_step": 9, "best_val_loss": 8.364469528198242, "best_epoch": 9, "_wandb": {"runtime": 16}}