{"graph": {"_type": "graph-file", "sha256": "b0e991419d33b8f9c145667fc3dc680a07142ed57013a1d3ab881f78806acf0c", "size": 593, "path": "media/graph/graph_summary_b0e991419d33b8f9c145.graph.json"}, "epoch": 29, "_timestamp": 1681901158.2660353, "loss": 0.0018032211810350418, "mae": 0.035123009234666824, "mse": 0.0016846726648509502, "val_loss": 0.0018336046487092972, "val_mae": 0.035448670387268066, "val_mse": 0.0017147909384220839, "lr": 9.999999747378752e-06, "_runtime": 69.4643042087555, "_step": 269, "best_val_loss": 0.0018336046487092972, "best_epoch": 29, "_wandb": {"runtime": 69}}