{"graph": {"_type": "graph-file", "sha256": "74eb4da14a7946959beab73ae4b7d6b7e56fceec427c0e71a986e6b2ab3ab4cb", "size": 579, "path": "media/graph/graph_summary_74eb4da14a7946959bea.graph.json"}, "epoch": 249, "_timestamp": 1684415298.0131736, "loss": 13218.7451171875, "mae": 99.1065673828125, "mse": 13218.7451171875, "root_mean_squared_error": 114.9728012084961, "val_loss": 13159.5966796875, "val_mae": 98.8173599243164, "val_mse": 13159.5966796875, "val_root_mean_squared_error": 114.71528625488281, "lr": 9.999999747378752e-06, "_runtime": 262.72180247306824, "_step": 249, "best_val_loss": 13159.5966796875, "best_epoch": 10, "_wandb": {"runtime": 261}}