{"graph": {"_type": "graph-file", "sha256": "270d7efe005ab41e3f1a950e1ff63d7588c75044119188123434a2b8ab028922", "size": 593, "path": "media/graph/graph_summary_270d7efe005ab41e3f1a.graph.json"}, "epoch": 249, "_timestamp": 1684407699.3229039, "loss": 0.0017211665399372578, "mae": 0.028346950188279152, "mse": 0.0014790917048230767, "root_mean_squared_error": 0.03845896199345589, "val_loss": 0.0018507458735257387, "val_mae": 0.029613221064209938, "val_mse": 0.001608779770322144, "val_root_mean_squared_error": 0.04010959714651108, "lr": 9.999999747378752e-06, "_runtime": 321.01388692855835, "_step": 249, "best_val_loss": 0.0018496194388717413, "best_epoch": 242, "_wandb": {"runtime": 319}}