{"graph": {"_type": "graph-file", "sha256": "11d901694bbcdf0cedaf33080226f27cdeb61547d6a657cd4426a5fc982e0ec6", "size": 875, "path": "media/graph/graph_summary_11d901694bbcdf0cedaf.graph.json"}, "epoch": 49, "_timestamp": 1681916694.65808, "loss": 0.001914392109028995, "mae": 0.037870895117521286, "mse": 0.0019143663812428713, "val_loss": 0.0019499538466334343, "val_mae": 0.038301412016153336, "val_mse": 0.0019499323097988963, "lr": 3.149087933707051e-05, "_runtime": 175.74767899513245, "_step": 449, "best_val_loss": 0.0019499317277222872, "best_epoch": 49, "_wandb": {"runtime": 175}}