{"graph": {"_type": "graph-file", "sha256": "0eec391b10a6c5974886fe82c76ef378d892270e7fa5c35c5d67b7b975b03cc3", "size": 576, "path": "media/graph/graph_summary_0eec391b10a6c5974886.graph.json"}, "epoch": 49, "_timestamp": 1681065955.0572329, "loss": 0.0018312077736482024, "mae": 0.036972079426050186, "mse": 0.0018312077736482024, "val_loss": 0.0018679117783904076, "val_mae": 0.03744930773973465, "val_mse": 0.0018679117783904076, "lr": 9.999999747378752e-06, "_runtime": 126.47487688064575, "_step": 49, "best_val_loss": 0.0018679117783904076, "best_epoch": 49, "_wandb": {"runtime": 127}}