{"graph": {"_type": "graph-file", "sha256": "37f08558ab2bb07600bb6a25ec043c417949b12262773e0e74945f0ab3610e69", "size": 439, "path": "media/graph/graph_summary_37f08558ab2bb07600bb.graph.json"}, "epoch": 149, "_timestamp": 1682570098.3941338, "loss": 0.0019141673110425472, "mae": 0.037871770560741425, "mse": 0.0019141673110425472, "root_mean_squared_error": 0.043751198798418045, "val_loss": 0.001949839643202722, "val_mae": 0.03830285742878914, "val_mse": 0.001949839643202722, "val_root_mean_squared_error": 0.044156987220048904, "lr": 0.0001332401152467355, "_runtime": 2972.7825598716736, "_step": 1349, "best_val_loss": 0.0018971569370478392, "best_epoch": 141, "_wandb": {"runtime": 2971}}