{"graph": {"_type": "graph-file", "sha256": "7c59c8084c3f0f7d5203cfadc5d95e6ad51b834cfaf55d4e091460635fcabb7e", "size": 487, "path": "media/graph/graph_summary_7c59c8084c3f0f7d5203.graph.json"}, "epoch": 29, "_timestamp": 1682433554.5362413, "loss": 0.00031452326220460236, "mae": 0.01258708443492651, "mse": 0.00031452326220460236, "root_mean_squared_error": 0.01773480325937271, "R2": -0.490215539932251, "val_loss": 0.00035583286080509424, "val_mae": 0.016170285642147064, "val_mse": 0.00035583286080509424, "val_root_mean_squared_error": 0.018863532692193985, "val_R2": -666.2477416992188, "lr": 0.09253592044115067, "_runtime": 316.51718521118164, "_step": 269, "best_val_loss": 9.286785643780604e-05, "best_epoch": 27, "_wandb": {"runtime": 315}}