{"graph": {"_type": "graph-file", "sha256": "8b395b21744e0a1fd3661391ec2e6a47e6486228294a3b88234c0f916cfe114f", "size": 593, "path": "media/graph/graph_summary_8b395b21744e0a1fd366.graph.json"}, "epoch": 149, "_timestamp": 1681924733.93392, "loss": 0.0019143482204526663, "mae": 0.03787125274538994, "mse": 0.0019143482204526663, "val_loss": 0.00194999307859689, "val_mae": 0.038300707936286926, "val_mse": 0.00194999307859689, "lr": 9.999999747378752e-06, "_runtime": 50.49456191062927, "_step": 149, "best_val_loss": 0.0019496208988130093, "best_epoch": 54, "_wandb": {"runtime": 49}}