{"graph": {"_type": "graph-file", "sha256": "4b8bebba67c69112d4044524e5dd200f6e7d7f4fbbd92873f26b0b59d3f2afbf", "size": 740, "path": "media/graph/graph_summary_4b8bebba67c69112d404.graph.json"}, "epoch": 1, "_timestamp": 1680804683.8012536, "loss": 4.916934967041016, "mae": 0.465082049369812, "mse": 0.21712256968021393, "val_loss": 3.6370296478271484, "val_mae": 0.4655721187591553, "val_mse": 0.21742403507232666, "lr": 0.0010000000474974513, "_runtime": 4.544117450714111, "_step": 1, "best_val_loss": 3.6370296478271484, "best_epoch": 1, "_wandb": {"runtime": 4}}