{"graph": {"_type": "graph-file", "sha256": "6b661ee68a9e83fb819a483f5a1668581ecbdd6399e744e8ec02dc700dc82bfe", "size": 593, "path": "media/graph/graph_summary_6b661ee68a9e83fb819a.graph.json"}, "epoch": 299, "_timestamp": 1684508819.263526, "loss": 0.0015939982840791345, "mae": 0.02353694848716259, "mse": 0.0012059166328981519, "root_mean_squared_error": 0.03472631052136421, "val_loss": 0.0015367538435384631, "val_mae": 0.023420996963977814, "val_mse": 0.0011486614821478724, "val_root_mean_squared_error": 0.03389190882444382, "lr": 9.999999747378752e-06, "_runtime": 153.9551239013672, "_step": 299, "best_val_loss": 0.0015365408034995198, "best_epoch": 298, "_wandb": {"runtime": 152}}