{"graph": {"_type": "graph-file", "sha256": "8daf7e86f159484d71e9f7b752a36cceda20c4c5aba79e1280e99f4f67d66bb9", "size": 593, "path": "media/graph/graph_summary_8daf7e86f159484d71e9.graph.json"}, "epoch": 299, "_timestamp": 1684439448.8848765, "loss": 0.0016513930168002844, "mae": 0.028644390404224396, "mse": 0.0014368011616170406, "root_mean_squared_error": 0.03790516033768654, "val_loss": 0.0016751730581745505, "val_mae": 0.029144613072276115, "val_mse": 0.0014605930773541331, "val_root_mean_squared_error": 0.038217704743146896, "lr": 9.999999747378752e-06, "_runtime": 207.42442154884338, "_step": 299, "best_val_loss": 0.0016743220621719956, "best_epoch": 291, "_wandb": {"runtime": 205}}