{"graph": {"_type": "graph-file", "sha256": "9ddb5ce411971f1d49672a7c8823691761f6e113ffb2ba88f02fb4e834056542", "size": 729, "path": "media/graph/graph_summary_9ddb5ce411971f1d4967.graph.json"}, "epoch": 99, "_timestamp": 1680789281.9346614, "loss": 0.0008192721870727837, "mae": 0.02471695840358734, "mse": 0.0008192412205971777, "val_loss": 0.0008652735850773752, "val_mae": 0.025663431733846664, "val_mse": 0.0008652441902086139, "lr": 9.999999747378752e-06, "_runtime": 63.06111431121826, "_step": 99, "best_val_loss": 0.0008652643882669508, "best_epoch": 35, "_wandb": {"runtime": 61}}