{"graph": {"_type": "graph-file", "sha256": "1ac42279a8a8ee75daecbd716f2cfd7ba2fd41eaabde548ec7ec7a227be58735", "size": 579, "path": "media/graph/graph_summary_1ac42279a8a8ee75daec.graph.json"}, "epoch": 249, "_timestamp": 1684519446.3080678, "loss": 0.0004323677276261151, "mae": 0.014887828379869461, "mse": 0.0003695606137625873, "root_mean_squared_error": 0.019223958253860474, "val_loss": 0.00048435162170790136, "val_mae": 0.016005640849471092, "val_mse": 0.0004215611843392253, "val_root_mean_squared_error": 0.020531954243779182, "lr": 9.999999747378752e-06, "_runtime": 136.36257576942444, "_step": 249, "best_val_loss": 0.00048414248158223927, "best_epoch": 248, "_wandb": {"runtime": 134}}