{"graph": {"_type": "graph-file", "sha256": "8e18fd04a220e4d3d34782b87960db70a0a893e71852a84800e5c44201f8b8fd", "size": 593, "path": "media/graph/graph_summary_8e18fd04a220e4d3d347.graph.json"}, "epoch": 9, "_timestamp": 1682357180.125889, "loss": 0.002113436348736286, "mae": 0.037777796387672424, "mse": 0.001933420542627573, "val_loss": 0.0021288322750478983, "val_mae": 0.03871811926364899, "val_mse": 0.0019950708374381065, "lr": 0.09925000369548798, "_runtime": 8.549631118774414, "_step": 9, "best_val_loss": 0.0019718639086931944, "best_epoch": 2, "_wandb": {"runtime": 7}}