{"graph": {"_type": "graph-file", "sha256": "44b7efdd62b4203beb13851d02af724a4832e438dc10de843aafe28cb7fc4e44", "size": 1036, "path": "media/graph/graph_summary_44b7efdd62b4203beb13.graph.json"}, "epoch": 14, "_timestamp": 1680881366.799282, "loss": 0.3800731599330902, "mae": 0.02478991262614727, "mse": 0.0008256352157332003, "val_loss": 0.36928510665893555, "val_mae": 0.025658903643488884, "val_mse": 0.0008691956754773855, "lr": 6.25000029685907e-05, "_runtime": 31.60426902770996, "_step": 14, "best_val_loss": 0.36928510665893555, "best_epoch": 14, "_wandb": {"runtime": 31}}