{"graph": {"_type": "graph-file", "sha256": "72ae4c4e4f21ede8dae635d0fea647599952a7c3011985caa5e3bfa42d4edd2e", "size": 1383, "path": "media/graph/graph_summary_72ae4c4e4f21ede8dae6.graph.json"}, "epoch": 299, "_timestamp": 1684956348.0818007, "loss": 0.41692331433296204, "mae": 0.6397719383239746, "mse": 0.41692331433296204, "root_mean_squared_error": 0.6456958651542664, "val_loss": 0.4183070659637451, "val_mae": 0.6409125328063965, "val_mse": 0.4183070659637451, "val_root_mean_squared_error": 0.6467666029930115, "lr": 9.999999747378752e-06, "_runtime": 372.1586046218872, "_step": 299, "best_val_loss": 0.4183070659637451, "best_epoch": 0, "_wandb": {"runtime": 370}}