{"graph": {"_type": "graph-file", "sha256": "2910eba9003358c5f98da7e9c12e27bbd61ff5182315926c931febaf8b665ab2", "size": 722, "path": "media/graph/graph_summary_2910eba9003358c5f98d.graph.json"}, "epoch": 9, "_timestamp": 1680779708.6853983, "loss": 0.25803878903388977, "mae": 0.024207139387726784, "mse": 0.0007943432428874075, "val_loss": 0.22598743438720703, "val_mae": 0.025324108079075813, "val_mse": 0.0008490434847772121, "lr": 0.0002500000118743628, "_runtime": 16.16685438156128, "_step": 9, "best_val_loss": 0.22598743438720703, "best_epoch": 9, "_wandb": {"runtime": 16}}