{"graph": {"_type": "graph-file", "sha256": "80af2be372625c44c3a71c89b7728bbda8e8593f4d5bd4386bdc64f4be69e19c", "size": 590, "path": "media/graph/graph_summary_80af2be372625c44c3a7.graph.json"}, "epoch": 9, "_timestamp": 1682700321.2145405, "loss": 0.0019383631879463792, "mae": 0.037930384278297424, "mse": 0.0019220311660319567, "val_loss": 0.001994890393689275, "val_mae": 0.03839471563696861, "val_mse": 0.001974382670596242, "lr": 0.0010000000474974513, "_runtime": 29.198338508605957, "_step": 9, "best_val_loss": 0.0019756932742893696, "best_epoch": 6, "_wandb": {"runtime": 27}}