{"graph": {"_type": "graph-file", "sha256": "f9a9a9bc74fbc58adf2836821546c8560dd5793e318af471176a9df95bd45cdc", "size": 434, "path": "media/graph/graph_summary_f9a9a9bc74fbc58adf28.graph.json"}, "epoch": 49, "_timestamp": 1682597363.745845, "loss": 0.0029009494464844465, "mae": 0.04439045488834381, "mse": 0.0029009494464844465, "root_mean_squared_error": 0.053860459476709366, "val_loss": 0.0029138948302716017, "val_mae": 0.044571805745363235, "val_mse": 0.0029138948302716017, "val_root_mean_squared_error": 0.0539805069565773, "lr": 0.019650375470519066, "_runtime": 1989.650787115097, "_step": 449, "best_val_loss": 0.0019490141421556473, "best_epoch": 31, "_wandb": {"runtime": 1988}}