{"graph": {"_type": "graph-file", "sha256": "b1394f6ac533335fb212020ac6f35e5421f16e5eb784a19f319fca6203007e7f", "size": 1020, "path": "media/graph/graph_summary_b1394f6ac533335fb212.graph.json"}, "epoch": 49, "_timestamp": 1681886919.339267, "loss": 0.0019145978149026632, "mae": 0.03787260502576828, "mse": 0.0019145435653626919, "val_loss": 0.0019501741044223309, "val_mae": 0.0382995568215847, "val_mse": 0.001950102741830051, "lr": 0.00029484028345905244, "_runtime": 153.8791229724884, "_step": 449, "best_val_loss": 0.001949625089764595, "best_epoch": 47, "_wandb": {"runtime": 153}}