{"graph": {"_type": "graph-file", "sha256": "b7d1b1a777096601df8e2c8cfd5a5c2495214fd8d0d745779fd87f99832fe102", "size": 468, "path": "media/graph/graph_summary_b7d1b1a777096601df8e.graph.json"}, "epoch": 199, "_timestamp": 1682432069.488032, "loss": 1.1571413278579712, "mae": 1.0748149156570435, "mse": 1.1571413278579712, "root_mean_squared_error": 1.0757050514221191, "R2": -640.9926147460938, "val_loss": 1.1585031747817993, "val_mae": 1.0754318237304688, "val_mse": 1.1585031747817993, "val_root_mean_squared_error": 1.0763378143310547, "val_R2": -247548.03125, "lr": 9.999999747378752e-06, "_runtime": 120.29782915115356, "_step": 199, "best_val_loss": 1.1585031747817993, "best_epoch": 0, "_wandb": {"runtime": 119}}