{"graph": {"_type": "graph-file", "sha256": "f9a9a9bc74fbc58adf2836821546c8560dd5793e318af471176a9df95bd45cdc", "size": 434, "path": "media/graph/graph_summary_f9a9a9bc74fbc58adf28.graph.json"}, "epoch": 149, "_timestamp": 1682576376.035829, "loss": 0.007567142602056265, "mae": 0.07518516480922699, "mse": 0.007567142602056265, "root_mean_squared_error": 0.08698932826519012, "val_loss": 0.007510020863264799, "val_mae": 0.07456815987825394, "val_mse": 0.007510020863264799, "val_root_mean_squared_error": 0.08666036278009415, "lr": 9.999999747378752e-06, "_runtime": 5840.33486199379, "_step": 1349, "best_val_loss": 0.0018814875511452556, "best_epoch": 148, "_wandb": {"runtime": 5839}}