{"graph": {"_type": "graph-file", "sha256": "6e2a4c489b09488fb24055a3729bc45d81530040df0a3c96c2dd53db0537c52d", "size": 593, "path": "media/graph/graph_summary_6e2a4c489b09488fb240.graph.json"}, "epoch": 199, "_timestamp": 1682028756.4854672, "loss": 0.0006934246048331261, "mae": 0.018799904733896255, "mse": 0.0006055907579138875, "val_loss": 0.0006672907620668411, "val_mae": 0.01850435696542263, "val_mse": 0.0005793533055111766, "lr": 9.999999747378752e-06, "_runtime": 607.4569323062897, "_step": 1799, "best_val_loss": 0.0004463082295842469, "best_epoch": 124, "_wandb": {"runtime": 606}}