{"graph": {"_type": "graph-file", "sha256": "02933105077678deda0c733a4ff2f01f854e87b90bb6b8f2471744e5686b7d7b", "size": 771, "path": "media/graph/graph_summary_02933105077678deda0c.graph.json"}, "epoch": 149, "_timestamp": 1682716917.1301334, "loss": 0.8115811944007874, "mae": 0.899815022945404, "mse": 0.8115811944007874, "root_mean_squared_error": 0.9008779525756836, "val_loss": 0.8127269744873047, "val_mae": 0.9004319310188293, "val_mse": 0.8127269744873047, "val_root_mean_squared_error": 0.9015136957168579, "lr": 0.00012594445433933288, "_runtime": 819.2408773899078, "_step": 1349, "best_val_loss": 0.004492978099733591, "best_epoch": 0, "_wandb": {"runtime": 817}}