{"graph": {"_type": "graph-file", "sha256": "b2ae507a91974270dcfa0c8b6af7d04fffbcd3076e2df6660c89ef816c9a68bd", "size": 504, "path": "media/graph/graph_summary_b2ae507a91974270dcfa.graph.json"}, "epoch": 149, "_timestamp": 1684683323.0498972, "loss": 0.007657376118004322, "mae": 0.07580968737602234, "mse": 0.007657376118004322, "val_loss": 0.007404516916722059, "val_mae": 0.07444286346435547, "val_mse": 0.007404516916722059, "lr": 0.0001346875069430098, "_runtime": 4841.865423202515, "_step": 149, "best_val_loss": 0.007404186297208071, "best_epoch": 145, "_wandb": {"runtime": 4840}}