{"graph": {"_type": "graph-file", "sha256": "11d901694bbcdf0cedaf33080226f27cdeb61547d6a657cd4426a5fc982e0ec6", "size": 875, "path": "media/graph/graph_summary_11d901694bbcdf0cedaf.graph.json"}, "epoch": 19, "_timestamp": 1681906006.599234, "loss": 0.0019164347322657704, "mae": 0.037880513817071915, "mse": 0.0019153765169903636, "val_loss": 0.0019523648079484701, "val_mae": 0.03829529881477356, "val_mse": 0.0019506291719153523, "lr": 0.025573696941137314, "_runtime": 177.58353805541992, "_step": 179, "best_val_loss": 0.0019496111199259758, "best_epoch": 15, "_wandb": {"runtime": 176}}