{"graph": {"_type": "graph-file", "sha256": "79b08f6778947b3bc8a78ef05d3dff856660767dcb2583e232a2bb59d0e5856f", "size": 593, "path": "media/graph/graph_summary_79b08f6778947b3bc8a7.graph.json"}, "epoch": 299, "_timestamp": 1684509576.7194135, "loss": 0.002686405088752508, "mae": 0.039656199514865875, "mse": 0.002341284416615963, "root_mean_squared_error": 0.048386819660663605, "val_loss": 0.0026678540743887424, "val_mae": 0.0395294614136219, "val_mse": 0.002322730142623186, "val_root_mean_squared_error": 0.04819471016526222, "lr": 9.999999747378752e-06, "_runtime": 234.32794761657715, "_step": 299, "best_val_loss": 0.002667797962203622, "best_epoch": 287, "_wandb": {"runtime": 232}}