{"graph": {"_type": "graph-file", "sha256": "27c5d7819ce561a5403e4afeba735456b1eb39e6f92976330971467468a118db", "size": 740, "path": "media/graph/graph_summary_27c5d7819ce561a5403e.graph.json"}, "epoch": 9, "_timestamp": 1680785458.4192157, "loss": 0.07119958102703094, "mae": 0.025459175929427147, "mse": 0.0008872548933140934, "val_loss": 0.04667177423834801, "val_mae": 0.02617531642317772, "val_mse": 0.0009364382713101804, "lr": 0.0005000000237487257, "_runtime": 18.64406657218933, "_step": 9, "best_val_loss": 0.04667177423834801, "best_epoch": 9, "_wandb": {"runtime": 18}}