{"graph": {"_type": "graph-file", "sha256": "4b8bebba67c69112d4044524e5dd200f6e7d7f4fbbd92873f26b0b59d3f2afbf", "size": 740, "path": "media/graph/graph_summary_4b8bebba67c69112d404.graph.json"}, "epoch": 99, "_timestamp": 1680794449.4873376, "loss": 0.05333559215068817, "mae": 0.024669986218214035, "mse": 0.0008186765480786562, "val_loss": 0.05293380096554756, "val_mae": 0.02577310986816883, "val_mse": 0.0008771251887083054, "lr": 9.999999747378752e-06, "_runtime": 170.32503867149353, "_step": 99, "best_val_loss": 0.05293380096554756, "best_epoch": 99, "_wandb": {"runtime": 170}}