{"graph": {"_type": "graph-file", "sha256": "16ecfa3cac81f1273782278afab584fa57113f3a87a4b763ee360bb000c41a74", "size": 740, "path": "media/graph/graph_summary_16ecfa3cac81f1273782.graph.json"}, "epoch": 0, "_timestamp": 1680802337.0593116, "loss": 10.068582534790039, "mae": 0.05203451216220856, "mse": 0.007708767894655466, "val_loss": 7.407139301300049, "val_mae": 0.053775981068611145, "val_mse": 0.003844824153929949, "lr": 0.0010000000474974513, "_runtime": 2.203974723815918, "_step": 0, "best_val_loss": 7.407139301300049, "best_epoch": 0, "_wandb": {"runtime": 1}}