{"graph": {"_type": "graph-file", "sha256": "a9ece659ec5218acbbd2df91e701f2aa6bff2538dab8a02a0c2267a93e03303d", "size": 771, "path": "media/graph/graph_summary_a9ece659ec5218acbbd2.graph.json"}, "epoch": 149, "_timestamp": 1682796293.960854, "loss": 0.007567143067717552, "mae": 0.07518517971038818, "mse": 0.007567143067717552, "root_mean_squared_error": 0.08698932826519012, "val_loss": 0.00751001900061965, "val_mae": 0.07456816732883453, "val_mse": 0.00751001900061965, "val_root_mean_squared_error": 0.08666036278009415, "lr": 9.999999747378752e-06, "_runtime": 1592.2412769794464, "_step": 1349, "best_val_loss": 0.00751001900061965, "best_epoch": 0, "_wandb": {"runtime": 1591}}