{"graph": {"_type": "graph-file", "sha256": "75392d8990f043329e5dc2bf9fcecb097c0f5dd75d79c6dc68580d2e66643c15", "size": 708, "path": "media/graph/graph_summary_75392d8990f043329e5d.graph.json"}, "epoch": 49, "_timestamp": 1680964649.9164276, "loss": 0.0008192482055164874, "mae": 0.024716172367334366, "mse": 0.000819219509139657, "val_loss": 0.0008652834803797305, "val_mae": 0.025664541870355606, "val_mse": 0.000865254900418222, "lr": 9.999999747378752e-06, "_runtime": 53.25148367881775, "_step": 49, "best_val_loss": 0.0008652493124827743, "best_epoch": 32, "_wandb": {"runtime": 52}}