{"graph": {"_type": "graph-file", "sha256": "778929c19ae4d847ba3095157fb095ab8895fa4b8648b8d5ffcc2a56236cf1a0", "size": 1185, "path": "media/graph/graph_summary_778929c19ae4d847ba30.graph.json"}, "epoch": 49, "_timestamp": 1681069858.965045, "loss": 0.0019144794205203652, "mae": 0.037872735410928726, "mse": 0.0019144442630931735, "val_loss": 0.0019499732879921794, "val_mae": 0.03830133005976677, "val_mse": 0.0019499389454722404, "lr": 9.999999747378752e-06, "_runtime": 93.32878494262695, "_step": 49, "best_val_loss": 0.0019499732879921794, "best_epoch": 49, "_wandb": {"runtime": 93}}