{"graph": {"_type": "graph-file", "sha256": "0aefe818bd72f5996af43d11f603b720f44ba087f2d08bd572ce3fd873a74083", "size": 593, "path": "media/graph/graph_summary_0aefe818bd72f5996af4.graph.json"}, "epoch": 49, "_timestamp": 1681746140.1223738, "loss": 0.0019143555546179414, "mae": 0.03787129744887352, "mse": 0.001914355205371976, "val_loss": 0.0019499924965202808, "val_mae": 0.03830071911215782, "val_mse": 0.0019499920308589935, "lr": 9.999999747378752e-06, "_runtime": 67.69830775260925, "_step": 449, "best_val_loss": 0.0012440010905265808, "best_epoch": 48, "_wandb": {"runtime": 66}}