{"graph": {"_type": "graph-file", "sha256": "a08b533769a8ef6254b803f12c994e6b1b805a21260144814b0df7d153d2e0c1", "size": 733, "path": "media/graph/graph_summary_a08b533769a8ef6254b8.graph.json"}, "epoch": 49, "_timestamp": 1681828868.2609763, "loss": 0.0019160950323566794, "mae": 0.037873029708862305, "mse": 0.001914444612339139, "val_loss": 0.0019520584028214216, "val_mae": 0.03829699754714966, "val_mse": 0.0019503984367474914, "lr": 9.999999747378752e-06, "_runtime": 294.7256832122803, "_step": 449, "best_val_loss": 0.0019498149631544948, "best_epoch": 20, "_wandb": {"runtime": 293}}