{"graph": {"_type": "graph-file", "sha256": "70727e19628571cbc7e1a1dfb986a5b8c2859cb2d0ddfff1a94bcc9db56457ae", "size": 878, "path": "media/graph/graph_summary_70727e19628571cbc7e1.graph.json"}, "epoch": 49, "_timestamp": 1681066981.267481, "loss": 0.0019144390244036913, "mae": 0.03787115216255188, "mse": 0.0019144106190651655, "val_loss": 0.0019500128692016006, "val_mae": 0.038300808519124985, "val_mse": 0.0019499839982017875, "lr": 9.999999747378752e-06, "_runtime": 117.62646698951721, "_step": 49, "best_val_loss": 0.0019498678157106042, "best_epoch": 30, "_wandb": {"runtime": 116}}