{"graph": {"_type": "graph-file", "sha256": "778929c19ae4d847ba3095157fb095ab8895fa4b8648b8d5ffcc2a56236cf1a0", "size": 1185, "path": "media/graph/graph_summary_778929c19ae4d847ba30.graph.json"}, "epoch": 49, "_timestamp": 1680968185.1330967, "loss": 0.0008192672394216061, "mae": 0.024715900421142578, "mse": 0.0008192353416234255, "val_loss": 0.0008652823162265122, "val_mae": 0.02566414140164852, "val_mse": 0.0008652506512589753, "lr": 9.999999747378752e-06, "_runtime": 164.66893577575684, "_step": 49, "best_val_loss": 0.0008652694523334503, "best_epoch": 38, "_wandb": {"runtime": 163}}