{"graph": {"_type": "graph-file", "sha256": "16ecfa3cac81f1273782278afab584fa57113f3a87a4b763ee360bb000c41a74", "size": 740, "path": "media/graph/graph_summary_16ecfa3cac81f1273782.graph.json"}, "epoch": 99, "_timestamp": 1680790209.8315318, "loss": 0.0008192809182219207, "mae": 0.024716464802622795, "mse": 0.0008192505338229239, "val_loss": 0.0008652874385006726, "val_mae": 0.025664502754807472, "val_mse": 0.0008652546093799174, "lr": 9.999999747378752e-06, "_runtime": 167.81775283813477, "_step": 99, "best_val_loss": 0.0008652648539282382, "best_epoch": 83, "_wandb": {"runtime": 166}}