{"graph": {"_type": "graph-file", "sha256": "d21a6d221035a4e2faa1fe2c38a9dbcdd075891c704e483907f4254c1d82478f", "size": 593, "path": "media/graph/graph_summary_d21a6d221035a4e2faa1.graph.json"}, "epoch": 49, "_timestamp": 1681824121.5132136, "loss": 0.0018817894160747528, "mae": 0.036446381360292435, "mse": 0.0017948267050087452, "val_loss": 0.0019194874912500381, "val_mae": 0.03686864301562309, "val_mse": 0.001833723159506917, "lr": 9.999999747378752e-06, "_runtime": 54.94316363334656, "_step": 49, "best_val_loss": 0.0019194874912500381, "best_epoch": 49, "_wandb": {"runtime": 55}}