{"graph": {"_type": "graph-file", "sha256": "2e20dac3aad9dc67285ae509c3d9149da92309f111ab9dd0756ae3073518c71c", "size": 593, "path": "media/graph/graph_summary_2e20dac3aad9dc67285a.graph.json"}, "epoch": 199, "_timestamp": 1682941158.4707556, "loss": 0.0021327247377485037, "mae": 0.034375641494989395, "mse": 0.0019067800603806973, "root_mean_squared_error": 0.043666694313287735, "val_loss": 0.002163883298635483, "val_mae": 0.03467223048210144, "val_mse": 0.0019387771608307958, "val_root_mean_squared_error": 0.044031545519828796, "lr": 9.999999747378752e-06, "_runtime": 2663.4737646579742, "_step": 1999, "best_val_loss": 0.0017699149902909994, "best_epoch": 199, "_wandb": {"runtime": 2662}}