{"graph": {"_type": "graph-file", "sha256": "995dd3aa252de78db8911b16966c5c03a4e8c30ef056d261089a70690c4ea763", "size": 770, "path": "media/graph/graph_summary_995dd3aa252de78db891.graph.json"}, "epoch": 49, "_timestamp": 1682255614.179349, "loss": 0.0075671435333788395, "mae": 0.07518517225980759, "mse": 0.0075671435333788395, "val_loss": 0.0075100199319422245, "val_mae": 0.07456815987825394, "val_mse": 0.0075100199319422245, "lr": 0.00014762328646611422, "_runtime": 112.1105329990387, "_step": 449, "best_val_loss": 0.0075100199319422245, "best_epoch": 0, "_wandb": {"runtime": 111}}