{"graph": {"_type": "graph-file", "sha256": "b316eee0dfc40bd7c8e1929c43f8e902fe191e80a511242ecb95b21fce8e25cb", "size": 877, "path": "media/graph/graph_summary_b316eee0dfc40bd7c8e1.graph.json"}, "epoch": 19, "_timestamp": 1681901319.1721942, "loss": 0.001994311809539795, "mae": 0.0379578173160553, "mse": 0.0019224132411181927, "val_loss": 0.002017140854150057, "val_mae": 0.03848172351717949, "val_mse": 0.001989253330975771, "lr": 0.00298922136425972, "_runtime": 23.4367413520813, "_step": 179, "best_val_loss": 0.0019544025417417288, "best_epoch": 16, "_wandb": {"runtime": 22}}