{"graph": {"_type": "graph-file", "sha256": "8daf7e86f159484d71e9f7b752a36cceda20c4c5aba79e1280e99f4f67d66bb9", "size": 593, "path": "media/graph/graph_summary_8daf7e86f159484d71e9.graph.json"}, "epoch": 299, "_timestamp": 1684483398.8036609, "loss": 0.0012862634612247348, "mae": 0.026099763810634613, "mse": 0.0011353128356859088, "root_mean_squared_error": 0.03369440138339996, "val_loss": 0.0012917064595967531, "val_mae": 0.026309890672564507, "val_mse": 0.001140745123848319, "val_root_mean_squared_error": 0.03377491980791092, "lr": 9.999999747378752e-06, "_runtime": 198.62621998786926, "_step": 299, "best_val_loss": 0.0012905036564916372, "best_epoch": 247, "_wandb": {"runtime": 197}}