{"graph": {"_type": "graph-file", "sha256": "b742085c3212d7e66867272024ed2be0a65139458aed034cb70ac96d44debbbd", "size": 487, "path": "media/graph/graph_summary_b742085c3212d7e66867.graph.json"}, "epoch": 99, "_timestamp": 1682500974.8452232, "loss": 1.1582255865505431e-05, "mae": 0.002560598077252507, "mse": 1.1582255865505431e-05, "root_mean_squared_error": 0.0034032713156193495, "val_loss": 1.1533085853443481e-05, "val_mae": 0.0023546547163277864, "val_mse": 1.1533085853443481e-05, "val_root_mean_squared_error": 0.0033960395958274603, "lr": 0.004310000222176313, "_runtime": 664.0338060855865, "_step": 99, "best_val_loss": 1.016754686133936e-05, "best_epoch": 97, "_wandb": {"runtime": 662}}