{"graph": {"_type": "graph-file", "sha256": "501fd682f9798495c54f40293f5ddeb25bd9e87755b7a197e07d264c63492b1b", "size": 1094, "path": "media/graph/graph_summary_501fd682f9798495c54f.graph.json"}, "epoch": 49, "_timestamp": 1683694470.001402, "loss": 0.003437100211158395, "mae": 0.05070233345031738, "mse": 0.003437100211158395, "root_mean_squared_error": 0.058626800775527954, "val_loss": 0.003576303133741021, "val_mae": 0.05134275555610657, "val_mse": 0.003576303133741021, "val_root_mean_squared_error": 0.05980220064520836, "lr": 0.006761279888451099, "_runtime": 1479.8399138450623, "_step": 499, "best_val_loss": 0.003400085959583521, "best_epoch": 11, "_wandb": {"runtime": 1478}}