{"graph": {"_type": "graph-file", "sha256": "e69dad264e70d5b54e07e1a9225fd75d5e30853f78f90278e365c352554c5dd6", "size": 593, "path": "media/graph/graph_summary_e69dad264e70d5b54e07.graph.json"}, "epoch": 19, "_timestamp": 1681840274.5114295, "loss": 0.001470379182137549, "mae": 0.030698169022798538, "mse": 0.0013579843798652291, "val_loss": 0.001751549425534904, "val_mae": 0.034605056047439575, "val_mse": 0.0016732525546103716, "lr": 0.0077488054521381855, "_runtime": 128.0534906387329, "_step": 179, "best_val_loss": 0.001058924593962729, "best_epoch": 19, "_wandb": {"runtime": 127}}