{"graph": {"_type": "graph-file", "sha256": "f2c1fca8e2ea7aed284969e3d5cd68ecc212aa3589575144115f6f29a2745f64", "size": 523, "path": "media/graph/graph_summary_f2c1fca8e2ea7aed2849.graph.json"}, "epoch": 149, "_timestamp": 1684047726.0107274, "loss": 2.8201187888043933e-05, "mae": 0.0035595418885350227, "mse": 2.8201187888043933e-05, "root_mean_squared_error": 0.005310479085892439, "val_loss": 3.163325527566485e-05, "val_mae": 0.0037727286107838154, "val_mse": 3.163325527566485e-05, "val_root_mean_squared_error": 0.005624344572424889, "lr": 0.0002693750138860196, "_runtime": 4520.220034360886, "_step": 149, "best_val_loss": 3.144902439089492e-05, "best_epoch": 144, "_wandb": {"runtime": 4519}}