{"graph": {"_type": "graph-file", "sha256": "b493978e282bf903f522eb15969b49623e73b3aa7d5549559c605619e56c974c", "size": 593, "path": "media/graph/graph_summary_b493978e282bf903f522.graph.json"}, "epoch": 29, "_timestamp": 1682020929.061038, "loss": 0.0010740837315097451, "mae": 0.02365361712872982, "mse": 0.0009472094243392348, "val_loss": 0.0010255209635943174, "val_mae": 0.02378169260919094, "val_mse": 0.0009207806433551013, "lr": 0.006933474913239479, "_runtime": 230.532222032547, "_step": 269, "best_val_loss": 0.0008533212821930647, "best_epoch": 28, "_wandb": {"runtime": 229}}