{"graph": {"_type": "graph-file", "sha256": "8a809d7bed7b5d16c6ac82da9738bf7467c5fac844e822093e4730d80b92d731", "size": 1098, "path": "media/graph/graph_summary_8a809d7bed7b5d16c6ac.graph.json"}, "epoch": 29, "_timestamp": 1683688308.0064192, "loss": 0.0003007475461345166, "mae": 0.012389949522912502, "mse": 0.00030074757523834705, "root_mean_squared_error": 0.01734207570552826, "val_loss": 0.0002431826724205166, "val_mae": 0.01236889511346817, "val_mse": 0.0002431826724205166, "val_root_mean_squared_error": 0.01559431478381157, "lr": 0.015611417591571808, "_runtime": 566.2040202617645, "_step": 299, "best_val_loss": 0.00010659806139301509, "best_epoch": 25, "_wandb": {"runtime": 565}}