{"graph": {"_type": "graph-file", "sha256": "bd294f4e55bd3c59eae7236306e73c9a562fd8b43e52872ad2bf372a692bd100", "size": 1104, "path": "media/graph/graph_summary_bd294f4e55bd3c59eae7.graph.json"}, "epoch": 299, "_timestamp": 1684876080.4873042, "loss": 8.340474596479908e-05, "mae": 0.006739793345332146, "mse": 8.340474596479908e-05, "root_mean_squared_error": 0.009132620878517628, "val_loss": 8.459201490040869e-05, "val_mae": 0.006712146103382111, "val_mse": 8.459201490040869e-05, "val_root_mean_squared_error": 0.00919739156961441, "lr": 9.999999747378752e-06, "_runtime": 303.35750222206116, "_step": 299, "best_val_loss": 8.444163540843874e-05, "best_epoch": 273, "_wandb": {"runtime": 301}}