{"graph": {"_type": "graph-file", "sha256": "81a86c080da37db26a020a69565d73762fa4cc8d2a030eb68f79e6d7fc617c0c", "size": 767, "path": "media/graph/graph_summary_81a86c080da37db26a02.graph.json"}, "epoch": 19, "_timestamp": 1682718752.3382149, "loss": 0.007567143067717552, "mae": 0.07518517225980759, "mse": 0.007567143067717552, "root_mean_squared_error": 0.08698932826519012, "val_loss": 0.007510020397603512, "val_mae": 0.07456816732883453, "val_mse": 0.007510020397603512, "val_root_mean_squared_error": 0.08666037023067474, "lr": 0.014950764365494251, "_runtime": 63.4155158996582, "_step": 179, "best_val_loss": 0.007510020397603512, "best_epoch": 0, "_wandb": {"runtime": 62}}