{"graph": {"_type": "graph-file", "sha256": "16ecfa3cac81f1273782278afab584fa57113f3a87a4b763ee360bb000c41a74", "size": 740, "path": "media/graph/graph_summary_16ecfa3cac81f1273782.graph.json"}, "epoch": 0, "_timestamp": 1681311663.5747113, "loss": 13.530205726623535, "mae": 0.05648498609662056, "mse": 0.009807533584535122, "val_loss": 11.819252014160156, "val_mae": 0.03579570725560188, "val_mse": 0.0017612582305446267, "lr": 0.009999999776482582, "_runtime": 3.7155213356018066, "_step": 0, "best_val_loss": 11.819252014160156, "best_epoch": 0, "_wandb": {"runtime": 3}}