{"graph": {"_type": "graph-file", "sha256": "bb5b42524d13a05257818356e1459613f4870d4a8b1b338141c76c799b477056", "size": 768, "path": "media/graph/graph_summary_bb5b42524d13a0525781.graph.json"}, "epoch": 29, "_timestamp": 1682718368.8344145, "loss": 0.007567142602056265, "mae": 0.07518515735864639, "mse": 0.007567142602056265, "root_mean_squared_error": 0.08698932826519012, "val_loss": 0.007510020863264799, "val_mae": 0.07456815987825394, "val_mse": 0.007510020863264799, "val_root_mean_squared_error": 0.08666037768125534, "lr": 0.0071073235012590885, "_runtime": 80.69500255584717, "_step": 269, "best_val_loss": 0.007510020863264799, "best_epoch": 0, "_wandb": {"runtime": 79}}