{"graph": {"_type": "graph-file", "sha256": "6b661ee68a9e83fb819a483f5a1668581ecbdd6399e744e8ec02dc700dc82bfe", "size": 593, "path": "media/graph/graph_summary_6b661ee68a9e83fb819a.graph.json"}, "epoch": 249, "_timestamp": 1684417203.1348119, "loss": 427717.90625, "mae": 648.1560668945312, "mse": 427717.90625, "root_mean_squared_error": 654.00146484375, "val_loss": 431328.09375, "val_mae": 650.9691772460938, "val_mse": 431328.09375, "val_root_mean_squared_error": 656.7557373046875, "lr": 9.999999747378752e-06, "_runtime": 344.23505091667175, "_step": 249, "best_val_loss": 431328.09375, "best_epoch": 7, "_wandb": {"runtime": 342}}