{"graph": {"_type": "graph-file", "sha256": "0aefe818bd72f5996af43d11f603b720f44ba087f2d08bd572ce3fd873a74083", "size": 593, "path": "media/graph/graph_summary_0aefe818bd72f5996af4.graph.json"}, "epoch": 9, "_timestamp": 1682357733.55802, "loss": 0.0018482892774045467, "mae": 0.03243430331349373, "mse": 0.0015272946329787374, "root_mean_squared_error": 0.03908061608672142, "val_loss": 0.0038126297295093536, "val_mae": 0.049547791481018066, "val_mse": 0.0036739406641572714, "val_root_mean_squared_error": 0.06061303988099098, "lr": 0.09925000369548798, "_runtime": 10.923789024353027, "_step": 9, "best_val_loss": 0.00166417530272156, "best_epoch": 7, "_wandb": {"runtime": 9}}