{"graph": {"_type": "graph-file", "sha256": "4f30a8d085a453fa095c20472f95a2d4f9ebc67f8aa1cd92fc0c2a150e8be246", "size": 1094, "path": "media/graph/graph_summary_4f30a8d085a453fa095c.graph.json"}, "epoch": 149, "_timestamp": 1683690924.4873745, "loss": 0.00013034699077252299, "mae": 0.008358465507626534, "mse": 0.00013034699077252299, "root_mean_squared_error": 0.011416961438953876, "val_loss": 0.00013629776367451996, "val_mae": 0.008446606807410717, "val_mse": 0.00013629776367451996, "val_root_mean_squared_error": 0.011674663051962852, "lr": 9.999999747378752e-06, "_runtime": 2602.841986656189, "_step": 1499, "best_val_loss": 2.626484456413891e-05, "best_epoch": 148, "_wandb": {"runtime": 2601}}