{"graph": {"_type": "graph-file", "sha256": "1b5dd5e64520d63cb949bcfcd73da277510897a5d8adbe17e1a2ae8013ea82cb", "size": 770, "path": "media/graph/graph_summary_1b5dd5e64520d63cb949.graph.json"}, "epoch": 29, "_timestamp": 1682281510.7582512, "loss": 0.007567141205072403, "mae": 0.07518516480922699, "mse": 0.007567141205072403, "val_loss": 0.0075100199319422245, "val_mae": 0.07456815987825394, "val_mse": 0.0075100199319422245, "lr": 0.006264573894441128, "_runtime": 167.21026730537415, "_step": 269, "best_val_loss": 0.0075100199319422245, "best_epoch": 0, "_wandb": {"runtime": 166}}