{"graph": {"_type": "graph-file", "sha256": "0307e966be2421b4c862cd0c7d1ff47815175b91cc7e48dde1705a7485896e12", "size": 593, "path": "media/graph/graph_summary_0307e966be2421b4c862.graph.json"}, "epoch": 149, "_timestamp": 1681586756.0936394, "loss": 0.0019760949071496725, "mae": 0.03697730228304863, "mse": 0.001839769771322608, "val_loss": 0.002015128266066313, "val_mae": 0.037410467863082886, "val_mse": 0.001879071001894772, "lr": 9.999999747378752e-06, "_runtime": 217.52904748916626, "_step": 149, "best_val_loss": 0.002015128266066313, "best_epoch": 149, "_wandb": {"runtime": 217}}