{"graph": {"_type": "graph-file", "sha256": "428d43ed4ba55bd25f52d194ff345c5907a27f8043c5b04fe59c6e24e8072621", "size": 569, "path": "media/graph/graph_summary_428d43ed4ba55bd25f52.graph.json"}, "epoch": 49, "_timestamp": 1682689953.5811203, "loss": 0.0019798444118350744, "mae": 0.037879377603530884, "mse": 0.001917762216180563, "val_loss": 0.0020127836614847183, "val_mae": 0.03832806646823883, "val_mse": 0.001950418227352202, "lr": 6.25000029685907e-05, "_runtime": 95.32834315299988, "_step": 49, "best_val_loss": 0.0020127836614847183, "best_epoch": 49, "_wandb": {"runtime": 95}}