{"graph": {"_type": "graph-file", "sha256": "b1394f6ac533335fb212020ac6f35e5421f16e5eb784a19f319fca6203007e7f", "size": 1020, "path": "media/graph/graph_summary_b1394f6ac533335fb212.graph.json"}, "epoch": 149, "_timestamp": 1681889997.5965135, "loss": 0.0031651377212256193, "mae": 0.039416033774614334, "mse": 0.0021395969670265913, "val_loss": 0.0032193022780120373, "val_mae": 0.039744190871715546, "val_mse": 0.002193773165345192, "lr": 9.999999747378752e-06, "_runtime": 717.6623976230621, "_step": 1349, "best_val_loss": 0.002117814728990197, "best_epoch": 149, "_wandb": {"runtime": 717}}