{"graph": {"_type": "graph-file", "sha256": "9ddb5ce411971f1d49672a7c8823691761f6e113ffb2ba88f02fb4e834056542", "size": 729, "path": "media/graph/graph_summary_9ddb5ce411971f1d4967.graph.json"}, "epoch": 99, "_timestamp": 1680792572.8414097, "loss": 0.0015201870119199157, "mae": 0.024717360734939575, "mse": 0.0008197308634407818, "val_loss": 0.0015409640036523342, "val_mae": 0.025647185742855072, "val_mse": 0.0008653117693029344, "lr": 9.999999747378752e-06, "_runtime": 160.61831665039062, "_step": 99, "best_val_loss": 0.0015409640036523342, "best_epoch": 99, "_wandb": {"runtime": 160}}