{"graph": {"_type": "graph-file", "sha256": "9eb265a373347b90d3a078cbf2eba6f3621443bec68c0a4c0b554fa5c3bf99fa", "size": 740, "path": "media/graph/graph_summary_9eb265a373347b90d3a0.graph.json"}, "epoch": 0, "_timestamp": 1681311649.3690898, "loss": 13.579297065734863, "mae": 0.055194538086652756, "mse": 0.00804869830608368, "val_loss": 11.863789558410645, "val_mae": 0.037176549434661865, "val_mse": 0.0018601433839648962, "lr": 0.009999999776482582, "_runtime": 3.3561768531799316, "_step": 0, "best_val_loss": 11.863789558410645, "best_epoch": 0, "_wandb": {"runtime": 3}}