{"graph": {"_type": "graph-file", "sha256": "4c8185c8f5e04e39cd8f5552d04239b6d1cd9a5441834b2fc4ce30fde6208e51", "size": 740, "path": "media/graph/graph_summary_4c8185c8f5e04e39cd8f.graph.json"}, "epoch": 9, "_timestamp": 1680778187.0917208, "loss": 8.069140434265137, "mae": 0.02031264454126358, "mse": 0.0005990359932184219, "val_loss": 7.968519687652588, "val_mae": 0.020165711641311646, "val_mse": 0.0006130380206741393, "lr": 4.999999873689376e-05, "_runtime": 16.822839736938477, "_step": 9, "best_val_loss": 7.968519687652588, "best_epoch": 9, "_wandb": {"runtime": 16}}