{"graph": {"_type": "graph-file", "sha256": "5636c053853ad2ef51fa3361962bd1642e865536d20953eae535f7ca6d6d03ca", "size": 1096, "path": "media/graph/graph_summary_5636c053853ad2ef51fa.graph.json"}, "epoch": 49, "_timestamp": 1683671154.0718966, "loss": 8.278263703687117e-05, "mae": 0.006726924795657396, "mse": 8.278263703687117e-05, "root_mean_squared_error": 0.009098494425415993, "val_loss": 9.558127203490585e-05, "val_mae": 0.0069285728968679905, "val_mse": 9.558127203490585e-05, "val_root_mean_squared_error": 0.009776566177606583, "lr": 0.0002902102714870125, "_runtime": 915.1293964385986, "_step": 499, "best_val_loss": 6.72272581141442e-05, "best_epoch": 47, "_wandb": {"runtime": 914}}