{"graph": {"_type": "graph-file", "sha256": "eccc493d33aa7143dfd3ebbd4278cb06a980912771094328608bd841c890990e", "size": 968, "path": "media/graph/graph_summary_eccc493d33aa7143dfd3.graph.json"}, "epoch": 49, "_timestamp": 1682669881.544083, "loss": 0.007567142136394978, "mae": 0.07518515735864639, "mse": 0.007567142136394978, "root_mean_squared_error": 0.08698932081460953, "val_loss": 0.007510020863264799, "val_mae": 0.07456815987825394, "val_mse": 0.007510020863264799, "val_root_mean_squared_error": 0.08666037768125534, "lr": 0.005409491714090109, "_runtime": 2960.991711139679, "_step": 449, "best_val_loss": 0.007510020863264799, "best_epoch": 0, "_wandb": {"runtime": 2959}}