{"graph": {"_type": "graph-file", "sha256": "1ac42279a8a8ee75daecbd716f2cfd7ba2fd41eaabde548ec7ec7a227be58735", "size": 579, "path": "media/graph/graph_summary_1ac42279a8a8ee75daec.graph.json"}, "epoch": 299, "_timestamp": 1684427810.2523093, "loss": 0.0007206581649370492, "mae": 0.020624661818146706, "mse": 0.0006175078451633453, "root_mean_squared_error": 0.024849705398082733, "val_loss": 0.0007938694907352328, "val_mae": 0.021948767825961113, "val_mse": 0.0006908544455654919, "val_root_mean_squared_error": 0.026284109801054, "lr": 9.999999747378752e-06, "_runtime": 170.72323036193848, "_step": 299, "best_val_loss": 0.0007938151247799397, "best_epoch": 297, "_wandb": {"runtime": 169}}