{"graph": {"_type": "graph-file", "sha256": "1ecadeeef820a219303547a1981331ec050845571431d9a0925fb39b39bbe249", "size": 770, "path": "media/graph/graph_summary_1ecadeeef820a2193035.graph.json"}, "epoch": 49, "_timestamp": 1682254271.9387975, "loss": 0.007567143067717552, "mae": 0.07518515735864639, "mse": 0.007567142602056265, "val_loss": 0.007510020397603512, "val_mae": 0.07456816732883453, "val_mse": 0.007510020397603512, "lr": 0.0003213075688108802, "_runtime": 48.750993490219116, "_step": 449, "best_val_loss": 0.007510020397603512, "best_epoch": 0, "_wandb": {"runtime": 48}}