{"graph": {"_type": "graph-file", "sha256": "6b661ee68a9e83fb819a483f5a1668581ecbdd6399e744e8ec02dc700dc82bfe", "size": 593, "path": "media/graph/graph_summary_6b661ee68a9e83fb819a.graph.json"}, "epoch": 249, "_timestamp": 1684407369.3040001, "loss": 0.0010089789284393191, "mae": 0.020139897242188454, "mse": 0.000748456281144172, "root_mean_squared_error": 0.027357928454875946, "val_loss": 0.0010424351785331964, "val_mae": 0.02050636149942875, "val_mse": 0.0007820804021321237, "val_root_mean_squared_error": 0.02796570025384426, "lr": 9.999999747378752e-06, "_runtime": 328.3943932056427, "_step": 249, "best_val_loss": 0.001041881158016622, "best_epoch": 235, "_wandb": {"runtime": 326}}