{"graph": {"_type": "graph-file", "sha256": "805d5485ec34b8f8ad6cdf4a76b08d6731c1da5dd0bd33cc6008185d72e09a8b", "size": 579, "path": "media/graph/graph_summary_805d5485ec34b8f8ad6c.graph.json"}, "epoch": 149, "_timestamp": 1681585559.3304121, "loss": 0.002166769467294216, "mae": 0.03722652420401573, "mse": 0.0018612471176311374, "val_loss": 0.00219708145596087, "val_mae": 0.03767874836921692, "val_mse": 0.001893545500934124, "lr": 9.999999747378752e-06, "_runtime": 223.60819506645203, "_step": 149, "best_val_loss": 0.00219708145596087, "best_epoch": 149, "_wandb": {"runtime": 223}}