{"graph": {"_type": "graph-file", "sha256": "55649ef23660c38e6b9ed05b6e2b32bc31589d0fa79d46eb58fe3f7dc4b0414e", "size": 776, "path": "media/graph/graph_summary_55649ef23660c38e6b9e.graph.json"}, "epoch": 149, "_timestamp": 1682713142.1280026, "loss": 0.8553482890129089, "mae": 0.9238147735595703, "mse": 0.8553482890129089, "root_mean_squared_error": 0.9248502254486084, "val_loss": 0.8565239310264587, "val_mae": 0.9244318008422852, "val_mse": 0.8565239310264587, "val_root_mean_squared_error": 0.9254857897758484, "lr": 9.999999747378752e-06, "_runtime": 705.495171546936, "_step": 1349, "best_val_loss": 0.007489706389605999, "best_epoch": 0, "_wandb": {"runtime": 704}}