{"graph": {"_type": "graph-file", "sha256": "67e39dc95825729588e5ac36270606e1b7a4ca29510a9b637d14c325df2afab8", "size": 513, "path": "media/graph/graph_summary_67e39dc95825729588e5.graph.json"}, "epoch": 2, "_timestamp": 1684183999.1751196, "loss": 0.0032458724454045296, "mae": 0.043424975126981735, "mse": 0.0032458724454045296, "root_mean_squared_error": 0.05697255954146385, "val_loss": 0.002184860408306122, "val_mae": 0.033009253442287445, "val_mse": 0.002184860408306122, "val_root_mean_squared_error": 0.04674249142408371, "lr": 0.06896000355482101, "_runtime": 165.86580753326416, "_step": 2, "best_val_loss": 0.002184860408306122, "best_epoch": 2, "_wandb": {"runtime": 202}}