{"graph": {"_type": "graph-file", "sha256": "d286505d8d533a00c71363eed3b7869181d7d5ecd668f7dff0f4fa34e63fbd50", "size": 576, "path": "media/graph/graph_summary_d286505d8d533a00c713.graph.json"}, "epoch": 49, "_timestamp": 1681055609.3634212, "loss": 0.0016888313693925738, "mae": 0.032630521804094315, "mse": 0.0016888313693925738, "val_loss": 0.0017186265904456377, "val_mae": 0.03264712914824486, "val_mse": 0.0017186265904456377, "lr": 9.999999747378752e-06, "_runtime": 57.095638275146484, "_step": 49, "best_val_loss": 0.0017186265904456377, "best_epoch": 49, "_wandb": {"runtime": 57}}