{"graph": {"_type": "graph-file", "sha256": "0eec391b10a6c5974886fe82c76ef378d892270e7fa5c35c5d67b7b975b03cc3", "size": 576, "path": "media/graph/graph_summary_0eec391b10a6c5974886.graph.json"}, "epoch": 49, "_timestamp": 1680963029.351357, "loss": 0.0008191891829483211, "mae": 0.024716023355722427, "mse": 0.0008191891829483211, "val_loss": 0.000865243433509022, "val_mae": 0.0256633460521698, "val_mse": 0.000865243433509022, "lr": 9.999999747378752e-06, "_runtime": 30.67931890487671, "_step": 49, "best_val_loss": 0.0008652347605675459, "best_epoch": 21, "_wandb": {"runtime": 29}}