{"graph": {"_type": "graph-file", "sha256": "a785485a1cfd52e9450578440a17fe5f5b0cdf36362940a9a33f6e37a26ff46d", "size": 886, "path": "media/graph/graph_summary_a785485a1cfd52e94505.graph.json"}, "epoch": 49, "_timestamp": 1680967451.3704386, "loss": 0.0008192650275304914, "mae": 0.02471690997481346, "mse": 0.0008192354580387473, "val_loss": 0.0008652795804664493, "val_mae": 0.02566416934132576, "val_mse": 0.0008652510587126017, "lr": 9.999999747378752e-06, "_runtime": 70.05994248390198, "_step": 49, "best_val_loss": 0.0008652587421238422, "best_epoch": 38, "_wandb": {"runtime": 68}}