{"graph": {"_type": "graph-file", "sha256": "2910eba9003358c5f98da7e9c12e27bbd61ff5182315926c931febaf8b665ab2", "size": 722, "path": "media/graph/graph_summary_2910eba9003358c5f98d.graph.json"}, "epoch": 0, "_timestamp": 1680802482.271015, "loss": 9.884016036987305, "mae": 0.024677174165844917, "mse": 0.0010422957129776478, "val_loss": 7.247471332550049, "val_mae": 0.021164482459425926, "val_mse": 0.0006445020553655922, "lr": 0.0010000000474974513, "_runtime": 3.5520288944244385, "_step": 0, "best_val_loss": 7.247471332550049, "best_epoch": 0, "_wandb": {"runtime": 3}}