{"graph": {"_type": "graph-file", "sha256": "b5c05e4e6a9826f45701fd1e94e86a0131e50cac4e31ed8ef30b8d20b592fe47", "size": 1095, "path": "media/graph/graph_summary_b5c05e4e6a9826f45701.graph.json"}, "epoch": 49, "_timestamp": 1683687020.878634, "loss": 0.00012484804028645158, "mae": 0.008723909966647625, "mse": 0.00012484804028645158, "root_mean_squared_error": 0.011173541657626629, "val_loss": 0.0001314536784775555, "val_mae": 0.008546363562345505, "val_mse": 0.0001314536784775555, "val_root_mean_squared_error": 0.011465326882898808, "lr": 0.003783027408644557, "_runtime": 1301.2984008789062, "_step": 499, "best_val_loss": 0.00011936902592424303, "best_epoch": 40, "_wandb": {"runtime": 1300}}