{"graph": {"_type": "graph-file", "sha256": "1334b8fd63645a0f2b98a61d5f53e5b66a54de58ba8ab06b9a2b348ce23878c7", "size": 886, "path": "media/graph/graph_summary_1334b8fd63645a0f2b98.graph.json"}, "epoch": 49, "_timestamp": 1681067131.0190766, "loss": 0.001914409687742591, "mae": 0.03787070885300636, "mse": 0.0019143798854202032, "val_loss": 0.0019500809721648693, "val_mae": 0.038300130516290665, "val_mse": 0.0019500465132296085, "lr": 9.999999747378752e-06, "_runtime": 144.41745853424072, "_step": 49, "best_val_loss": 0.001949942554347217, "best_epoch": 40, "_wandb": {"runtime": 143}}