{"graph": {"_type": "graph-file", "sha256": "1c8dc4f039e5b0a3169f0a17e97a7e014a4969e77eb6b9fb4e0a6af69022848c", "size": 416, "path": "media/graph/graph_summary_1c8dc4f039e5b0a3169f.graph.json"}, "epoch": 4, "_timestamp": 1684696390.4890687, "loss": 0.0002257682353956625, "mae": 0.012923890724778175, "mse": 0.0002257682353956625, "val_loss": 0.00024033915542531759, "val_mae": 0.013550621457397938, "val_mse": 0.00024033915542531759, "lr": 0.04270000010728836, "_runtime": 7.947485685348511, "_step": 4, "best_val_loss": 0.00024033915542531759, "best_epoch": 4}