{"graph": {"_type": "graph-file", "sha256": "a785485a1cfd52e9450578440a17fe5f5b0cdf36362940a9a33f6e37a26ff46d", "size": 886, "path": "media/graph/graph_summary_a785485a1cfd52e94505.graph.json"}, "epoch": 49, "_timestamp": 1681069168.713967, "loss": 0.0019150031730532646, "mae": 0.0378732867538929, "mse": 0.0019145436817780137, "val_loss": 0.001950629404745996, "val_mae": 0.03829885646700859, "val_mse": 0.0019501772476360202, "lr": 9.999999747378752e-06, "_runtime": 93.79169917106628, "_step": 49, "best_val_loss": 0.001950479345396161, "best_epoch": 34, "_wandb": {"runtime": 92}}