{"graph": {"_type": "graph-file", "sha256": "e939275f90b03f4f90880802d9a9351883610937e83e61cbdf72cc608bd0ff11", "size": 886, "path": "media/graph/graph_summary_e939275f90b03f4f9088.graph.json"}, "epoch": 49, "_timestamp": 1680967365.7559297, "loss": 0.0008260937756858766, "mae": 0.024720754474401474, "mse": 0.00081940385280177, "val_loss": 0.0008719249162822962, "val_mae": 0.025660259649157524, "val_mse": 0.0008652354008518159, "lr": 9.999999747378752e-06, "_runtime": 78.80480670928955, "_step": 49, "best_val_loss": 0.0008719249162822962, "best_epoch": 49, "_wandb": {"runtime": 79}}