{"graph": {"_type": "graph-file", "sha256": "6d2094e3381b6492aed166b1c5f4abecc36d780191c165c03d0de946a37cbc6a", "size": 593, "path": "media/graph/graph_summary_6d2094e3381b6492aed1.graph.json"}, "epoch": 199, "_timestamp": 1682024734.1451817, "loss": 0.0005042063421569765, "mae": 0.014866989105939865, "mse": 0.00038689651410095394, "val_loss": 0.0004970746813341975, "val_mae": 0.014809382148087025, "val_mse": 0.0003798260004259646, "lr": 9.999999747378752e-06, "_runtime": 896.2814755439758, "_step": 1799, "best_val_loss": 0.0004966558190062642, "best_epoch": 192, "_wandb": {"runtime": 895}}