{"graph": {"_type": "graph-file", "sha256": "2ff39cfc022753b756bf8fbde79df65fe417eb65a85fdfaa76ffeffde16a53db", "size": 1100, "path": "media/graph/graph_summary_2ff39cfc022753b756bf.graph.json"}, "epoch": 149, "_timestamp": 1683652756.5998797, "loss": 5.5649408750468865e-05, "mae": 0.0055314949713647366, "mse": 5.564941238844767e-05, "root_mean_squared_error": 0.007459851913154125, "val_loss": 6.236459739739075e-05, "val_mae": 0.005636277608573437, "val_mse": 6.236459739739075e-05, "val_root_mean_squared_error": 0.007897126488387585, "lr": 3.8614427467109635e-05, "_runtime": 2964.082708835602, "_step": 1499, "best_val_loss": 7.448087217198918e-06, "best_epoch": 149, "_wandb": {"runtime": 2962}}