{"graph": {"_type": "graph-file", "sha256": "69b6572f0a52d88e4aeb924ef68b42dca0245ff8efeb256d178053a1bcef3e69", "size": 774, "path": "media/graph/graph_summary_69b6572f0a52d88e4aeb.graph.json"}, "epoch": 199, "_timestamp": 1682276033.8458378, "loss": 0.0075671435333788395, "mae": 0.07518516480922699, "mse": 0.0075671435333788395, "val_loss": 0.0075100199319422245, "val_mae": 0.07456815987825394, "val_mse": 0.0075100199319422245, "lr": 9.999999747378752e-06, "_runtime": 1237.6924397945404, "_step": 1799, "best_val_loss": 0.0075100199319422245, "best_epoch": 0, "_wandb": {"runtime": 1236}}