{"graph": {"_type": "graph-file", "sha256": "198c026e0cff7766b4e29e3665880b1ddb2639e3cf2a3ac9749af3dc4626d190", "size": 597, "path": "media/graph/graph_summary_198c026e0cff7766b4e2.graph.json"}, "epoch": 1, "_timestamp": 1682696028.1071947, "loss": 0.9201757907867432, "mae": 0.04908936098217964, "mse": 0.0036165444180369377, "val_loss": 0.6623554229736328, "val_mae": 0.04643974080681801, "val_mse": 0.003206847235560417, "lr": 0.0010000000474974513, "_runtime": 8.037298679351807, "_step": 1, "best_val_loss": 0.6623554229736328, "best_epoch": 1, "_wandb": {"runtime": 7}}