{"graph": {"_type": "graph-file", "sha256": "27c5d7819ce561a5403e4afeba735456b1eb39e6f92976330971467468a118db", "size": 740, "path": "media/graph/graph_summary_27c5d7819ce561a5403e.graph.json"}, "epoch": 0, "_timestamp": 1681052602.2801814, "loss": 9.872758865356445, "mae": 0.10368112474679947, "mse": 0.03613908961415291, "val_loss": 7.196126461029053, "val_mae": 0.05178304389119148, "val_mse": 0.0036114463582634926, "lr": 0.0010000000474974513, "_runtime": 4.169922351837158, "_step": 0, "best_val_loss": 7.196126461029053, "best_epoch": 0, "_wandb": {"runtime": 5}}