{"graph": {"_type": "graph-file", "sha256": "c32428d287406381d2718861ee671115bb1e128e3ce39d0ddf9f33cb16f978fd", "size": 740, "path": "media/graph/graph_summary_c32428d287406381d271.graph.json"}, "epoch": 49, "_timestamp": 1681319625.9245572, "loss": 1.8659337759017944, "mae": 0.03978035971522331, "mse": 0.0021718619391322136, "val_loss": 1.8657392263412476, "val_mae": 0.04008026048541069, "val_mse": 0.002222405280917883, "lr": 9.999999747378752e-06, "_runtime": 56.94869828224182, "_step": 49, "best_val_loss": 1.8657392263412476, "best_epoch": 49, "_wandb": {"runtime": 56}}