{"graph": {"_type": "graph-file", "sha256": "c43a6a08b8d95bcf8fd69640763fc6156f983d2fce3ea520ce9c63c2dc6a05bf", "size": 565, "path": "media/graph/graph_summary_c43a6a08b8d95bcf8fd6.graph.json"}, "epoch": 13, "_timestamp": 1684354476.4926064, "loss": 0.002208192367106676, "mae": 0.021117137745022774, "mse": 0.000658332253806293, "root_mean_squared_error": 0.025657985359430313, "val_loss": 0.0021662390790879726, "val_mae": 0.020816730335354805, "val_mse": 0.0006580323679372668, "val_root_mean_squared_error": 0.025652140378952026, "lr": 0.04270000010728836, "_runtime": 21.31335139274597, "_step": 13, "best_val_loss": 0.0021662390790879726, "best_epoch": 13}