{"graph": {"_type": "graph-file", "sha256": "f629cc1c70320141a1224993ec766c569d2f15e840bb4de4eba861f59c78c2ea", "size": 770, "path": "media/graph/graph_summary_f629cc1c70320141a122.graph.json"}, "epoch": 199, "_timestamp": 1682261045.4869504, "loss": 0.007567142136394978, "mae": 0.07518516480922699, "mse": 0.007567142136394978, "val_loss": 0.00751001900061965, "val_mae": 0.07456817477941513, "val_mse": 0.00751001900061965, "lr": 9.999999747378752e-06, "_runtime": 425.41635036468506, "_step": 1799, "best_val_loss": 0.00751001900061965, "best_epoch": 0, "_wandb": {"runtime": 424}}