{"graph": {"_type": "graph-file", "sha256": "e0a184a26e986dc740525893b56d09ec8f84e1e6eac0961e58ae4937a9171fd3", "size": 770, "path": "media/graph/graph_summary_e0a184a26e986dc74052.graph.json"}, "epoch": 199, "_timestamp": 1682281196.4095795, "loss": 0.007567139808088541, "mae": 0.07518516480922699, "mse": 0.007567139808088541, "val_loss": 0.0075100199319422245, "val_mae": 0.07456815987825394, "val_mse": 0.0075100199319422245, "lr": 9.999999747378752e-06, "_runtime": 1046.908786535263, "_step": 1799, "best_val_loss": 0.0075100199319422245, "best_epoch": 0, "_wandb": {"runtime": 1046}}