{"graph": {"_type": "graph-file", "sha256": "f1406ad1b15778a053e3496bedb6b2630ef1420cd2210017aef6a4767df2ad9a", "size": 593, "path": "media/graph/graph_summary_f1406ad1b15778a053e3.graph.json"}, "epoch": 249, "_timestamp": 1684515509.3646042, "loss": 0.001615028129890561, "mae": 0.02526835910975933, "mse": 0.0012392242206260562, "root_mean_squared_error": 0.03520261496305466, "val_loss": 0.0015761808026582003, "val_mae": 0.024828270077705383, "val_mse": 0.0012003718875348568, "val_root_mean_squared_error": 0.03464638441801071, "lr": 9.999999747378752e-06, "_runtime": 106.97958326339722, "_step": 249, "best_val_loss": 0.0015761808026582003, "best_epoch": 249, "_wandb": {"runtime": 106}}