{"graph": {"_type": "graph-file", "sha256": "418ee89ead2847ce672218406cf15028b2ca4a31cdc35317f7cce164e2e7a2df", "size": 883, "path": "media/graph/graph_summary_418ee89ead2847ce6722.graph.json"}, "epoch": 19, "_timestamp": 1682437607.6249478, "loss": 0.8578819632530212, "mae": 0.9251852035522461, "mse": 0.8578819632530212, "root_mean_squared_error": 0.9262191653251648, "val_loss": 0.8567758798599243, "val_mae": 0.9245681762695312, "val_mse": 0.8567758798599243, "val_root_mean_squared_error": 0.9256218671798706, "lr": 9.999999747378752e-06, "_runtime": 14.739335775375366, "_step": 19, "best_val_loss": 0.8567758798599243, "best_epoch": 0, "_wandb": {"runtime": 14}}