{"graph": {"_type": "graph-file", "sha256": "c132a5585912016b7bb96a9d02cc4da60a5c6c3e56d9a611988a23dde51d251c", "size": 597, "path": "media/graph/graph_summary_c132a5585912016b7bb9.graph.json"}, "epoch": 49, "_timestamp": 1682690477.161416, "loss": 0.0019179184455424547, "mae": 0.03788384050130844, "mse": 0.00191526859998703, "val_loss": 0.0019530862336978316, "val_mae": 0.03829732909798622, "val_mse": 0.0019503557123243809, "lr": 6.25000029685907e-05, "_runtime": 80.25848507881165, "_step": 49, "best_val_loss": 0.0019528234843164682, "best_epoch": 47, "_wandb": {"runtime": 79}}