{"graph": {"_type": "graph-file", "sha256": "e1d3098bcc7e01e15aa76cebeaf7623999fd17376587a4fcaaee449342e6229f", "size": 1096, "path": "media/graph/graph_summary_e1d3098bcc7e01e15aa7.graph.json"}, "epoch": 149, "_timestamp": 1683669094.4558861, "loss": 3.8010857679182664e-05, "mae": 0.004205492325127125, "mse": 3.8010857679182664e-05, "root_mean_squared_error": 0.0061652930453419685, "val_loss": 4.0453302062815055e-05, "val_mae": 0.0042866067960858345, "val_mse": 4.0453302062815055e-05, "val_root_mean_squared_error": 0.006360291037708521, "lr": 0.0002090317284455523, "_runtime": 1109.5033700466156, "_step": 1499, "best_val_loss": 3.116496009170078e-05, "best_epoch": 147, "_wandb": {"runtime": 1108}}