{"graph": {"_type": "graph-file", "sha256": "a5099b7ac0216a0561c9813cf83f3cb6dff7e85d85092033693a7c3908ee180f", "size": 597, "path": "media/graph/graph_summary_a5099b7ac0216a0561c9.graph.json"}, "epoch": 9, "_timestamp": 1682700560.1926131, "loss": 0.002966952510178089, "mae": 0.038427822291851044, "mse": 0.0019907501991838217, "val_loss": 0.0028921382036060095, "val_mae": 0.03904935345053673, "val_mse": 0.0020845544058829546, "lr": 0.0010000000474974513, "_runtime": 41.41085505485535, "_step": 9, "best_val_loss": 0.0028921382036060095, "best_epoch": 9, "_wandb": {"runtime": 41}}