{"graph": {"_type": "graph-file", "sha256": "15db8cdd050733c2dba1b683315eb383e401c61a574b264902bd0527e8d872f7", "size": 441, "path": "media/graph/graph_summary_15db8cdd050733c2dba1.graph.json"}, "epoch": 29, "_timestamp": 1682567104.909022, "loss": 0.0019168121507391334, "mae": 0.037899427115917206, "mse": 0.0019168121507391334, "root_mean_squared_error": 0.04378141462802887, "val_loss": 0.001952538499608636, "val_mae": 0.038331665098667145, "val_mse": 0.001952538499608636, "val_root_mean_squared_error": 0.04418753832578659, "lr": 0.00019316627003718168, "_runtime": 339.8537540435791, "_step": 269, "best_val_loss": 0.001947490032762289, "best_epoch": 11, "_wandb": {"runtime": 338}}