{"graph": {"_type": "graph-file", "sha256": "b8c27efc18c72531fa17bd11457154f8e5d8fe5db54a1ea20dc1c0a550cc44f3", "size": 579, "path": "media/graph/graph_summary_b8c27efc18c72531fa17.graph.json"}, "epoch": 9, "_timestamp": 1682358753.1815586, "loss": 0.002132346387952566, "mae": 0.03245778754353523, "mse": 0.0016943964874371886, "root_mean_squared_error": 0.04116304591298103, "val_loss": 0.0022968733683228493, "val_mae": 0.036704543977975845, "val_mse": 0.0020384984090924263, "val_root_mean_squared_error": 0.04514973238110542, "lr": 0.09925000369548798, "_runtime": 12.561785697937012, "_step": 9, "best_val_loss": 0.0016976739279925823, "best_epoch": 8, "_wandb": {"runtime": 11}}