{"graph": {"_type": "graph-file", "sha256": "0c7b882d1be81707aa9537e07ce4700a7f9083c31c284cb82d200dd66beb17b5", "size": 439, "path": "media/graph/graph_summary_0c7b882d1be81707aa95.graph.json"}, "epoch": 19, "_timestamp": 1682542951.5264523, "loss": 0.0046279942616820335, "mae": 0.055804356932640076, "mse": 0.0046279942616820335, "root_mean_squared_error": 0.06802936643362045, "val_loss": 0.004587499424815178, "val_mae": 0.05559069663286209, "val_mse": 0.004587499424815178, "val_root_mean_squared_error": 0.06773108243942261, "lr": 0.005094678141176701, "_runtime": 161.86822319030762, "_step": 179, "best_val_loss": 0.001944137504324317, "best_epoch": 16, "_wandb": {"runtime": 160}}