{"graph": {"_type": "graph-file", "sha256": "70decf8a2dbb52314d7806bfa26597dbe0e2441f241afc4154aaa79d2ac582fe", "size": 593, "path": "media/graph/graph_summary_70decf8a2dbb52314d78.graph.json"}, "epoch": 49, "_timestamp": 1681577480.0215483, "loss": 0.0027995523996651173, "mae": 0.03736795857548714, "mse": 0.0018785237334668636, "val_loss": 0.0028383368626236916, "val_mae": 0.037802767008543015, "val_mse": 0.0019251123303547502, "lr": 9.999999747378752e-06, "_runtime": 81.60806727409363, "_step": 49, "best_val_loss": 0.0028383368626236916, "best_epoch": 49, "_wandb": {"runtime": 81}}