{"graph": {"_type": "graph-file", "sha256": "9eb265a373347b90d3a078cbf2eba6f3621443bec68c0a4c0b554fa5c3bf99fa", "size": 740, "path": "media/graph/graph_summary_9eb265a373347b90d3a0.graph.json"}, "epoch": 49, "_timestamp": 1681050676.0273066, "loss": 0.23851469159126282, "mae": 0.023352202028036118, "mse": 0.0007381100440397859, "val_loss": 0.2372809201478958, "val_mae": 0.02428382635116577, "val_mse": 0.000784503179602325, "lr": 9.999999747378752e-06, "_runtime": 181.25218749046326, "_step": 49, "best_val_loss": 0.2372809201478958, "best_epoch": 49, "_wandb": {"runtime": 183}}