{"graph": {"_type": "graph-file", "sha256": "b355f792e7c11b43ece1359a8046b24730837eb1d31f45f522e23d688fa07d6e", "size": 487, "path": "media/graph/graph_summary_b355f792e7c11b43ece1.graph.json"}, "epoch": 149, "_timestamp": 1682872692.0011306, "loss": 0.0006263703689910471, "mae": 0.019242674112319946, "mse": 0.0006263703689910471, "root_mean_squared_error": 0.02502739243209362, "val_loss": 0.000640497135464102, "val_mae": 0.019372059032320976, "val_mse": 0.000640497135464102, "val_root_mean_squared_error": 0.025308044627308846, "lr": 0.0005387500277720392, "_runtime": 949.4295666217804, "_step": 149, "best_val_loss": 0.000639893114566803, "best_epoch": 147, "_wandb": {"runtime": 946}}