{"graph": {"_type": "graph-file", "sha256": "a509df0bb48de379c76de6cbd6160023d6bb281611bd6c1cfa047c8c0fda5af6", "size": 771, "path": "media/graph/graph_summary_a509df0bb48de379c76d.graph.json"}, "epoch": 149, "_timestamp": 1682799586.3895018, "loss": 0.007567146793007851, "mae": 0.0751851424574852, "mse": 0.007567146793007851, "root_mean_squared_error": 0.08698935061693192, "val_loss": 0.00751001900061965, "val_mae": 0.07456816732883453, "val_mse": 0.00751001900061965, "val_root_mean_squared_error": 0.08666036278009415, "lr": 9.999999747378752e-06, "_runtime": 1701.8290288448334, "_step": 1349, "best_val_loss": 0.00751001900061965, "best_epoch": 0, "_wandb": {"runtime": 1700}}