{"train_mse": [0.524657130241394, 0.04455535486340523, 0.003822277532890439, 0.0025127450935542583, 0.0018889097264036536, 0.0015075322007760406, 0.0012983671622350812, 0.0011789404088631272, 0.0011125531746074557, 0.0010647146264091134], "_timestamp": 1680776984.775845, "_runtime": 34.93722701072693, "_step": 9, "_wandb": {"runtime": 34}}