{"graph": {"_type": "graph-file", "sha256": "75392d8990f043329e5dc2bf9fcecb097c0f5dd75d79c6dc68580d2e66643c15", "size": 708, "path": "media/graph/graph_summary_75392d8990f043329e5d.graph.json"}, "epoch": 9, "_timestamp": 1680779674.023802, "loss": 0.6199625730514526, "mae": 0.02475622668862343, "mse": 0.0008232849068008363, "val_loss": 0.561491072177887, "val_mae": 0.025812221691012383, "val_mse": 0.0008768090629018843, "lr": 0.0002500000118743628, "_runtime": 17.368826150894165, "_step": 9, "best_val_loss": 0.561491072177887, "best_epoch": 9, "_wandb": {"runtime": 17}}