{"graph": {"_type": "graph-file", "sha256": "dd5e40f9554f0059afc33a00737cc3926b9c39abeeefcf1816cde3023151145c", "size": 513, "path": "media/graph/graph_summary_dd5e40f9554f0059afc3.graph.json"}, "epoch": 149, "_timestamp": 1683594973.509533, "loss": 7.541384547948837e-05, "mae": 0.006454715970903635, "mse": 7.541384547948837e-05, "root_mean_squared_error": 0.008684114553034306, "val_loss": 7.835485303075984e-05, "val_mae": 0.006528535392135382, "val_mse": 7.835485303075984e-05, "val_root_mean_squared_error": 0.008851827122271061, "lr": 0.0010775000555440784, "_runtime": 6993.040195941925, "_step": 149, "best_val_loss": 7.835485303075984e-05, "best_epoch": 149, "_wandb": {"runtime": 6995}}