{"graph": {"_type": "graph-file", "sha256": "74eb4da14a7946959beab73ae4b7d6b7e56fceec427c0e71a986e6b2ab3ab4cb", "size": 579, "path": "media/graph/graph_summary_74eb4da14a7946959bea.graph.json"}, "epoch": 249, "_timestamp": 1684519691.00941, "loss": 0.0006395142409019172, "mae": 0.01587798073887825, "mse": 0.0005313514266163111, "root_mean_squared_error": 0.023051060736179352, "val_loss": 0.0006694874609820545, "val_mae": 0.016411177814006805, "val_mse": 0.0005613180110231042, "val_root_mean_squared_error": 0.02369215153157711, "lr": 9.999999747378752e-06, "_runtime": 201.34414196014404, "_step": 249, "best_val_loss": 0.0006694634794257581, "best_epoch": 247, "_wandb": {"runtime": 199}}