{"graph": {"_type": "graph-file", "sha256": "a873ca0013ac791746e39e289aff86587c5456b3292bd0f5dc80e528c6b729f2", "size": 586, "path": "media/graph/graph_summary_a873ca0013ac791746e3.graph.json"}, "epoch": 49, "_timestamp": 1681320464.7189715, "loss": 0.002086666179820895, "mae": 0.03742356598377228, "mse": 0.0018750824965536594, "val_loss": 0.002115850569680333, "val_mae": 0.037876397371292114, "val_mse": 0.0019089143024757504, "lr": 9.999999747378752e-06, "_runtime": 47.419570446014404, "_step": 49, "best_val_loss": 0.002115850569680333, "best_epoch": 49, "_wandb": {"runtime": 46}}