{"graph": {"_type": "graph-file", "sha256": "7c59c8084c3f0f7d5203cfadc5d95e6ad51b834cfaf55d4e091460635fcabb7e", "size": 487, "path": "media/graph/graph_summary_7c59c8084c3f0f7d5203.graph.json"}, "epoch": 199, "_timestamp": 1683012117.7422466, "loss": 5.747564500779845e-05, "mae": 0.005637157708406448, "mse": 5.747564500779845e-05, "root_mean_squared_error": 0.00758126936852932, "val_loss": 5.730390694225207e-05, "val_mae": 0.005564213264733553, "val_mse": 5.730390694225207e-05, "val_root_mean_squared_error": 0.007569934241473675, "lr": 6.73437534715049e-05, "_runtime": 1224.0885925292969, "_step": 199, "best_val_loss": 5.713834980269894e-05, "best_epoch": 185, "_wandb": {"runtime": 1222}}