{"graph": {"_type": "graph-file", "sha256": "345cb89ebd8288ff06b2e7de011291e32216f8d9ae338a55e9c8cef6372ffc12", "size": 593, "path": "media/graph/graph_summary_345cb89ebd8288ff06b2.graph.json"}, "epoch": 9, "_timestamp": 1682357164.450416, "loss": 0.001857647905126214, "mae": 0.03008352592587471, "mse": 0.0013981645461171865, "val_loss": 0.0018936611013486981, "val_mae": 0.030352948233485222, "val_mse": 0.0013858480378985405, "lr": 0.09925000369548798, "_runtime": 8.785865068435669, "_step": 9, "best_val_loss": 0.0018527447246015072, "best_epoch": 8, "_wandb": {"runtime": 7}}