{"graph": {"_type": "graph-file", "sha256": "cc8da45c1b7a9744967fa531acd5c24a909c31b24b428636b1ad31bc9676222a", "size": 583, "path": "media/graph/graph_summary_cc8da45c1b7a9744967f.graph.json"}, "epoch": 49, "_timestamp": 1682690213.9090936, "loss": 0.0019235167419537902, "mae": 0.03787459433078766, "mse": 0.0019152413588017225, "val_loss": 0.0019580195657908916, "val_mae": 0.03830352798104286, "val_mse": 0.0019497813191264868, "lr": 6.25000029685907e-05, "_runtime": 81.0839786529541, "_step": 49, "best_val_loss": 0.001957713859155774, "best_epoch": 47, "_wandb": {"runtime": 79}}