{"graph": {"_type": "graph-file", "sha256": "a5099b7ac0216a0561c9813cf83f3cb6dff7e85d85092033693a7c3908ee180f", "size": 597, "path": "media/graph/graph_summary_a5099b7ac0216a0561c9.graph.json"}, "epoch": 199, "_timestamp": 1684193118.9370925, "loss": 0.1759561002254486, "mae": 0.4146747887134552, "mse": 0.1759561002254486, "val_loss": 0.17746330797672272, "val_mae": 0.41652241349220276, "val_mse": 0.17746330797672272, "lr": 9.999999747378752e-06, "_runtime": 728.3945236206055, "_step": 199, "best_val_loss": 0.1774626076221466, "best_epoch": 31, "_wandb": {"runtime": 727}}