{"graph": {"_type": "graph-file", "sha256": "62adf72a846d167414421c26f61a059263e9d3957c36b4e12fb587a4b3a0b101", "size": 593, "path": "media/graph/graph_summary_62adf72a846d16741442.graph.json"}, "epoch": 499, "_timestamp": 1684528234.928393, "loss": 0.0013582143001258373, "mae": 0.027177995070815086, "mse": 0.0011274678399786353, "root_mean_squared_error": 0.03357778862118721, "val_loss": 0.0013779839500784874, "val_mae": 0.027333758771419525, "val_mse": 0.001147234346717596, "val_root_mean_squared_error": 0.033870846033096313, "lr": 9.999999747378752e-06, "_runtime": 369.62731289863586, "_step": 499, "best_val_loss": 0.0013778827851638198, "best_epoch": 492, "_wandb": {"runtime": 368}}