{"graph": {"_type": "graph-file", "sha256": "b1394f6ac533335fb212020ac6f35e5421f16e5eb784a19f319fca6203007e7f", "size": 1020, "path": "media/graph/graph_summary_b1394f6ac533335fb212.graph.json"}, "epoch": 29, "_timestamp": 1681833550.6989744, "loss": 0.028045179322361946, "mae": 0.037983860820531845, "mse": 0.0019263534341007471, "val_loss": 0.028563357889652252, "val_mae": 0.03957034647464752, "val_mse": 0.00216642115265131, "lr": 0.015500811859965324, "_runtime": 75.50842833518982, "_step": 269, "best_val_loss": 0.02676369622349739, "best_epoch": 22, "_wandb": {"runtime": 74}}