{"graph": {"_type": "graph-file", "sha256": "11d901694bbcdf0cedaf33080226f27cdeb61547d6a657cd4426a5fc982e0ec6", "size": 875, "path": "media/graph/graph_summary_11d901694bbcdf0cedaf.graph.json"}, "epoch": 19, "_timestamp": 1681904051.1700413, "loss": 0.00450652651488781, "mae": 0.037927281111478806, "mse": 0.0019192774780094624, "val_loss": 0.00455133430659771, "val_mae": 0.03831588104367256, "val_mse": 0.0019498377805575728, "lr": 0.010754290968179703, "_runtime": 28.053685426712036, "_step": 179, "best_val_loss": 0.0019513980951160192, "best_epoch": 17, "_wandb": {"runtime": 27}}