{"graph": {"_type": "graph-file", "sha256": "b1394f6ac533335fb212020ac6f35e5421f16e5eb784a19f319fca6203007e7f", "size": 1020, "path": "media/graph/graph_summary_b1394f6ac533335fb212.graph.json"}, "epoch": 149, "_timestamp": 1681891055.6790435, "loss": 0.0019143385579809546, "mae": 0.03787105157971382, "mse": 0.0019143382087349892, "val_loss": 0.001949989004060626, "val_mae": 0.038300760090351105, "val_mse": 0.0019499888876453042, "lr": 9.999999747378752e-06, "_runtime": 541.4790964126587, "_step": 1349, "best_val_loss": 0.0019497639732435346, "best_epoch": 77, "_wandb": {"runtime": 535}}