{"graph": {"_type": "graph-file", "sha256": "d286505d8d533a00c71363eed3b7869181d7d5ecd668f7dff0f4fa34e63fbd50", "size": 576, "path": "media/graph/graph_summary_d286505d8d533a00c713.graph.json"}, "epoch": 49, "_timestamp": 1681065820.4326105, "loss": 0.003479426261037588, "mae": 0.05128197371959686, "mse": 0.003479426261037588, "val_loss": 0.003486297558993101, "val_mae": 0.05096161738038063, "val_mse": 0.003486297558993101, "lr": 9.999999747378752e-06, "_runtime": 65.99818444252014, "_step": 49, "best_val_loss": 0.003486224450170994, "best_epoch": 13, "_wandb": {"runtime": 64}}