{"graph": {"_type": "graph-file", "sha256": "c6d503f86f78d4fd10a788fb1f61986fe34bd78dc03217c7428ec89bc81e633e", "size": 1133, "path": "media/graph/graph_summary_c6d503f86f78d4fd10a7.graph.json"}, "epoch": 49, "_timestamp": 1681306127.848402, "loss": 0.0019143405370414257, "mae": 0.03787095099687576, "mse": 0.0019143405370414257, "val_loss": 0.0019499619957059622, "val_mae": 0.038301050662994385, "val_mse": 0.0019499619957059622, "lr": 9.999999747378752e-06, "_runtime": 36.829885959625244, "_step": 49, "best_val_loss": 0.0019496203167364001, "best_epoch": 24, "_wandb": {"runtime": 36}}