{"graph": {"_type": "graph-file", "sha256": "9f390d00092dc592056caa2499fd890faf2503cadb014d50bb477f525cff9768", "size": 1185, "path": "media/graph/graph_summary_9f390d00092dc592056c.graph.json"}, "epoch": 49, "_timestamp": 1681307246.069709, "loss": 0.0019143546232953668, "mae": 0.03787112608551979, "mse": 0.0019143546232953668, "val_loss": 0.0019499656045809388, "val_mae": 0.038301024585962296, "val_mse": 0.0019499656045809388, "lr": 9.999999747378752e-06, "_runtime": 52.860509157180786, "_step": 49, "best_val_loss": 0.0019496086752042174, "best_epoch": 20, "_wandb": {"runtime": 51}}