{"graph": {"_type": "graph-file", "sha256": "bf17a904ca6c8a3637c5f68fe8b9be4530bd526b621618bd59fb446f7a694ea9", "size": 1078, "path": "media/graph/graph_summary_bf17a904ca6c8a3637c5.graph.json"}, "epoch": 149, "_timestamp": 1684865952.1523013, "loss": 9.455173312744591e-06, "mae": 0.002384409075602889, "mse": 9.455173312744591e-06, "root_mean_squared_error": 0.003074925858527422, "val_loss": 1.0418684723845217e-05, "val_mae": 0.002511264057829976, "val_mse": 1.0418684723845217e-05, "val_root_mean_squared_error": 0.003227798966690898, "lr": 2.6128964236704633e-05, "_runtime": 149.40849542617798, "_step": 149, "best_val_loss": 1.0418684723845217e-05, "best_epoch": 149, "_wandb": {"runtime": 150}}