{"graph": {"_type": "graph-file", "sha256": "6b661ee68a9e83fb819a483f5a1668581ecbdd6399e744e8ec02dc700dc82bfe", "size": 593, "path": "media/graph/graph_summary_6b661ee68a9e83fb819a.graph.json"}, "epoch": 99, "_timestamp": 1684424418.9761848, "loss": 0.0023893157485872507, "mae": 0.036326441913843155, "mse": 0.002165268175303936, "root_mean_squared_error": 0.04653244465589523, "val_loss": 0.002507880562916398, "val_mae": 0.03733723238110542, "val_mse": 0.0022853261325508356, "val_root_mean_squared_error": 0.04780508577823639, "lr": 0.0026687500067055225, "_runtime": 133.92991089820862, "_step": 99, "best_val_loss": 0.0024843274150043726, "best_epoch": 96, "_wandb": {"runtime": 132}}