{"graph": {"_type": "graph-file", "sha256": "c43a6a08b8d95bcf8fd69640763fc6156f983d2fce3ea520ce9c63c2dc6a05bf", "size": 565, "path": "media/graph/graph_summary_c43a6a08b8d95bcf8fd6.graph.json"}, "epoch": 499, "_timestamp": 1684487877.6981022, "loss": 0.002079059835523367, "mae": 0.025269441306591034, "mse": 0.0008644285844638944, "root_mean_squared_error": 0.02940116636455059, "val_loss": 0.0020285213831812143, "val_mae": 0.024330245330929756, "val_mse": 0.0008139435667544603, "val_root_mean_squared_error": 0.02852969616651535, "lr": 9.999999747378752e-06, "_runtime": 495.3258032798767, "_step": 499, "best_val_loss": 0.0020285213831812143, "best_epoch": 499, "_wandb": {"runtime": 495}}