{"graph": {"_type": "graph-file", "sha256": "85ff6216cbd71ef80c6b3ce250b09b49bfd68fcc519f2c6f7950aa787e39ed39", "size": 1030, "path": "media/graph/graph_summary_85ff6216cbd71ef80c6b.graph.json"}, "epoch": 49, "_timestamp": 1680888473.2007778, "loss": 0.0010222643613815308, "mae": 0.025506852194666862, "mse": 0.0009017075644806027, "val_loss": 0.0009871420916169882, "val_mae": 0.025647781789302826, "val_mse": 0.0008672240073792636, "lr": 9.999999747378752e-06, "_runtime": 99.92253971099854, "_step": 49, "best_val_loss": 0.0009871420916169882, "best_epoch": 49, "_wandb": {"runtime": 100}}