{"graph": {"_type": "graph-file", "sha256": "345cb89ebd8288ff06b2e7de011291e32216f8d9ae338a55e9c8cef6372ffc12", "size": 593, "path": "media/graph/graph_summary_345cb89ebd8288ff06b2.graph.json"}, "epoch": 9, "_timestamp": 1682359161.3641407, "loss": 0.00223973928950727, "mae": 0.03078327141702175, "mse": 0.0014572233194485307, "root_mean_squared_error": 0.03817359358072281, "coeff_determination": 0.21484334766864777, "val_loss": 0.0017154895467683673, "val_mae": 0.029219698160886765, "val_mse": 0.001261131139472127, "val_root_mean_squared_error": 0.03551241010427475, "val_coeff_determination": -252.9557342529297, "lr": 0.09925000369548798, "_runtime": 7.079380750656128, "_step": 9, "best_val_loss": 0.0017154895467683673, "best_epoch": 9, "_wandb": {"runtime": 6}}