{"graph": {"_type": "graph-file", "sha256": "b8c27efc18c72531fa17bd11457154f8e5d8fe5db54a1ea20dc1c0a550cc44f3", "size": 579, "path": "media/graph/graph_summary_b8c27efc18c72531fa17.graph.json"}, "epoch": 9, "_timestamp": 1682357081.8526146, "loss": 0.002099511446431279, "mae": 0.032726939767599106, "mse": 0.0017717097653076053, "val_loss": 0.0016998221399262547, "val_mae": 0.02886921726167202, "val_mse": 0.0014110676711425185, "lr": 0.09925000369548798, "_runtime": 7.753585577011108, "_step": 9, "best_val_loss": 0.0016998221399262547, "best_epoch": 9, "_wandb": {"runtime": 7}}