{"graph": {"_type": "graph-file", "sha256": "f889c10a33994f8c73155adfbb33f2eff2a7d139afef390c54ec89ae87302737", "size": 1074, "path": "media/graph/graph_summary_f889c10a33994f8c7315.graph.json"}, "epoch": 149, "_timestamp": 1684227168.1224635, "loss": 4.719293428934179e-05, "mae": 0.004540418740361929, "mse": 4.719293428934179e-05, "root_mean_squared_error": 0.006869711447507143, "val_loss": 4.740864460472949e-05, "val_mae": 0.004514010157436132, "val_mse": 4.740864460472949e-05, "val_root_mean_squared_error": 0.006885393522679806, "lr": 0.00010451562411617488, "_runtime": 166.69825553894043, "_step": 149, "best_val_loss": 4.740864460472949e-05, "best_epoch": 149, "_wandb": {"runtime": 165}}