{"graph": {"_type": "graph-file", "sha256": "1ac42279a8a8ee75daecbd716f2cfd7ba2fd41eaabde548ec7ec7a227be58735", "size": 579, "path": "media/graph/graph_summary_1ac42279a8a8ee75daec.graph.json"}, "epoch": 299, "_timestamp": 1684437790.9419591, "loss": 0.00043072973494417965, "mae": 0.01499930303543806, "mse": 0.0003749185416381806, "root_mean_squared_error": 0.019362812861800194, "val_loss": 0.0004699994751717895, "val_mae": 0.01594051718711853, "val_mse": 0.0004141829558648169, "val_root_mean_squared_error": 0.020351484417915344, "lr": 9.999999747378752e-06, "_runtime": 154.03676009178162, "_step": 299, "best_val_loss": 0.0004699922865256667, "best_epoch": 292, "_wandb": {"runtime": 152}}