{"graph": {"_type": "graph-file", "sha256": "74eb4da14a7946959beab73ae4b7d6b7e56fceec427c0e71a986e6b2ab3ab4cb", "size": 579, "path": "media/graph/graph_summary_74eb4da14a7946959bea.graph.json"}, "epoch": 199, "_timestamp": 1684394643.8170571, "loss": 0.023564044386148453, "mae": 0.11695192009210587, "mse": 0.022684568539261818, "root_mean_squared_error": 0.1506139636039734, "val_loss": 0.023204348981380463, "val_mae": 0.1161644235253334, "val_mse": 0.022325577214360237, "val_root_mean_squared_error": 0.1494174599647522, "lr": 9.999999747378752e-06, "_runtime": 751.7718901634216, "_step": 199, "best_val_loss": 0.023201044648885727, "best_epoch": 198, "_wandb": {"runtime": 750}}