{"graph": {"_type": "graph-file", "sha256": "98a3159f3f7fb3d0b587cece7a9b73ecc108ab1e9eba033d324f4eaa3fb9ffd3", "size": 593, "path": "media/graph/graph_summary_98a3159f3f7fb3d0b587.graph.json"}, "epoch": 149, "_timestamp": 1682076308.0514398, "loss": 0.2059347778558731, "mae": 0.45252954959869385, "mse": 0.2059347778558731, "val_loss": 0.20654909312725067, "val_mae": 0.45319461822509766, "val_mse": 0.20654909312725067, "lr": 9.999999747378752e-06, "_runtime": 339.7464997768402, "_step": 1349, "best_val_loss": 0.0019640130922198296, "best_epoch": 149, "_wandb": {"runtime": 339}}