{"graph": {"_type": "graph-file", "sha256": "a75206c8b2faa37cfaf4af65711dc9e8d806c0dee1ee4be7487a5222b6f92159", "size": 509, "path": "media/graph/graph_summary_a75206c8b2faa37cfaf4.graph.json"}, "epoch": 149, "_timestamp": 1683209522.396569, "loss": 0.001363200368359685, "mae": 0.026520662009716034, "mse": 0.001363200368359685, "root_mean_squared_error": 0.03692154213786125, "val_loss": 0.0014396320329979062, "val_mae": 0.027270397171378136, "val_mse": 0.0014396320329979062, "val_root_mean_squared_error": 0.03794248402118683, "lr": 0.00040340572013519704, "_runtime": 14843.168620109558, "_step": 1499, "best_val_loss": 0.0009129468235187232, "best_epoch": 144, "_wandb": {"runtime": 14841}}