{"graph": {"_type": "graph-file", "sha256": "b7d1b1a777096601df8e2c8cfd5a5c2495214fd8d0d745779fd87f99832fe102", "size": 468, "path": "media/graph/graph_summary_b7d1b1a777096601df8e.graph.json"}, "epoch": 19, "_timestamp": 1682432271.5388162, "loss": 0.001967931631952524, "mae": 0.03818507865071297, "mse": 0.001967931631952524, "root_mean_squared_error": 0.04436137527227402, "R2": -0.07003317028284073, "val_loss": 0.0020779240876436234, "val_mae": 0.039173513650894165, "val_mse": 0.0020779240876436234, "val_root_mean_squared_error": 0.04558425396680832, "val_R2": -0.13359417021274567, "lr": 0.0006836202810518444, "_runtime": 26.394147157669067, "_step": 19, "best_val_loss": 0.0019501197384670377, "best_epoch": 10, "_wandb": {"runtime": 25}}