{"graph": {"_type": "graph-file", "sha256": "87647593ec0cf08b09dc9d253e2e475668451aa027b7b99f1a0f8541bce6569b", "size": 487, "path": "media/graph/graph_summary_87647593ec0cf08b09dc.graph.json"}, "epoch": 199, "_timestamp": 1683010883.5525148, "loss": 3.1081260658538667e-06, "mae": 0.001285035628825426, "mse": 3.1081260658538667e-06, "root_mean_squared_error": 0.0017629878129810095, "val_loss": 3.4149777548009297e-06, "val_mae": 0.0013471683487296104, "val_mse": 3.4149777548009297e-06, "val_root_mean_squared_error": 0.0018479658756405115, "lr": 1.6835938367876224e-05, "_runtime": 1241.634118795395, "_step": 199, "best_val_loss": 3.380659336471581e-06, "best_epoch": 193, "_wandb": {"runtime": 1240}}