{"graph": {"_type": "graph-file", "sha256": "67e39dc95825729588e5ac36270606e1b7a4ca29510a9b637d14c325df2afab8", "size": 513, "path": "media/graph/graph_summary_67e39dc95825729588e5.graph.json"}, "epoch": 149, "_timestamp": 1683986803.1385837, "loss": 5.242768020252697e-05, "mae": 0.004569891840219498, "mse": 5.242768020252697e-05, "root_mean_squared_error": 0.007240696344524622, "val_loss": 6.879781722091138e-05, "val_mae": 0.00490411464124918, "val_mse": 6.879781722091138e-05, "val_root_mean_squared_error": 0.008294444531202316, "lr": 0.0005387500277720392, "_runtime": 5957.24626159668, "_step": 149, "best_val_loss": 6.879781722091138e-05, "best_epoch": 149, "_wandb": {"runtime": 5959}}