{"graph": {"_type": "graph-file", "sha256": "99ad8079a98638ade603131a29cdc1a3de1cfd1da1c1fd3d6bef97b4c24e34d4", "size": 768, "path": "media/graph/graph_summary_99ad8079a98638ade603.graph.json"}, "epoch": 29, "_timestamp": 1682718852.0895982, "loss": 0.007567143067717552, "mae": 0.07518515735864639, "mse": 0.007567143067717552, "root_mean_squared_error": 0.08698932826519012, "val_loss": 0.007510020397603512, "val_mae": 0.07456816732883453, "val_mse": 0.007510020397603512, "val_root_mean_squared_error": 0.08666037023067474, "lr": 0.000932936614844948, "_runtime": 80.7191731929779, "_step": 269, "best_val_loss": 0.007510020397603512, "best_epoch": 0, "_wandb": {"runtime": 79}}