{"graph": {"_type": "graph-file", "sha256": "e1273e3bf66e7950b89270699abdead953f498f4468e73ed637f6cc766dc1737", "size": 1094, "path": "media/graph/graph_summary_e1273e3bf66e7950b892.graph.json"}, "epoch": 49, "_timestamp": 1682744890.771523, "loss": 0.0010292360093444586, "mae": 0.025663521140813828, "mse": 0.0010292360093444586, "root_mean_squared_error": 0.03208170086145401, "val_loss": 0.0007893199799582362, "val_mae": 0.021716464310884476, "val_mse": 0.0007893199799582362, "val_root_mean_squared_error": 0.028094839304685593, "lr": 0.011832555755972862, "_runtime": 299.14073610305786, "_step": 449, "best_val_loss": 6.225603283382952e-05, "best_epoch": 46, "_wandb": {"runtime": 298}}