{"graph": {"_type": "graph-file", "sha256": "79b08f6778947b3bc8a78ef05d3dff856660767dcb2583e232a2bb59d0e5856f", "size": 593, "path": "media/graph/graph_summary_79b08f6778947b3bc8a7.graph.json"}, "epoch": 299, "_timestamp": 1684484355.9182482, "loss": 0.0006972882547415793, "mae": 0.01570137031376362, "mse": 0.00044390896800905466, "root_mean_squared_error": 0.021069146692752838, "val_loss": 0.0007170721655711532, "val_mae": 0.016133032739162445, "val_mse": 0.0004636856319848448, "val_root_mean_squared_error": 0.021533360704779625, "lr": 9.999999747378752e-06, "_runtime": 250.03741312026978, "_step": 299, "best_val_loss": 0.0007169454474933445, "best_epoch": 297, "_wandb": {"runtime": 248}}