{"graph": {"_type": "graph-file", "sha256": "0aefe818bd72f5996af43d11f603b720f44ba087f2d08bd572ce3fd873a74083", "size": 593, "path": "media/graph/graph_summary_0aefe818bd72f5996af4.graph.json"}, "epoch": 149, "_timestamp": 1681919609.1477492, "loss": 0.0014583701267838478, "mae": 0.030696166679263115, "mse": 0.0013621015241369605, "val_loss": 0.001475718803703785, "val_mae": 0.03100302256643772, "val_mse": 0.0013795016566291451, "lr": 9.999999747378752e-06, "_runtime": 265.51622009277344, "_step": 1349, "best_val_loss": 0.0009435664978809655, "best_epoch": 135, "_wandb": {"runtime": 264}}