{"graph": {"_type": "graph-file", "sha256": "6e7774e3fdb1eda9cfd090d316871433f807c68e02aba0aec6eb73f1b1189884", "size": 513, "path": "media/graph/graph_summary_6e7774e3fdb1eda9cfd0.graph.json"}, "epoch": 149, "_timestamp": 1683599824.735497, "loss": 3.8102858525235206e-05, "mae": 0.004374540876597166, "mse": 3.8102858525235206e-05, "root_mean_squared_error": 0.006172751076519489, "val_loss": 4.117026037420146e-05, "val_mae": 0.004596875049173832, "val_mse": 4.117026037420146e-05, "val_root_mean_squared_error": 0.00641640555113554, "lr": 0.0010775000555440784, "_runtime": 4836.478523015976, "_step": 149, "best_val_loss": 4.0082508348859847e-05, "best_epoch": 145, "_wandb": {"runtime": 4835}}