{"graph": {"_type": "graph-file", "sha256": "0aefe818bd72f5996af43d11f603b720f44ba087f2d08bd572ce3fd873a74083", "size": 593, "path": "media/graph/graph_summary_0aefe818bd72f5996af4.graph.json"}, "epoch": 19, "_timestamp": 1681747144.0111601, "loss": 0.00191626010928303, "mae": 0.03787853941321373, "mse": 0.0019154781475663185, "val_loss": 0.0019498156616464257, "val_mae": 0.03830607980489731, "val_mse": 0.0019496619934216142, "lr": 0.002372126094996929, "_runtime": 60.23709511756897, "_step": 179, "best_val_loss": 0.0008667997899465263, "best_epoch": 19, "_wandb": {"runtime": 59}}