{"graph": {"_type": "graph-file", "sha256": "9f390d00092dc592056caa2499fd890faf2503cadb014d50bb477f525cff9768", "size": 1185, "path": "media/graph/graph_summary_9f390d00092dc592056c.graph.json"}, "epoch": 49, "_timestamp": 1680968546.0205345, "loss": 0.0008192750392481685, "mae": 0.024715982377529144, "mse": 0.0008192427339963615, "val_loss": 0.0008652773103676736, "val_mae": 0.025663388893008232, "val_mse": 0.0008652438409626484, "lr": 9.999999747378752e-06, "_runtime": 193.86177349090576, "_step": 49, "best_val_loss": 0.0008652735850773752, "best_epoch": 44, "_wandb": {"runtime": 192}}