{"graph": {"_type": "graph-file", "sha256": "91f8bef3c495d17b89db08c47be15cef4e2021e8d5e3bbd7b314fbd0a4e632fd", "size": 583, "path": "media/graph/graph_summary_91f8bef3c495d17b89db.graph.json"}, "epoch": 49, "_timestamp": 1681066011.9743307, "loss": 0.00181893864646554, "mae": 0.03684180974960327, "mse": 0.00181893864646554, "val_loss": 0.001858056173659861, "val_mae": 0.03731781616806984, "val_mse": 0.001858056173659861, "lr": 9.999999747378752e-06, "_runtime": 45.60468769073486, "_step": 49, "best_val_loss": 0.001858056173659861, "best_epoch": 49, "_wandb": {"runtime": 46}}