{"graph": {"_type": "graph-file", "sha256": "e9684d89b3320760bc02fdeff3f09ae7ad65b5ba3e67041bf3bed70f8a932a4e", "size": 586, "path": "media/graph/graph_summary_e9684d89b3320760bc02.graph.json"}, "epoch": 49, "_timestamp": 1681823980.3043685, "loss": 0.0019194231135770679, "mae": 0.03716113790869713, "mse": 0.0018492793897166848, "val_loss": 0.0019545259419828653, "val_mae": 0.037615422159433365, "val_mse": 0.0018855552189052105, "lr": 9.999999747378752e-06, "_runtime": 72.92720746994019, "_step": 49, "best_val_loss": 0.0019545259419828653, "best_epoch": 49, "_wandb": {"runtime": 72}}