{"graph": {"_type": "graph-file", "sha256": "ca6e2398cee31609155279d253f16c3aff2154f983bf01c957bc62980cd80335", "size": 1395, "path": "media/graph/graph_summary_ca6e2398cee316091552.graph.json"}, "epoch": 299, "_timestamp": 1684957515.5370235, "loss": 0.7955785989761353, "mae": 0.8900360465049744, "mse": 0.7955785989761353, "root_mean_squared_error": 0.8919522762298584, "val_loss": 0.7958835363388062, "val_mae": 0.8902397751808167, "val_mse": 0.7958835363388062, "val_root_mean_squared_error": 0.8921231031417847, "lr": 9.999999747378752e-06, "_runtime": 313.9422495365143, "_step": 299, "best_val_loss": 0.7958835363388062, "best_epoch": 0, "_wandb": {"runtime": 312}}