{"graph": {"_type": "graph-file", "sha256": "c6d503f86f78d4fd10a788fb1f61986fe34bd78dc03217c7428ec89bc81e633e", "size": 1133, "path": "media/graph/graph_summary_c6d503f86f78d4fd10a7.graph.json"}, "epoch": 49, "_timestamp": 1680967707.7578309, "loss": 0.0008192808018065989, "mae": 0.024715855717658997, "mse": 0.0008192487875930965, "val_loss": 0.0008652887190692127, "val_mae": 0.02566462941467762, "val_mse": 0.0008652560063637793, "lr": 9.999999747378752e-06, "_runtime": 51.04175281524658, "_step": 49, "best_val_loss": 0.0008652810356579721, "best_epoch": 41, "_wandb": {"runtime": 50}}