{"graph": {"_type": "graph-file", "sha256": "5beff3c61bd6dc63eaa6012342a343bd5ccfc8b0c7ac2fe347659390e99cfa43", "size": 485, "path": "media/graph/graph_summary_5beff3c61bd6dc63eaa6.graph.json"}, "epoch": 49, "_timestamp": 1683144525.8948822, "loss": 0.00340542895719409, "mae": 0.050549909472465515, "mse": 0.00340542895719409, "root_mean_squared_error": 0.05835605412721634, "val_loss": 0.0034097551833838224, "val_mae": 0.050573378801345825, "val_mse": 0.0034097551833838224, "val_root_mean_squared_error": 0.05839310958981514, "lr": 0.002331047086045146, "_runtime": 590.2518091201782, "_step": 499, "best_val_loss": 0.003225718392059207, "best_epoch": 46, "_wandb": {"runtime": 589}}