{"graph": {"_type": "graph-file", "sha256": "1369d77a2656c738f5a0a99a2c2d2158a82316a68b7586ba119b8e9bc1e827e8", "size": 565, "path": "media/graph/graph_summary_1369d77a2656c738f5a0.graph.json"}, "epoch": 49, "_timestamp": 1681578881.305529, "loss": 0.003816717304289341, "mae": 0.03785310313105583, "mse": 0.0019303662702441216, "val_loss": 0.003822315949946642, "val_mae": 0.03815140947699547, "val_mse": 0.0019421258475631475, "lr": 9.999999747378752e-06, "_runtime": 82.44324707984924, "_step": 49, "best_val_loss": 0.003822315949946642, "best_epoch": 49, "_wandb": {"runtime": 82}}