{"graph": {"_type": "graph-file", "sha256": "9ddb5ce411971f1d49672a7c8823691761f6e113ffb2ba88f02fb4e834056542", "size": 729, "path": "media/graph/graph_summary_9ddb5ce411971f1d4967.graph.json"}, "epoch": 0, "_timestamp": 1680802315.005678, "loss": 9.904143333435059, "mae": 0.030696533620357513, "mse": 0.0021272622980177402, "val_loss": 7.251340866088867, "val_mae": 0.04264465719461441, "val_mse": 0.0024706865660846233, "lr": 0.0010000000474974513, "_runtime": 1.9203498363494873, "_step": 0, "best_val_loss": 7.251340866088867, "best_epoch": 0, "_wandb": {"runtime": 1}}