{"graph": {"_type": "graph-file", "sha256": "50c0ac54b12eaef92caa2bb76e95c30e19f641047844ef9ce739012bbf621497", "size": 740, "path": "media/graph/graph_summary_50c0ac54b12eaef92caa.graph.json"}, "epoch": 0, "_timestamp": 1680802551.9248497, "loss": 10.00786018371582, "mae": 0.07727337628602982, "mse": 0.017450429499149323, "val_loss": 7.324023246765137, "val_mae": 0.037376292049884796, "val_mse": 0.001930161495693028, "lr": 0.0010000000474974513, "_runtime": 3.703561782836914, "_step": 0, "best_val_loss": 7.324023246765137, "best_epoch": 0, "_wandb": {"runtime": 3}}