{"graph": {"_type": "graph-file", "sha256": "9ae7eb49f45b8fe0feede8ec8109a18bd414c079d43b1836bd93f5d0595e6712", "size": 593, "path": "media/graph/graph_summary_9ae7eb49f45b8fe0feed.graph.json"}, "epoch": 49, "_timestamp": 1681579467.2791173, "loss": 0.0022214793134480715, "mae": 0.03517138212919235, "mse": 0.0016899299807846546, "val_loss": 0.0022501470521092415, "val_mae": 0.035623423755168915, "val_mse": 0.0017328649992123246, "lr": 9.999999747378752e-06, "_runtime": 77.38091444969177, "_step": 49, "best_val_loss": 0.0022501470521092415, "best_epoch": 49, "_wandb": {"runtime": 77}}