{"graph": {"_type": "graph-file", "sha256": "c43a6a08b8d95bcf8fd69640763fc6156f983d2fce3ea520ce9c63c2dc6a05bf", "size": 565, "path": "media/graph/graph_summary_c43a6a08b8d95bcf8fd6.graph.json"}, "epoch": 249, "_timestamp": 1684404138.5218368, "loss": 0.00021276668121572584, "mae": 0.01085230428725481, "mse": 0.0001678082626312971, "root_mean_squared_error": 0.012954083271324635, "val_loss": 0.00022638625523541123, "val_mae": 0.011336934752762318, "val_mse": 0.0001812303817132488, "val_root_mean_squared_error": 0.013462183065712452, "lr": 9.999999747378752e-06, "_runtime": 203.51523184776306, "_step": 249, "best_val_loss": 0.00022638625523541123, "best_epoch": 249, "_wandb": {"runtime": 204}}