{"graph": {"_type": "graph-file", "sha256": "5be56f9ee2eb649c2d35ca00756f8a5a08dd8157a7e68c447da7cde94eee7149", "size": 1038, "path": "media/graph/graph_summary_5be56f9ee2eb649c2d35.graph.json"}, "epoch": 49, "_timestamp": 1680889266.916873, "loss": 0.002692251466214657, "mae": 0.034142203629016876, "mse": 0.0018000234849750996, "val_loss": 0.001807207940146327, "val_mae": 0.026339298114180565, "val_mse": 0.0009156160522252321, "lr": 9.999999747378752e-06, "_runtime": 82.36523699760437, "_step": 49, "best_val_loss": 0.001807207940146327, "best_epoch": 49, "_wandb": {"runtime": 81}}