{"graph": {"_type": "graph-file", "sha256": "2910eba9003358c5f98da7e9c12e27bbd61ff5182315926c931febaf8b665ab2", "size": 722, "path": "media/graph/graph_summary_2910eba9003358c5f98d.graph.json"}, "epoch": 9, "_timestamp": 1680779103.5277572, "loss": 9.074784278869629, "mae": 0.02028718777000904, "mse": 0.0005978854605928063, "val_loss": 9.000731468200684, "val_mae": 0.02164342999458313, "val_mse": 0.0006618199986405671, "lr": 2.499999936844688e-05, "_runtime": 16.783172130584717, "_step": 9, "best_val_loss": 9.000731468200684, "best_epoch": 9, "_wandb": {"runtime": 16}}