{"graph": {"_type": "graph-file", "sha256": "97cd6750b9113bed84483a6b8a6e9a1d1f14ca8f78c6a29aacf419f070768ae3", "size": 579, "path": "media/graph/graph_summary_97cd6750b9113bed8448.graph.json"}, "epoch": 3, "_timestamp": 1681923762.333922, "loss": 0.0020572429057210684, "mae": 0.03814096003770828, "mse": 0.001958334119990468, "val_loss": 0.0020932203624397516, "val_mae": 0.03886565566062927, "val_mse": 0.0020562156569212675, "lr": 0.09925000369548798, "_runtime": 4.837532997131348, "_step": 3, "best_val_loss": 0.0019985134713351727, "best_epoch": 0, "_wandb": {"runtime": 3}}