{"graph": {"_type": "graph-file", "sha256": "47ea51b8d45914f1be389dc66ccad836d0a7d1634726b774506c03578821bf83", "size": 734, "path": "media/graph/graph_summary_47ea51b8d45914f1be38.graph.json"}, "epoch": 49, "_timestamp": 1681825231.8638191, "loss": 0.0019497796893119812, "mae": 0.038026489317417145, "mse": 0.0019384040497243404, "val_loss": 0.001978090964257717, "val_mae": 0.03838084638118744, "val_mse": 0.0019716271199285984, "lr": 0.0033901457209140062, "_runtime": 128.83584713935852, "_step": 449, "best_val_loss": 0.0019496390596032143, "best_epoch": 45, "_wandb": {"runtime": 128}}