{"graph": {"_type": "graph-file", "sha256": "515d2e6ad6543b294222d622482dfd5f69d3afbc6cc7c8fc117883c40b27be18", "size": 562, "path": "media/graph/graph_summary_515d2e6ad6543b294222.graph.json"}, "epoch": 49, "_timestamp": 1681065744.7619567, "loss": 0.0019071364076808095, "mae": 0.03780475631356239, "mse": 0.0019071364076808095, "val_loss": 0.0019386524800211191, "val_mae": 0.038207270205020905, "val_mse": 0.0019386524800211191, "lr": 9.999999747378752e-06, "_runtime": 130.87550258636475, "_step": 49, "best_val_loss": 0.0019386524800211191, "best_epoch": 49, "_wandb": {"runtime": 131}}