{"graph": {"_type": "graph-file", "sha256": "eeb87257f1fffb18791b75e9a4c2ebeb016840ef1f820f94b127fe7616e9436a", "size": 1092, "path": "media/graph/graph_summary_eeb87257f1fffb18791b.graph.json"}, "epoch": 149, "_timestamp": 1684227543.1203723, "loss": 2.000884705921635e-05, "mae": 0.0025925927329808474, "mse": 2.000884705921635e-05, "root_mean_squared_error": 0.004473125096410513, "val_loss": 2.0456545826164074e-05, "val_mae": 0.0026571748312562704, "val_mse": 2.0456545826164074e-05, "val_root_mean_squared_error": 0.004522891249507666, "lr": 5.225781205808744e-05, "_runtime": 169.38653230667114, "_step": 149, "best_val_loss": 2.0360846974654123e-05, "best_epoch": 143, "_wandb": {"runtime": 168}}