{"graph": {"_type": "graph-file", "sha256": "778929c19ae4d847ba3095157fb095ab8895fa4b8648b8d5ffcc2a56236cf1a0", "size": 1185, "path": "media/graph/graph_summary_778929c19ae4d847ba30.graph.json"}, "epoch": 49, "_timestamp": 1681307153.1120996, "loss": 0.0019143408862873912, "mae": 0.03787112608551979, "mse": 0.0019143408862873912, "val_loss": 0.001949978875927627, "val_mae": 0.03830086812376976, "val_mse": 0.001949978875927627, "lr": 9.999999747378752e-06, "_runtime": 23.56214165687561, "_step": 49, "best_val_loss": 0.0019496402237564325, "best_epoch": 11, "_wandb": {"runtime": 22}}