{"graph": {"_type": "graph-file", "sha256": "f0d61b55617659916516fbc23b9a31143ba6b944f264002a56df5dcf5e70b814", "size": 593, "path": "media/graph/graph_summary_f0d61b55617659916516.graph.json"}, "epoch": 149, "_timestamp": 1682938201.9376583, "loss": 0.0036733956076204777, "mae": 0.050591740757226944, "mse": 0.0034241105895489454, "root_mean_squared_error": 0.05851589888334274, "val_loss": 0.0036705501843243837, "val_mae": 0.0506860576570034, "val_mse": 0.003421268193051219, "val_root_mean_squared_error": 0.05849160626530647, "lr": 9.999999747378752e-06, "_runtime": 2949.9908204078674, "_step": 1499, "best_val_loss": 0.0034354617819190025, "best_epoch": 147, "_wandb": {"runtime": 2948}}