{"graph": {"_type": "graph-file", "sha256": "2910eba9003358c5f98da7e9c12e27bbd61ff5182315926c931febaf8b665ab2", "size": 722, "path": "media/graph/graph_summary_2910eba9003358c5f98d.graph.json"}, "epoch": 9, "_timestamp": 1680779241.226345, "loss": 8.373744010925293, "mae": 0.01973230578005314, "mse": 0.0005674043786711991, "val_loss": 8.316904067993164, "val_mae": 0.020788131281733513, "val_mse": 0.0006183120422065258, "lr": 2.499999936844688e-05, "_runtime": 17.657796144485474, "_step": 9, "best_val_loss": 8.316904067993164, "best_epoch": 9, "_wandb": {"runtime": 17}}