{"graph": {"_type": "graph-file", "sha256": "27cb5d258d8a1519a9f8a82348a53b1c2db612a72faeda77e8c5b8a2d6818935", "size": 504, "path": "media/graph/graph_summary_27cb5d258d8a1519a9f8.graph.json"}, "epoch": 149, "_timestamp": 1684686764.6610541, "loss": 0.0034149549901485443, "mae": 0.050692155957221985, "mse": 0.0034149549901485443, "val_loss": 0.003356787608936429, "val_mae": 0.04988334700465202, "val_mse": 0.003356787608936429, "lr": 0.0001346875069430098, "_runtime": 3433.5285980701447, "_step": 149, "best_val_loss": 0.0033566495403647423, "best_epoch": 130, "_wandb": {"runtime": 3432}}