{"graph": {"_type": "graph-file", "sha256": "a7c89cf60207cb8ec7574d076c942971215418c323716a0daeebbf6050c16ef1", "size": 579, "path": "media/graph/graph_summary_a7c89cf60207cb8ec757.graph.json"}, "epoch": 49, "_timestamp": 1681579167.750378, "loss": 0.004140036180615425, "mae": 0.0370006263256073, "mse": 0.0018460412975400686, "val_loss": 0.004133214242756367, "val_mae": 0.037427645176649094, "val_mse": 0.0018753481563180685, "lr": 9.999999747378752e-06, "_runtime": 76.07698392868042, "_step": 49, "best_val_loss": 0.004133214242756367, "best_epoch": 49, "_wandb": {"runtime": 75}}