{"graph": {"_type": "graph-file", "sha256": "70727e19628571cbc7e1a1dfb986a5b8c2859cb2d0ddfff1a94bcc9db56457ae", "size": 878, "path": "media/graph/graph_summary_70727e19628571cbc7e1.graph.json"}, "epoch": 49, "_timestamp": 1680966970.227584, "loss": 0.0008192677050828934, "mae": 0.024716613814234734, "mse": 0.0008192398236133158, "val_loss": 0.0008652840042486787, "val_mae": 0.0256646741181612, "val_mse": 0.0008652564720250666, "lr": 9.999999747378752e-06, "_runtime": 60.676992893218994, "_step": 49, "best_val_loss": 0.0008652752148918808, "best_epoch": 41, "_wandb": {"runtime": 59}}