{"graph": {"_type": "graph-file", "sha256": "953fca869c2a5e4396099ea42e63bcf3dee88b85fc330945e769f2855dc6b955", "size": 440, "path": "media/graph/graph_summary_953fca869c2a5e439609.graph.json"}, "epoch": 149, "_timestamp": 1683065377.8731377, "loss": 9.368088285555132e-06, "mae": 0.002211234997957945, "mse": 9.368088285555132e-06, "root_mean_squared_error": 0.003060733200982213, "val_loss": 1.0108215974469204e-05, "val_mae": 0.0022995788604021072, "val_mse": 1.0108215974469204e-05, "val_root_mean_squared_error": 0.003179342020303011, "lr": 0.0002693750138860196, "_runtime": 1883.6322207450867, "_step": 149, "best_val_loss": 9.721192327560857e-06, "best_epoch": 129, "_wandb": {"runtime": 1882}}