{"graph": {"_type": "graph-file", "sha256": "7c1c8d20138390a9805916cdc1805e851574bf90eb153866ef7f9ee2edd7a654", "size": 593, "path": "media/graph/graph_summary_7c1c8d20138390a98059.graph.json"}, "epoch": 9, "_timestamp": 1682359201.6600094, "loss": 0.0015908096684142947, "mae": 0.029280930757522583, "mse": 0.0012985081411898136, "root_mean_squared_error": 0.03603481873869896, "coeff_determination": 0.2908203899860382, "val_loss": 0.001489795628003776, "val_mae": 0.02839193306863308, "val_mse": 0.001228783163242042, "val_root_mean_squared_error": 0.035054001957178116, "val_coeff_determination": -292.5853271484375, "lr": 0.09925000369548798, "_runtime": 8.13705039024353, "_step": 9, "best_val_loss": 0.001489795628003776, "best_epoch": 9, "_wandb": {"runtime": 7}}