{"graph": {"_type": "graph-file", "sha256": "7c1c8d20138390a9805916cdc1805e851574bf90eb153866ef7f9ee2edd7a654", "size": 593, "path": "media/graph/graph_summary_7c1c8d20138390a98059.graph.json"}, "epoch": 9, "_timestamp": 1682358872.6177464, "loss": 0.0013574957847595215, "mae": 0.026249578222632408, "mse": 0.0010843942873179913, "root_mean_squared_error": 0.03293014317750931, "val_loss": 0.0012313049519434571, "val_mae": 0.02567175403237343, "val_mse": 0.0010368268704041839, "val_root_mean_squared_error": 0.03219979628920555, "lr": 0.09925000369548798, "_runtime": 9.13297438621521, "_step": 9, "best_val_loss": 0.0012313049519434571, "best_epoch": 9, "_wandb": {"runtime": 8}}