{"graph": {"_type": "graph-file", "sha256": "5fcd1e487d1764ad15de2fa098e80a5c18120f4192d62db19268193cab9e3e8a", "size": 513, "path": "media/graph/graph_summary_5fcd1e487d1764ad15de.graph.json"}, "epoch": 149, "_timestamp": 1684740543.356136, "loss": 6.032539749867283e-05, "mae": 0.005638869013637304, "mse": 6.032539749867283e-05, "val_loss": 5.907540617045015e-05, "val_mae": 0.0058913035318255424, "val_mse": 5.907540617045015e-05, "lr": 0.0010775000555440784, "_runtime": 8643.001592159271, "_step": 149, "best_val_loss": 5.508420872502029e-05, "best_epoch": 145, "_wandb": {"runtime": 8641}}