{"graph": {"_type": "graph-file", "sha256": "cd2fdc98842f75ff43805143b0ee0c63a2fbb3579c3ed7e1864999cbf9e4d162", "size": 593, "path": "media/graph/graph_summary_cd2fdc98842f75ff4380.graph.json"}, "epoch": 299, "_timestamp": 1684431349.284118, "loss": 0.0003354100917931646, "mae": 0.012971547432243824, "mse": 0.00022585292754229158, "root_mean_squared_error": 0.01502840407192707, "val_loss": 0.0003469965304248035, "val_mae": 0.013389449566602707, "val_mse": 0.00023762235650792718, "val_root_mean_squared_error": 0.015415004454553127, "lr": 9.999999747378752e-06, "_runtime": 195.61712002754211, "_step": 299, "best_val_loss": 0.0003467812784947455, "best_epoch": 288, "_wandb": {"runtime": 193}}