{"graph": {"_type": "graph-file", "sha256": "18cae3ffe94f968b6d576dca1fbca2788dc1114dc9c954be8481a479be10dcfb", "size": 586, "path": "media/graph/graph_summary_18cae3ffe94f968b6d57.graph.json"}, "epoch": 49, "_timestamp": 1681579323.0569482, "loss": 0.001978423912078142, "mae": 0.03508010879158974, "mse": 0.0016700797714293003, "val_loss": 0.002014430705457926, "val_mae": 0.03560716658830643, "val_mse": 0.0017133685760200024, "lr": 9.999999747378752e-06, "_runtime": 76.63418412208557, "_step": 49, "best_val_loss": 0.002014430705457926, "best_epoch": 49, "_wandb": {"runtime": 76}}