{"graph": {"_type": "graph-file", "sha256": "cd2fdc98842f75ff43805143b0ee0c63a2fbb3579c3ed7e1864999cbf9e4d162", "size": 593, "path": "media/graph/graph_summary_cd2fdc98842f75ff4380.graph.json"}, "epoch": 249, "_timestamp": 1684409108.5336666, "loss": 0.00026559585239738226, "mae": 0.012705482542514801, "mse": 0.00021683797240257263, "root_mean_squared_error": 0.014725418761372566, "val_loss": 0.00027482674340717494, "val_mae": 0.013073141686618328, "val_mse": 0.00022604528930969536, "val_root_mean_squared_error": 0.015034802258014679, "lr": 9.999999747378752e-06, "_runtime": 240.94918966293335, "_step": 249, "best_val_loss": 0.00027466792380437255, "best_epoch": 244, "_wandb": {"runtime": 239}}