{"graph": {"_type": "graph-file", "sha256": "0aefe818bd72f5996af43d11f603b720f44ba087f2d08bd572ce3fd873a74083", "size": 593, "path": "media/graph/graph_summary_0aefe818bd72f5996af4.graph.json"}, "epoch": 29, "_timestamp": 1681909222.3588202, "loss": 0.001545448089018464, "mae": 0.0319230854511261, "mse": 0.0014573466032743454, "val_loss": 0.0015302550746127963, "val_mae": 0.031910426914691925, "val_mse": 0.0014487141743302345, "lr": 0.0012866840697824955, "_runtime": 217.79237127304077, "_step": 269, "best_val_loss": 0.000840830325614661, "best_epoch": 26, "_wandb": {"runtime": 217}}