{"graph": {"_type": "graph-file", "sha256": "93fd1bab9239592f649586edf7f3cd701d892a7396087454ee5a12ec123c3564", "size": 432, "path": "media/graph/graph_summary_93fd1bab9239592f6495.graph.json"}, "epoch": 49, "_timestamp": 1682583480.7157717, "loss": 0.0008473818306811154, "mae": 0.022384746000170708, "mse": 0.0008473818306811154, "root_mean_squared_error": 0.02910981886088848, "val_loss": 0.0007800174062140286, "val_mae": 0.021683163940906525, "val_mse": 0.0007800174062140286, "val_root_mean_squared_error": 0.02792879194021225, "lr": 0.038660645484924316, "_runtime": 1750.0093896389008, "_step": 449, "best_val_loss": 4.4431366404751316e-05, "best_epoch": 2, "_wandb": {"runtime": 1748}}