{"graph": {"_type": "graph-file", "sha256": "f1406ad1b15778a053e3496bedb6b2630ef1420cd2210017aef6a4767df2ad9a", "size": 593, "path": "media/graph/graph_summary_f1406ad1b15778a053e3.graph.json"}, "epoch": 299, "_timestamp": 1684500697.4073396, "loss": 0.0016581325326114893, "mae": 0.022733787074685097, "mse": 0.0012356070801615715, "root_mean_squared_error": 0.035151202231645584, "val_loss": 0.0014972661156207323, "val_mae": 0.02131863497197628, "val_mse": 0.0010747419437393546, "val_root_mean_squared_error": 0.032783254981040955, "lr": 9.999999747378752e-06, "_runtime": 95.89659667015076, "_step": 299, "best_val_loss": 0.001497146557085216, "best_epoch": 294, "_wandb": {"runtime": 94}}