{"graph": {"_type": "graph-file", "sha256": "9bc7189b24d497184a211ecf0c9990edd106176e780992dcbe4311c61618a83a", "size": 593, "path": "media/graph/graph_summary_9bc7189b24d497184a21.graph.json"}, "epoch": 249, "_timestamp": 1684516919.2878947, "loss": 0.0016331529477611184, "mae": 0.027326717972755432, "mse": 0.0013816735008731484, "root_mean_squared_error": 0.03717086836695671, "val_loss": 0.001844580750912428, "val_mae": 0.02907254546880722, "val_mse": 0.0015931038651615381, "val_root_mean_squared_error": 0.03991370275616646, "lr": 9.999999747378752e-06, "_runtime": 73.73723268508911, "_step": 249, "best_val_loss": 0.001834528986364603, "best_epoch": 102, "_wandb": {"runtime": 72}}