{"graph": {"_type": "graph-file", "sha256": "e249e05fdb815b51f56a0f32bccbde7fee105b7cc8120fa1dc86a9c69434bc4f", "size": 579, "path": "media/graph/graph_summary_e249e05fdb815b51f56a.graph.json"}, "epoch": 49, "_timestamp": 1681320354.4495487, "loss": 0.0023882968816906214, "mae": 0.037852294743061066, "mse": 0.0019192614126950502, "val_loss": 0.0024167050141841173, "val_mae": 0.03830711171030998, "val_mse": 0.0019494896987453103, "lr": 9.999999747378752e-06, "_runtime": 66.5925087928772, "_step": 49, "best_val_loss": 0.0024167050141841173, "best_epoch": 49, "_wandb": {"runtime": 66}}