{"graph": {"_type": "graph-file", "sha256": "778929c19ae4d847ba3095157fb095ab8895fa4b8648b8d5ffcc2a56236cf1a0", "size": 1185, "path": "media/graph/graph_summary_778929c19ae4d847ba30.graph.json"}, "epoch": 49, "_timestamp": 1681305511.1669242, "loss": 0.0019143460085615516, "mae": 0.03787118196487427, "mse": 0.0019143460085615516, "val_loss": 0.0019499956397339702, "val_mae": 0.03830068185925484, "val_mse": 0.0019499956397339702, "lr": 9.999999747378752e-06, "_runtime": 25.601004123687744, "_step": 49, "best_val_loss": 0.0019496086752042174, "best_epoch": 26, "_wandb": {"runtime": 24}}