{"graph": {"_type": "graph-file", "sha256": "77ac9d780cc44c4535a67871d7f4c93a87b1701e0b31ec274c019d9f97fc0304", "size": 606, "path": "media/graph/graph_summary_77ac9d780cc44c4535a6.graph.json"}, "epoch": 0, "_timestamp": 1684781979.1527946, "loss": -427.99884033203125, "mae": 1.4312540292739868, "mse": 2.7226877212524414, "val_loss": -509.1084289550781, "val_mae": 0.5369448065757751, "val_mse": 0.3222953677177429, "lr": 0.04270000010728836, "_runtime": 7.411755561828613, "_step": 0, "best_val_loss": -509.1084289550781, "best_epoch": 0, "_wandb": {"runtime": 6}}