{"graph": {"_type": "graph-file", "sha256": "49b64340ff6429dd44390a3a1db7944c868720402bd1be2716f834f8ced66dd1", "size": 1036, "path": "media/graph/graph_summary_49b64340ff6429dd4439.graph.json"}, "epoch": 149, "_timestamp": 1684226637.1333702, "loss": 5.404748299042694e-05, "mae": 0.004273702390491962, "mse": 5.404748299042694e-05, "root_mean_squared_error": 0.007351699285209179, "val_loss": 6.369723996613175e-05, "val_mae": 0.0044556125067174435, "val_mse": 6.369723996613175e-05, "val_root_mean_squared_error": 0.007981055416166782, "lr": 5.225781205808744e-05, "_runtime": 174.59958124160767, "_step": 149, "best_val_loss": 6.346011650748551e-05, "best_epoch": 148, "_wandb": {"runtime": 173}}