{"graph": {"_type": "graph-file", "sha256": "503a7397b69a214e9823d400d6b8e7fb8b70357bdec9a828d262fdfcc7963967", "size": 467, "path": "media/graph/graph_summary_503a7397b69a214e9823.graph.json"}, "epoch": 49, "_timestamp": 1682431416.2569442, "loss": 0.0013080461649224162, "mae": 0.02929927222430706, "mse": 0.0013080461649224162, "root_mean_squared_error": 0.03616692125797272, "R2": 0.29507511854171753, "val_loss": 0.0013634515926241875, "val_mae": 0.03097321279346943, "val_mse": 0.0013634517090395093, "val_root_mean_squared_error": 0.036924947053194046, "val_R2": 0.29387834668159485, "lr": 0.012230477295815945, "_runtime": 44.48511719703674, "_step": 49, "best_val_loss": 0.0013634515926241875, "best_epoch": 49, "_wandb": {"runtime": 45}}