{"graph": {"_type": "graph-file", "sha256": "bcd5ffc01127c2eeed43cbdabaf6e9a2c7d24ea94c65c850c2532c291bdad3df", "size": 467, "path": "media/graph/graph_summary_bcd5ffc01127c2eeed43.graph.json"}, "epoch": 99, "_timestamp": 1682497394.9420595, "loss": 0.001925207208842039, "mae": 0.03795481100678444, "mse": 0.001925207208842039, "root_mean_squared_error": 0.04387718439102173, "val_loss": 0.0019619218073785305, "val_mae": 0.03843121603131294, "val_mse": 0.0019619218073785305, "val_root_mean_squared_error": 0.044293586164712906, "lr": 0.0010775000555440784, "_runtime": 582.9705135822296, "_step": 99, "best_val_loss": 0.0019496186869218946, "best_epoch": 60, "_wandb": {"runtime": 581}}