{"graph": {"_type": "graph-file", "sha256": "9c2297403badc13ed46f1f3349de4c55b03b2783ff90a9225f08d8a5a1dc565a", "size": 583, "path": "media/graph/graph_summary_9c2297403badc13ed46f.graph.json"}, "epoch": 199, "_timestamp": 1684187842.3146298, "loss": 0.008253688924014568, "mae": 0.0775318369269371, "mse": 0.008247416466474533, "val_loss": 0.008256553672254086, "val_mae": 0.07768537104129791, "val_mse": 0.00825017411261797, "lr": 9.999999747378752e-06, "_runtime": 718.0648028850555, "_step": 199, "best_val_loss": 0.008256359957158566, "best_epoch": 195, "_wandb": {"runtime": 716}}