{"graph": {"_type": "graph-file", "sha256": "104fe1f4edb404ba1852775bc03ae9447bbe76eb5e6bfa4f53d7849f30cd59ca", "size": 593, "path": "media/graph/graph_summary_104fe1f4edb404ba1852.graph.json"}, "epoch": 49, "_timestamp": 1681321283.3322248, "loss": 0.003971930593252182, "mae": 0.0391191691160202, "mse": 0.0020744281355291605, "val_loss": 0.0040198639035224915, "val_mae": 0.039460163563489914, "val_mse": 0.002125191269442439, "lr": 9.999999747378752e-06, "_runtime": 49.15381383895874, "_step": 49, "best_val_loss": 0.0040198639035224915, "best_epoch": 49, "_wandb": {"runtime": 47}}