{"graph": {"_type": "graph-file", "sha256": "b316eee0dfc40bd7c8e1929c43f8e902fe191e80a511242ecb95b21fce8e25cb", "size": 877, "path": "media/graph/graph_summary_b316eee0dfc40bd7c8e1.graph.json"}, "epoch": 29, "_timestamp": 1681896618.8996127, "loss": 0.0054034884087741375, "mae": 0.03787100687623024, "mse": 0.0019166835118085146, "val_loss": 0.005453269463032484, "val_mae": 0.03838147595524788, "val_mse": 0.001955941319465637, "lr": 0.01156696118414402, "_runtime": 34.022886753082275, "_step": 269, "best_val_loss": 0.0023254842963069677, "best_epoch": 26, "_wandb": {"runtime": 33}}