{"graph": {"_type": "graph-file", "sha256": "50984b1d0f1677e958ccf2ba28943c5d56af91573abb3cef4c56b249b5efe22e", "size": 593, "path": "media/graph/graph_summary_50984b1d0f1677e958cc.graph.json"}, "epoch": 149, "_timestamp": 1681587595.2821062, "loss": 0.002358559286221862, "mae": 0.0362381637096405, "mse": 0.0017798695480450988, "val_loss": 0.002411340828984976, "val_mae": 0.036773648113012314, "val_mse": 0.0018327162833884358, "lr": 9.999999747378752e-06, "_runtime": 221.1534652709961, "_step": 149, "best_val_loss": 0.002411340828984976, "best_epoch": 149, "_wandb": {"runtime": 220}}