{"graph": {"_type": "graph-file", "sha256": "f97419ca5575ce01a5fdb0a8016bc4c292dce011ceaea22ec02abdd17e4762d3", "size": 871, "path": "media/graph/graph_summary_f97419ca5575ce01a5fd.graph.json"}, "epoch": 49, "_timestamp": 1681066856.9482923, "loss": 0.0033976000268012285, "mae": 0.0505877360701561, "mse": 0.003397570690140128, "val_loss": 0.003406194504350424, "val_mae": 0.05028899386525154, "val_mse": 0.0034061649348586798, "lr": 9.999999747378752e-06, "_runtime": 139.03297114372253, "_step": 49, "best_val_loss": 0.003406077390536666, "best_epoch": 36, "_wandb": {"runtime": 138}}