{"graph": {"_type": "graph-file", "sha256": "e9347dc24a689b0c445542772b23ba8e5aa6ace786e1ab8a498e8415afb4fe7a", "size": 1185, "path": "media/graph/graph_summary_e9347dc24a689b0c4455.graph.json"}, "epoch": 49, "_timestamp": 1680968718.6634932, "loss": 0.0008192777168005705, "mae": 0.024715807288885117, "mse": 0.000819241686258465, "val_loss": 0.0008652904652990401, "val_mae": 0.025664515793323517, "val_mse": 0.0008652547840029001, "lr": 9.999999747378752e-06, "_runtime": 166.53655815124512, "_step": 49, "best_val_loss": 0.0008652904652990401, "best_epoch": 49, "_wandb": {"runtime": 169}}