{"graph": {"_type": "graph-file", "sha256": "9deba064768249838005c861ae3f9c87080f31953c9be57265fe59f5a4f044b4", "size": 593, "path": "media/graph/graph_summary_9deba064768249838005.graph.json"}, "epoch": 19, "_timestamp": 1682069688.8375242, "loss": 0.2081146389245987, "mae": 0.4525294601917267, "mse": 0.2060832977294922, "val_loss": 0.20858456194400787, "val_mae": 0.4531945288181305, "val_mse": 0.20673710107803345, "lr": 0.04885760694742203, "_runtime": 35.78631520271301, "_step": 179, "best_val_loss": 0.0022803309839218855, "best_epoch": 15, "_wandb": {"runtime": 35}}