{"graph": {"_type": "graph-file", "sha256": "fcaf4461ef590475c8ff5fad8daf9909c823ec61889dce3ff59a30ab457d98b4", "size": 593, "path": "media/graph/graph_summary_fcaf4461ef590475c8ff.graph.json"}, "epoch": 29, "_timestamp": 1682021206.8584025, "loss": 0.002067124005407095, "mae": 0.03807317838072777, "mse": 0.0019402616890147328, "val_loss": 0.002108294051140547, "val_mae": 0.038444552570581436, "val_mse": 0.0019824851769953966, "lr": 0.0018065987387672067, "_runtime": 263.0176954269409, "_step": 269, "best_val_loss": 0.0019498984329402447, "best_epoch": 20, "_wandb": {"runtime": 262}}