{"graph": {"_type": "graph-file", "sha256": "16ecfa3cac81f1273782278afab584fa57113f3a87a4b763ee360bb000c41a74", "size": 740, "path": "media/graph/graph_summary_16ecfa3cac81f1273782.graph.json"}, "epoch": 99, "_timestamp": 1680787427.8097343, "loss": 5.859804630279541, "mae": 0.016400279477238655, "mse": 0.0004380333994049579, "val_loss": 5.849165439605713, "val_mae": 0.017263110727071762, "val_mse": 0.0004740832082461566, "lr": 9.999999747378752e-06, "_runtime": 115.30776929855347, "_step": 99, "best_val_loss": 5.849165439605713, "best_epoch": 99, "_wandb": {"runtime": 115}}