{"graph": {"_type": "graph-file", "sha256": "12cd71f6af10afc4bce983deb3f74d52b1da90464f0d67221fc7698c5f4952ad", "size": 593, "path": "media/graph/graph_summary_12cd71f6af10afc4bce9.graph.json"}, "epoch": 9, "_timestamp": 1682436954.6214294, "loss": 0.0023051488678902388, "mae": 0.0377722792327404, "mse": 0.001946278614923358, "root_mean_squared_error": 0.04411664605140686, "R2": -0.06050974130630493, "val_loss": 0.0023048261646181345, "val_mae": 0.03704523295164108, "val_mse": 0.0018990987446159124, "val_root_mean_squared_error": 0.043578650802373886, "val_R2": -502.51239013671875, "lr": 0.09925000369548798, "_runtime": 6.852550506591797, "_step": 9, "best_val_loss": 0.0019850137177854776, "best_epoch": 7, "_wandb": {"runtime": 5}}