{"graph": {"_type": "graph-file", "sha256": "147d32a9bcaf37f93815f217b7232d693b1a69f5c6bbdd36718c12313dfb9e0a", "size": 593, "path": "media/graph/graph_summary_147d32a9bcaf37f93815.graph.json"}, "epoch": 49, "_timestamp": 1682067694.4357467, "loss": 0.20593483746051788, "mae": 0.4525294601917267, "mse": 0.20593483746051788, "val_loss": 0.20654909312725067, "val_mae": 0.45319461822509766, "val_mse": 0.20654909312725067, "lr": 0.00415185047313571, "_runtime": 632.9450385570526, "_step": 449, "best_val_loss": 0.0019626182038336992, "best_epoch": 49, "_wandb": {"runtime": 632}}