{"graph": {"_type": "graph-file", "sha256": "205735cef30159ec9a7f14430e489d6cff68e2c41719ccac9241b29c39e5610e", "size": 581, "path": "media/graph/graph_summary_205735cef30159ec9a7f.graph.json"}, "epoch": 49, "_timestamp": 1681581141.5668752, "loss": 0.003083093324676156, "mae": 0.03455645218491554, "mse": 0.0016582348616793752, "val_loss": 0.0030863473657518625, "val_mae": 0.03507809340953827, "val_mse": 0.0016952073201537132, "lr": 9.999999747378752e-06, "_runtime": 78.24421620368958, "_step": 49, "best_val_loss": 0.0030863473657518625, "best_epoch": 49, "_wandb": {"runtime": 78}}