{"graph": {"_type": "graph-file", "sha256": "9ce3499af94d7fcb82376139f2689e596fbabd11ce14e4eb5cfe7bc25e92dbad", "size": 590, "path": "media/graph/graph_summary_9ce3499af94d7fcb8237.graph.json"}, "epoch": 49, "_timestamp": 1681056198.5428555, "loss": 0.0017716143047437072, "mae": 0.03605983778834343, "mse": 0.0017716143047437072, "val_loss": 0.001817940967157483, "val_mae": 0.03663439676165581, "val_mse": 0.001817940967157483, "lr": 9.999999747378752e-06, "_runtime": 64.80974245071411, "_step": 49, "best_val_loss": 0.001817940967157483, "best_epoch": 49, "_wandb": {"runtime": 64}}