{"graph": {"_type": "graph-file", "sha256": "de4822aa8e215a7611031c5c61b219c0e6efb0a0847c7c452525a3f7be4015c1", "size": 597, "path": "media/graph/graph_summary_de4822aa8e215a761103.graph.json"}, "epoch": 49, "_timestamp": 1682690595.336548, "loss": 0.0019451400730758905, "mae": 0.03788353502750397, "mse": 0.0019157978240400553, "val_loss": 0.0019804704934358597, "val_mae": 0.03829481452703476, "val_mse": 0.0019507041433826089, "lr": 6.25000029685907e-05, "_runtime": 93.06431818008423, "_step": 49, "best_val_loss": 0.0019804704934358597, "best_epoch": 49, "_wandb": {"runtime": 92}}