{"graph": {"_type": "graph-file", "sha256": "c2730f699a8815555d62030bf12fb53135040e39d629e223366690c497265135", "size": 565, "path": "media/graph/graph_summary_c2730f699a8815555d62.graph.json"}, "epoch": 9, "_timestamp": 1681923724.53323, "loss": 0.001183502608910203, "mae": 0.024394555017352104, "mse": 0.0009642468648962677, "val_loss": 0.001502147177234292, "val_mae": 0.029684964567422867, "val_mse": 0.0014021425740793347, "lr": 0.09925000369548798, "_runtime": 8.43238615989685, "_step": 9, "best_val_loss": 0.0012277463683858514, "best_epoch": 6, "_wandb": {"runtime": 7}}