{"graph": {"_type": "graph-file", "sha256": "b8c27efc18c72531fa17bd11457154f8e5d8fe5db54a1ea20dc1c0a550cc44f3", "size": 579, "path": "media/graph/graph_summary_b8c27efc18c72531fa17.graph.json"}, "epoch": 149, "_timestamp": 1681924472.6262364, "loss": 0.001150572090409696, "mae": 0.02587033435702324, "mse": 0.0010819397866725922, "val_loss": 0.0011320776538923383, "val_mae": 0.025347886607050896, "val_mse": 0.0010633600177243352, "lr": 1.2115478966734372e-05, "_runtime": 91.72273445129395, "_step": 149, "best_val_loss": 0.001131826196797192, "best_epoch": 147, "_wandb": {"runtime": 90}}