{"graph": {"_type": "graph-file", "sha256": "e9684d89b3320760bc02fdeff3f09ae7ad65b5ba3e67041bf3bed70f8a932a4e", "size": 586, "path": "media/graph/graph_summary_e9684d89b3320760bc02.graph.json"}, "epoch": 149, "_timestamp": 1681585940.4128077, "loss": 0.0019019459141418338, "mae": 0.037098247557878494, "mse": 0.0018442547880113125, "val_loss": 0.0019386704079806805, "val_mae": 0.03756669536232948, "val_mse": 0.0018810149049386382, "lr": 9.999999747378752e-06, "_runtime": 214.33463263511658, "_step": 149, "best_val_loss": 0.0019386704079806805, "best_epoch": 149, "_wandb": {"runtime": 214}}