{"graph": {"_type": "graph-file", "sha256": "bcd5ffc01127c2eeed43cbdabaf6e9a2c7d24ea94c65c850c2532c291bdad3df", "size": 467, "path": "media/graph/graph_summary_bcd5ffc01127c2eeed43.graph.json"}, "epoch": 49, "_timestamp": 1682427183.3836315, "loss": 0.0019105779938399792, "mae": 0.03793998062610626, "mse": 0.0019105779938399792, "root_mean_squared_error": 0.04371015354990959, "R2": -7.1045942306518555, "val_loss": 0.0019442979246377945, "val_mae": 0.038345519453287125, "val_mse": 0.0019442979246377945, "val_root_mean_squared_error": 0.04409419372677803, "val_R2": -7.105104446411133, "lr": 9.999999747378752e-06, "_runtime": 38.17267942428589, "_step": 49, "best_val_loss": 0.0019442979246377945, "best_epoch": 49, "_wandb": {"runtime": 38}}