{"graph": {"_type": "graph-file", "sha256": "fcaf4461ef590475c8ff5fad8daf9909c823ec61889dce3ff59a30ab457d98b4", "size": 593, "path": "media/graph/graph_summary_fcaf4461ef590475c8ff.graph.json"}, "epoch": 29, "_timestamp": 1682019210.4062288, "loss": 0.001545450766570866, "mae": 0.03115508332848549, "mse": 0.0013970880536362529, "val_loss": 0.0015603607753291726, "val_mae": 0.03155721351504326, "val_mse": 0.0014139583799988031, "lr": 0.00032084970735013485, "_runtime": 106.54337167739868, "_step": 269, "best_val_loss": 0.001053322572261095, "best_epoch": 29, "_wandb": {"runtime": 105}}