{"graph": {"_type": "graph-file", "sha256": "8ef149ba4cd6370a43287398edf1cbae732f2b4ac73bae1ce662f883aeddb4c4", "size": 1096, "path": "media/graph/graph_summary_8ef149ba4cd6370a4328.graph.json"}, "epoch": 299, "_timestamp": 1684874705.0044024, "loss": 0.00014631774683948606, "mae": 0.009379776194691658, "mse": 0.00014631774683948606, "root_mean_squared_error": 0.012096187099814415, "val_loss": 0.00014606719196308404, "val_mae": 0.009337469935417175, "val_mse": 0.00014606719196308404, "val_root_mean_squared_error": 0.012085826136171818, "lr": 9.999999747378752e-06, "_runtime": 304.6063494682312, "_step": 299, "best_val_loss": 0.0001460324419895187, "best_epoch": 293, "_wandb": {"runtime": 303}}