{"graph": {"_type": "graph-file", "sha256": "c9b8455352c6576033a42d0639483f34d79514cf92cfc4ab463692e25de23689", "size": 586, "path": "media/graph/graph_summary_c9b8455352c6576033a4.graph.json"}, "epoch": 249, "_timestamp": 1684405391.1721687, "loss": 0.0020470472518354654, "mae": 0.03394991531968117, "mse": 0.0018860513810068369, "root_mean_squared_error": 0.0434286929666996, "val_loss": 0.0019729952327907085, "val_mae": 0.03355417028069496, "val_mse": 0.0018119353335350752, "val_root_mean_squared_error": 0.04256683215498924, "lr": 9.999999747378752e-06, "_runtime": 398.80206274986267, "_step": 249, "best_val_loss": 0.0019723358564078808, "best_epoch": 233, "_wandb": {"runtime": 397}}