{"graph": {"_type": "graph-file", "sha256": "795a88715d0aba0a3961b5d20f80a2040d1a10798dad2df4eba6a425a54b311f", "size": 590, "path": "media/graph/graph_summary_795a88715d0aba0a3961.graph.json"}, "epoch": 49, "_timestamp": 1681056376.5885704, "loss": 0.0019143386743962765, "mae": 0.037871167063713074, "mse": 0.0019143386743962765, "val_loss": 0.0019500170601531863, "val_mae": 0.03830043226480484, "val_mse": 0.0019500170601531863, "lr": 9.999999747378752e-06, "_runtime": 50.805360317230225, "_step": 49, "best_val_loss": 0.0019500131020322442, "best_epoch": 42, "_wandb": {"runtime": 49}}