{"graph": {"_type": "graph-file", "sha256": "9a6f51d33227978f91e0be556e709705d6f661f6e4778f9b9cfcacfb5b34313d", "size": 1095, "path": "media/graph/graph_summary_9a6f51d33227978f91e0.graph.json"}, "epoch": 19, "_timestamp": 1683659884.7408686, "loss": 0.0015262516681104898, "mae": 0.030264481902122498, "mse": 0.0015262516681104898, "root_mean_squared_error": 0.03906726837158203, "val_loss": 0.001534491078928113, "val_mae": 0.030043333768844604, "val_mse": 0.001534491078928113, "val_root_mean_squared_error": 0.03917257860302925, "lr": 0.04896694794297218, "_runtime": 92.43106245994568, "_step": 199, "best_val_loss": 0.0004485384561121464, "best_epoch": 19, "_wandb": {"runtime": 90}}