{"graph": {"_type": "graph-file", "sha256": "a08b533769a8ef6254b803f12c994e6b1b805a21260144814b0df7d153d2e0c1", "size": 733, "path": "media/graph/graph_summary_a08b533769a8ef6254b8.graph.json"}, "epoch": 19, "_timestamp": 1681889036.5898228, "loss": 0.001994849182665348, "mae": 0.037983011454343796, "mse": 0.0019284224836155772, "val_loss": 0.0020252882968634367, "val_mae": 0.03833979740738869, "val_mse": 0.0019644200801849365, "lr": 0.0018762151012197137, "_runtime": 60.70004487037659, "_step": 179, "best_val_loss": 0.0019496341701596975, "best_epoch": 16, "_wandb": {"runtime": 60}}