{"graph": {"_type": "graph-file", "sha256": "c32428d287406381d2718861ee671115bb1e128e3ce39d0ddf9f33cb16f978fd", "size": 740, "path": "media/graph/graph_summary_c32428d287406381d271.graph.json"}, "epoch": 9, "_timestamp": 1680779459.1987264, "loss": 7.889204502105713, "mae": 0.02131936326622963, "mse": 0.0006668898276984692, "val_loss": 7.796334743499756, "val_mae": 0.026744117960333824, "val_mse": 0.0009104296332225204, "lr": 4.999999873689376e-05, "_runtime": 18.231756448745728, "_step": 9, "best_val_loss": 7.796334743499756, "best_epoch": 9, "_wandb": {"runtime": 18}}