{"graph": {"_type": "graph-file", "sha256": "50c0ac54b12eaef92caa2bb76e95c30e19f641047844ef9ce739012bbf621497", "size": 740, "path": "media/graph/graph_summary_50c0ac54b12eaef92caa.graph.json"}, "epoch": 1, "_timestamp": 1680804637.732128, "loss": 4.872217655181885, "mae": 0.3145647943019867, "mse": 0.09964694827795029, "val_loss": 3.609995126724243, "val_mae": 0.31511226296424866, "val_mse": 0.10008785873651505, "lr": 0.0010000000474974513, "_runtime": 6.675019979476929, "_step": 1, "best_val_loss": 3.609995126724243, "best_epoch": 1, "_wandb": {"runtime": 7}}