{"graph": {"_type": "graph-file", "sha256": "6b661ee68a9e83fb819a483f5a1668581ecbdd6399e744e8ec02dc700dc82bfe", "size": 593, "path": "media/graph/graph_summary_6b661ee68a9e83fb819a.graph.json"}, "epoch": 99, "_timestamp": 1684421995.3772235, "loss": 427718.09375, "mae": 648.1560668945312, "mse": 427718.0, "root_mean_squared_error": 654.0015258789062, "val_loss": 431328.3125, "val_mae": 650.9691772460938, "val_mse": 431328.09375, "val_root_mean_squared_error": 656.7557373046875, "lr": 9.999999747378752e-06, "_runtime": 110.31025338172913, "_step": 99, "best_val_loss": 431328.3125, "best_epoch": 56, "_wandb": {"runtime": 108}}