{"graph": {"_type": "graph-file", "sha256": "e69dad264e70d5b54e07e1a9225fd75d5e30853f78f90278e365c352554c5dd6", "size": 593, "path": "media/graph/graph_summary_e69dad264e70d5b54e07.graph.json"}, "epoch": 149, "_timestamp": 1681907765.4298985, "loss": 0.002891244599595666, "mae": 0.03886309266090393, "mse": 0.002055711578577757, "val_loss": 0.0029414452146738768, "val_mae": 0.03918495029211044, "val_mse": 0.002105914754793048, "lr": 9.999999747378752e-06, "_runtime": 445.9156675338745, "_step": 1349, "best_val_loss": 0.0020373021252453327, "best_epoch": 149, "_wandb": {"runtime": 445}}