{"graph": {"_type": "graph-file", "sha256": "50c0ac54b12eaef92caa2bb76e95c30e19f641047844ef9ce739012bbf621497", "size": 740, "path": "media/graph/graph_summary_50c0ac54b12eaef92caa.graph.json"}, "epoch": 49, "_timestamp": 1681310868.46842, "loss": 2.437695026397705, "mae": 0.036546263843774796, "mse": 0.0018095668638125062, "val_loss": 2.4374194145202637, "val_mae": 0.03708312660455704, "val_mse": 0.001855288865044713, "lr": 9.999999747378752e-06, "_runtime": 141.1523609161377, "_step": 49, "best_val_loss": 2.4374194145202637, "best_epoch": 49, "_wandb": {"runtime": 141}}