{"graph": {"_type": "graph-file", "sha256": "1ebb7a2c420c16720a94bbf446f265c5852b05c254896a40435ad495ee78f714", "size": 434, "path": "media/graph/graph_summary_1ebb7a2c420c16720a94.graph.json"}, "epoch": 29, "_timestamp": 1682583951.72341, "loss": 0.007567142602056265, "mae": 0.0751851424574852, "mse": 0.007567142602056265, "root_mean_squared_error": 0.08698932081460953, "val_loss": 0.00751001900061965, "val_mae": 0.07456816732883453, "val_mse": 0.00751001900061965, "val_root_mean_squared_error": 0.08666037768125534, "lr": 0.03273722901940346, "_runtime": 449.667023897171, "_step": 269, "best_val_loss": 8.477011760987807e-06, "best_epoch": 29, "_wandb": {"runtime": 448}}