{"graph": {"_type": "graph-file", "sha256": "d98abd964670c3bcb22b00139ffed641df9e71b655f503c997220ba86d081158", "size": 968, "path": "media/graph/graph_summary_d98abd964670c3bcb22b.graph.json"}, "epoch": 29, "_timestamp": 1682665109.1979344, "loss": 0.007567142136394978, "mae": 0.0751851424574852, "mse": 0.007567142136394978, "root_mean_squared_error": 0.08698932081460953, "val_loss": 0.007510020863264799, "val_mae": 0.07456815987825394, "val_mse": 0.007510020863264799, "val_root_mean_squared_error": 0.08666037768125534, "lr": 0.005530301947146654, "_runtime": 1478.8853523731232, "_step": 269, "best_val_loss": 0.007510020863264799, "best_epoch": 0, "_wandb": {"runtime": 1477}}