{"graph": {"_type": "graph-file", "sha256": "5ec2430d3d92ab5f205506563323d7edc6f058106707cdb06707f9cfdedc9c71", "size": 1094, "path": "media/graph/graph_summary_5ec2430d3d92ab5f2055.graph.json"}, "epoch": 19, "_timestamp": 1682766080.0811708, "loss": 0.0019212168408557773, "mae": 0.037911899387836456, "mse": 0.0019212168408557773, "root_mean_squared_error": 0.04383169114589691, "val_loss": 0.001949737430550158, "val_mae": 0.03830431401729584, "val_mse": 0.001949737430550158, "val_root_mean_squared_error": 0.04415582865476608, "lr": 0.001502192229963839, "_runtime": 260.3449318408966, "_step": 179, "best_val_loss": 0.0019496144959703088, "best_epoch": 14, "_wandb": {"runtime": 259}}