{"graph": {"_type": "graph-file", "sha256": "fd19edffc703aab858150e13e04bbf139eedeb34d915b03334d0f82e3b937699", "size": 886, "path": "media/graph/graph_summary_fd19edffc703aab85815.graph.json"}, "epoch": 49, "_timestamp": 1680967269.5794976, "loss": 0.0008197407587431371, "mae": 0.024718431755900383, "mse": 0.0008193314424715936, "val_loss": 0.0008656549616716802, "val_mae": 0.025663480162620544, "val_mse": 0.0008652445394545794, "lr": 9.999999747378752e-06, "_runtime": 65.40601754188538, "_step": 49, "best_val_loss": 0.0008656430873088539, "best_epoch": 44, "_wandb": {"runtime": 64}}