{"graph": {"_type": "graph-file", "sha256": "aedcad39663deca77375e586c2e04ee12ec040613d571461b057b51da9dac1d6", "size": 590, "path": "media/graph/graph_summary_aedcad39663deca77375.graph.json"}, "epoch": 49, "_timestamp": 1680962529.1511347, "loss": 0.0009022366721183062, "mae": 0.02569747157394886, "mse": 0.0009022366721183062, "val_loss": 0.0009666649275459349, "val_mae": 0.026857871562242508, "val_mse": 0.0009666649275459349, "lr": 1.9531249563442543e-05, "_runtime": 43.585638761520386, "_step": 49, "best_val_loss": 0.0009666649275459349, "best_epoch": 49, "_wandb": {"runtime": 43}}