{"graph": {"_type": "graph-file", "sha256": "a087add86b312f72c931294c7356467414b135bb24692633ed22031017b21a0d", "size": 593, "path": "media/graph/graph_summary_a087add86b312f72c931.graph.json"}, "epoch": 99, "_timestamp": 1684424032.5739741, "loss": 0.0016006568912416697, "mae": 0.027274319902062416, "mse": 0.0013401219621300697, "root_mean_squared_error": 0.03660767525434494, "val_loss": 0.001670059165917337, "val_mae": 0.028004830703139305, "val_mse": 0.0014124633744359016, "val_root_mean_squared_error": 0.037582751363515854, "lr": 0.0013343750033527613, "_runtime": 128.16995215415955, "_step": 99, "best_val_loss": 0.0016537836054340005, "best_epoch": 98, "_wandb": {"runtime": 127}}