{"graph": {"_type": "graph-file", "sha256": "609e4cea5b3cc21259931bc53cb27dfba480e428b37886226665725a064431bb", "size": 1019, "path": "media/graph/graph_summary_609e4cea5b3cc2125993.graph.json"}, "epoch": 49, "_timestamp": 1680888327.2664454, "loss": 0.059840813279151917, "mae": 0.025110432878136635, "mse": 0.0008613429381512105, "val_loss": 0.059328582137823105, "val_mae": 0.025314392521977425, "val_mse": 0.0008450569584965706, "lr": 9.999999747378752e-06, "_runtime": 101.3995373249054, "_step": 49, "best_val_loss": 0.059328582137823105, "best_epoch": 49, "_wandb": {"runtime": 101}}