{"graph": {"_type": "graph-file", "sha256": "50c0ac54b12eaef92caa2bb76e95c30e19f641047844ef9ce739012bbf621497", "size": 740, "path": "media/graph/graph_summary_50c0ac54b12eaef92caa.graph.json"}, "epoch": 49, "_timestamp": 1681054824.0743756, "loss": 0.0024708888959139585, "mae": 0.03784798085689545, "mse": 0.0019133398309350014, "val_loss": 0.0025164633989334106, "val_mae": 0.03833770379424095, "val_mse": 0.0019640910904854536, "lr": 9.999999747378752e-06, "_runtime": 88.30734372138977, "_step": 49, "best_val_loss": 0.0025094931479543447, "best_epoch": 48, "_wandb": {"runtime": 87}}