{"graph": {"_type": "graph-file", "sha256": "d62abedb9c1fa6d371192d68698cea3c026c176b1db79fad0e9ba0063451f29d", "size": 510, "path": "media/graph/graph_summary_d62abedb9c1fa6d37119.graph.json"}, "epoch": 149, "_timestamp": 1683221074.5151293, "loss": 0.0002891617186833173, "mae": 0.01329625491052866, "mse": 0.0002891617186833173, "root_mean_squared_error": 0.017004752531647682, "val_loss": 0.0002923634019680321, "val_mae": 0.013479417189955711, "val_mse": 0.0002923634019680321, "val_root_mean_squared_error": 0.01709863543510437, "lr": 0.0012076052371412516, "_runtime": 5570.802467346191, "_step": 1499, "best_val_loss": 0.00012864182644989341, "best_epoch": 147, "_wandb": {"runtime": 5569}}