{"graph": {"_type": "graph-file", "sha256": "85ff6216cbd71ef80c6b3ce250b09b49bfd68fcc519f2c6f7950aa787e39ed39", "size": 1030, "path": "media/graph/graph_summary_85ff6216cbd71ef80c6b.graph.json"}, "epoch": 49, "_timestamp": 1680959065.6952472, "loss": 0.07022140920162201, "mae": 0.02619447559118271, "mse": 0.0009582950733602047, "val_loss": 0.0695626512169838, "val_mae": 0.02565033547580242, "val_mse": 0.0008676165598444641, "lr": 9.999999747378752e-06, "_runtime": 141.5556902885437, "_step": 49, "best_val_loss": 0.0695626512169838, "best_epoch": 49, "_wandb": {"runtime": 141}}