{"graph": {"_type": "graph-file", "sha256": "cd2fdc98842f75ff43805143b0ee0c63a2fbb3579c3ed7e1864999cbf9e4d162", "size": 593, "path": "media/graph/graph_summary_cd2fdc98842f75ff4380.graph.json"}, "epoch": 99, "_timestamp": 1684422443.3940024, "loss": 948526.375, "mae": 973.8087158203125, "mse": 948525.875, "root_mean_squared_error": 973.9229125976562, "val_loss": 949775.9375, "val_mae": 974.4456176757812, "val_mse": 949775.375, "val_root_mean_squared_error": 974.564208984375, "lr": 3.125000148429535e-05, "_runtime": 45.18239235877991, "_step": 99, "best_val_loss": 949775.9375, "best_epoch": 49, "_wandb": {"runtime": 43}}