{"graph": {"_type": "graph-file", "sha256": "74eb4da14a7946959beab73ae4b7d6b7e56fceec427c0e71a986e6b2ab3ab4cb", "size": 579, "path": "media/graph/graph_summary_74eb4da14a7946959bea.graph.json"}, "epoch": 249, "_timestamp": 1684515137.4814382, "loss": 0.0012587681412696838, "mae": 0.023651406168937683, "mse": 0.0010217109229415655, "root_mean_squared_error": 0.03196421265602112, "val_loss": 0.0014699725434184074, "val_mae": 0.025610405951738358, "val_mse": 0.0012329224264249206, "val_root_mean_squared_error": 0.03511299565434456, "lr": 9.999999747378752e-06, "_runtime": 74.5046181678772, "_step": 249, "best_val_loss": 0.0014619886642321944, "best_epoch": 115, "_wandb": {"runtime": 73}}