{"graph": {"_type": "graph-file", "sha256": "c9b8455352c6576033a42d0639483f34d79514cf92cfc4ab463692e25de23689", "size": 586, "path": "media/graph/graph_summary_c9b8455352c6576033a4.graph.json"}, "epoch": 299, "_timestamp": 1684847459.09622, "loss": 0.001436449820175767, "mae": 0.025177964940667152, "mse": 0.0012217180337756872, "root_mean_squared_error": 0.034953080117702484, "val_loss": 0.0014124418376013637, "val_mae": 0.025402642786502838, "val_mse": 0.001197717385366559, "val_root_mean_squared_error": 0.03460805118083954, "lr": 9.999999747378752e-06, "_runtime": 237.0435070991516, "_step": 299, "best_val_loss": 0.0014123665168881416, "best_epoch": 294, "_wandb": {"runtime": 235}}