{"graph": {"_type": "graph-file", "sha256": "a087add86b312f72c931294c7356467414b135bb24692633ed22031017b21a0d", "size": 593, "path": "media/graph/graph_summary_a087add86b312f72c931.graph.json"}, "epoch": 249, "_timestamp": 1684515750.5014436, "loss": 0.0016419886378571391, "mae": 0.028700660914182663, "mse": 0.0013292215298861265, "root_mean_squared_error": 0.036458488553762436, "val_loss": 0.0015977224102243781, "val_mae": 0.02805444784462452, "val_mse": 0.0012849535560235381, "val_root_mean_squared_error": 0.035846248269081116, "lr": 9.999999747378752e-06, "_runtime": 85.49902772903442, "_step": 249, "best_val_loss": 0.0015974402194842696, "best_epoch": 167, "_wandb": {"runtime": 84}}