{"graph": {"_type": "graph-file", "sha256": "f40a00109c554918e3c7139bd380af5a55d04475a6510f178b2d13de16a720e6", "size": 596, "path": "media/graph/graph_summary_f40a00109c554918e3c7.graph.json"}, "epoch": 49, "_timestamp": 1681572759.940307, "loss": 0.0019021864281967282, "mae": 0.03756985440850258, "mse": 0.0018892112420871854, "val_loss": 0.0019380082376301289, "val_mae": 0.037982549518346786, "val_mse": 0.0019250483019277453, "lr": 9.999999747378752e-06, "_runtime": 73.32105898857117, "_step": 49, "best_val_loss": 0.0019380082376301289, "best_epoch": 49, "_wandb": {"runtime": 73}}