{"graph": {"_type": "graph-file", "sha256": "b44cbed75712a14387ce5403063f43730766e183682e050652564b95abe85a24", "size": 1383, "path": "media/graph/graph_summary_b44cbed75712a14387ce.graph.json"}, "epoch": 299, "_timestamp": 1684956773.5760648, "loss": 0.554877519607544, "mae": 0.7397721409797668, "mse": 0.554877519607544, "root_mean_squared_error": 0.7449009418487549, "val_loss": 0.5564897060394287, "val_mae": 0.7409123182296753, "val_mse": 0.5564897060394287, "val_root_mean_squared_error": 0.7459822297096252, "lr": 9.999999747378752e-06, "_runtime": 417.9043288230896, "_step": 299, "best_val_loss": 0.5564896464347839, "best_epoch": 0, "_wandb": {"runtime": 416}}