{"graph": {"_type": "graph-file", "sha256": "62adf72a846d167414421c26f61a059263e9d3957c36b4e12fb587a4b3a0b101", "size": 593, "path": "media/graph/graph_summary_62adf72a846d16741442.graph.json"}, "epoch": 299, "_timestamp": 1684848433.0321257, "loss": 0.001317798625677824, "mae": 0.02638429030776024, "mse": 0.0010812541004270315, "root_mean_squared_error": 0.03288242965936661, "val_loss": 0.0013378569856286049, "val_mae": 0.026550760492682457, "val_mse": 0.0011012819595634937, "val_root_mean_squared_error": 0.03318556770682335, "lr": 9.999999747378752e-06, "_runtime": 206.54701566696167, "_step": 299, "best_val_loss": 0.0013373058754950762, "best_epoch": 293, "_wandb": {"runtime": 205}}