{"graph": {"_type": "graph-file", "sha256": "35205f7661c0acd3fb5186736053b969d811ed18ce87aa824971ad637968ad64", "size": 432, "path": "media/graph/graph_summary_35205f7661c0acd3fb51.graph.json"}, "epoch": 149, "_timestamp": 1682614135.0336733, "loss": 0.001915948698297143, "mae": 0.03789066523313522, "mse": 0.001915948698297143, "root_mean_squared_error": 0.04377155005931854, "val_loss": 0.0019516817992553115, "val_mae": 0.03832261264324188, "val_mse": 0.0019516817992553115, "val_root_mean_squared_error": 0.04417784512042999, "lr": 0.00017079358804039657, "_runtime": 5626.321570396423, "_step": 1349, "best_val_loss": 0.0019483384676277637, "best_epoch": 21, "_wandb": {"runtime": 5625}}