{"graph": {"_type": "graph-file", "sha256": "89d947a5cf65a40457e559b2a00189e53ecd4043fa5a7d62ccc933e3b8a9a71b", "size": 1078, "path": "media/graph/graph_summary_89d947a5cf65a40457e5.graph.json"}, "epoch": 149, "_timestamp": 1684870955.5455375, "loss": 2.6245479602948762e-05, "mae": 0.0037932756822556257, "mse": 2.6245479602948762e-05, "root_mean_squared_error": 0.005123033653944731, "val_loss": 2.6819645427167416e-05, "val_mae": 0.0037805817555636168, "val_mse": 2.6819645427167416e-05, "val_root_mean_squared_error": 0.005178768653422594, "lr": 5.2257928473409265e-05, "_runtime": 190.12600445747375, "_step": 149, "best_val_loss": 2.6656620320864022e-05, "best_epoch": 148, "_wandb": {"runtime": 188}}