{"graph": {"_type": "graph-file", "sha256": "453629ece7c19dc579d6470d7dfbed534b7e4f78ce823592f211637e80f18864", "size": 586, "path": "media/graph/graph_summary_453629ece7c19dc579d6.graph.json"}, "epoch": 9, "_timestamp": 1682358787.3261342, "loss": 0.002266020979732275, "mae": 0.03424439579248428, "mse": 0.0017065884312614799, "root_mean_squared_error": 0.0413108766078949, "val_loss": 0.001557700103148818, "val_mae": 0.03036971017718315, "val_mse": 0.0013582705287262797, "val_root_mean_squared_error": 0.03685472160577774, "lr": 0.09925000369548798, "_runtime": 8.834818124771118, "_step": 9, "best_val_loss": 0.001557700103148818, "best_epoch": 9, "_wandb": {"runtime": 8}}