{"graph": {"_type": "graph-file", "sha256": "6d4a0f5accec21e3d47829ca69204ee906accc37462ae847b7dab747a5445991", "size": 1036, "path": "media/graph/graph_summary_6d4a0f5accec21e3d478.graph.json"}, "epoch": 49, "_timestamp": 1680883422.737988, "loss": 0.008793538436293602, "mae": 0.02470516413450241, "mse": 0.0008177320705726743, "val_loss": 0.008716271258890629, "val_mae": 0.025593286380171776, "val_mse": 0.0008619562722742558, "lr": 9.999999747378752e-06, "_runtime": 117.22369194030762, "_step": 49, "best_val_loss": 0.008716271258890629, "best_epoch": 49, "_wandb": {"runtime": 117}}