{"graph": {"_type": "graph-file", "sha256": "27c5d7819ce561a5403e4afeba735456b1eb39e6f92976330971467468a118db", "size": 740, "path": "media/graph/graph_summary_27c5d7819ce561a5403e.graph.json"}, "epoch": 49, "_timestamp": 1681309448.0397134, "loss": 2.4754374027252197, "mae": 0.036712631583213806, "mse": 0.0018011598149314523, "val_loss": 2.4751484394073486, "val_mae": 0.0371113196015358, "val_mse": 0.0018368950113654137, "lr": 9.999999747378752e-06, "_runtime": 90.31631827354431, "_step": 49, "best_val_loss": 2.4751484394073486, "best_epoch": 49, "_wandb": {"runtime": 90}}