{"graph": {"_type": "graph-file", "sha256": "9f18b3ba74b76bc9c0701ce3550041df2c4141745e47f45d725e8584e619e3dd", "size": 772, "path": "media/graph/graph_summary_9f18b3ba74b76bc9c070.graph.json"}, "epoch": 29, "_timestamp": 1682804636.0497615, "loss": 0.0075671435333788395, "mae": 0.07518517225980759, "mse": 0.0075671435333788395, "root_mean_squared_error": 0.08698932826519012, "val_loss": 0.007510020397603512, "val_mae": 0.07456817477941513, "val_mse": 0.007510020397603512, "val_root_mean_squared_error": 0.08666037023067474, "lr": 0.0029446498956531286, "_runtime": 79.60053443908691, "_step": 269, "best_val_loss": 0.007510020397603512, "best_epoch": 0, "_wandb": {"runtime": 78}}