{"graph": {"_type": "graph-file", "sha256": "583f0e1294c9d651efd5a27ae424c974cd788948f4c098547debcaf91964aefa", "size": 487, "path": "media/graph/graph_summary_583f0e1294c9d651efd5.graph.json"}, "epoch": 19, "_timestamp": 1683140853.4488935, "loss": 0.013380223885178566, "mae": 0.09990158677101135, "mse": 0.013380223885178566, "root_mean_squared_error": 0.11567291617393494, "val_loss": 0.01344034168869257, "val_mae": 0.10020121932029724, "val_mse": 0.01344034168869257, "val_root_mean_squared_error": 0.11593248695135117, "lr": 0.04673406854271889, "_runtime": 812.6812665462494, "_step": 199, "best_val_loss": 0.003413729602470994, "best_epoch": 18, "_wandb": {"runtime": 811}}