{"graph": {"_type": "graph-file", "sha256": "0eec391b10a6c5974886fe82c76ef378d892270e7fa5c35c5d67b7b975b03cc3", "size": 576, "path": "media/graph/graph_summary_0eec391b10a6c5974886.graph.json"}, "epoch": 49, "_timestamp": 1680961777.0311031, "loss": 0.0008003106922842562, "mae": 0.024408090859651566, "mse": 0.0008003106922842562, "val_loss": 0.0008486452861689031, "val_mae": 0.025404948741197586, "val_mse": 0.0008486452861689031, "lr": 9.999999747378752e-06, "_runtime": 67.78537917137146, "_step": 49, "best_val_loss": 0.0008486452861689031, "best_epoch": 49, "_wandb": {"runtime": 67}}