{"graph": {"_type": "graph-file", "sha256": "406fb0067480ac22936b4d68044075d46882a8bc9bd1bb1efbb754971a187f95", "size": 510, "path": "media/graph/graph_summary_406fb0067480ac22936b.graph.json"}, "epoch": 149, "_timestamp": 1683194663.898569, "loss": 0.0033955583348870277, "mae": 0.05043332278728485, "mse": 0.0033955583348870277, "root_mean_squared_error": 0.05827141925692558, "val_loss": 0.0033958766143769026, "val_mae": 0.05050267279148102, "val_mse": 0.0033958766143769026, "val_root_mean_squared_error": 0.058274149894714355, "lr": 9.999999747378752e-06, "_runtime": 15205.456524133682, "_step": 1499, "best_val_loss": 0.0033351534511893988, "best_epoch": 145, "_wandb": {"runtime": 15204}}