{"graph": {"_type": "graph-file", "sha256": "6764b1db862caad0cc9840de9bb4fbbb2d429a95cb817441994c77a31e6de6ce", "size": 1155, "path": "media/graph/graph_summary_6764b1db862caad0cc98.graph.json"}, "epoch": 49, "_timestamp": 1681307061.5696402, "loss": 0.003397469175979495, "mae": 0.05058696120977402, "mse": 0.003397469175979495, "val_loss": 0.0034060089383274317, "val_mae": 0.050285354256629944, "val_mse": 0.0034060089383274317, "lr": 9.999999747378752e-06, "_runtime": 29.087310075759888, "_step": 49, "best_val_loss": 0.0034056499134749174, "best_epoch": 9, "_wandb": {"runtime": 27}}