{"graph": {"_type": "graph-file", "sha256": "b51c67e230dc256c0ff2048d8b4e814d4e87e8198a8493d7a56d00d1f9eee97e", "size": 1096, "path": "media/graph/graph_summary_b51c67e230dc256c0ff2.graph.json"}, "epoch": 299, "_timestamp": 1684875424.7180488, "loss": 8.819058712106198e-05, "mae": 0.007204904220998287, "mse": 8.819058712106198e-05, "root_mean_squared_error": 0.009390984661877155, "val_loss": 8.856998465489596e-05, "val_mae": 0.007215395569801331, "val_mse": 8.856998465489596e-05, "val_root_mean_squared_error": 0.009411163628101349, "lr": 9.999999747378752e-06, "_runtime": 370.1997628211975, "_step": 299, "best_val_loss": 8.852296741679311e-05, "best_epoch": 296, "_wandb": {"runtime": 368}}