{"graph": {"_type": "graph-file", "sha256": "b0e991419d33b8f9c145667fc3dc680a07142ed57013a1d3ab881f78806acf0c", "size": 593, "path": "media/graph/graph_summary_b0e991419d33b8f9c145.graph.json"}, "epoch": 19, "_timestamp": 1681839532.6581905, "loss": 0.0023899758234620094, "mae": 0.03863874822854996, "mse": 0.002018219092860818, "val_loss": 0.00243702856823802, "val_mae": 0.038978755474090576, "val_mse": 0.0020662141032516956, "lr": 0.0023872479796409607, "_runtime": 64.21373057365417, "_step": 179, "best_val_loss": 0.0019634340424090624, "best_epoch": 19, "_wandb": {"runtime": 63}}