{"graph": {"_type": "graph-file", "sha256": "47ea51b8d45914f1be389dc66ccad836d0a7d1634726b774506c03578821bf83", "size": 734, "path": "media/graph/graph_summary_47ea51b8d45914f1be38.graph.json"}, "epoch": 29, "_timestamp": 1681897689.779114, "loss": 0.0019262816058471799, "mae": 0.0378834493458271, "mse": 0.001917405636049807, "val_loss": 0.0019627322908490896, "val_mae": 0.03830784931778908, "val_mse": 0.0019566561095416546, "lr": 0.03425486013293266, "_runtime": 42.364012002944946, "_step": 269, "best_val_loss": 0.0019503561779856682, "best_epoch": 15, "_wandb": {"runtime": 41}}