{"graph": {"_type": "graph-file", "sha256": "d3a8dddcdd3196c72aa2d905bc4d358ba44e85f1fe535866c158d34c749139c4", "size": 439, "path": "media/graph/graph_summary_d3a8dddcdd3196c72aa2.graph.json"}, "epoch": 149, "_timestamp": 1683442551.2911417, "loss": 0.0016200219979509711, "mae": 0.029818831011652946, "mse": 0.0016200219979509711, "root_mean_squared_error": 0.04024949669837952, "val_loss": 0.0016839620657265186, "val_mae": 0.030323615297675133, "val_mse": 0.0016839620657265186, "val_root_mean_squared_error": 0.041036106646060944, "lr": 0.0009117996669374406, "_runtime": 17877.62027478218, "_step": 1499, "best_val_loss": 0.0006672122399322689, "best_epoch": 149, "_wandb": {"runtime": 17876}}