{"graph": {"_type": "graph-file", "sha256": "9ee1096037d2888dd466fb7a5c37a16fae5bafa33333785e9c34e937f15f9a94", "size": 589, "path": "media/graph/graph_summary_9ee1096037d2888dd466.graph.json"}, "epoch": 49, "_timestamp": 1681572628.229514, "loss": 0.001921000424772501, "mae": 0.03728488087654114, "mse": 0.0018615723820403218, "val_loss": 0.0019556358456611633, "val_mae": 0.037738531827926636, "val_mse": 0.0018970086239278316, "lr": 9.999999747378752e-06, "_runtime": 77.86144495010376, "_step": 49, "best_val_loss": 0.0019556358456611633, "best_epoch": 49, "_wandb": {"runtime": 78}}