{"graph": {"_type": "graph-file", "sha256": "8e1ae19ed6e65bb34823e218134a1c8981dce0698cf4c36219216c1957a86856", "size": 990, "path": "media/graph/graph_summary_8e1ae19ed6e65bb34823.graph.json"}, "epoch": 0, "_timestamp": 1680957842.3401785, "loss": 9.904487609863281, "mae": 0.02600492350757122, "mse": 0.0009492439567111433, "val_loss": 7.266602516174316, "val_mae": 0.02632206119596958, "val_mse": 0.0009115381981246173, "lr": 0.0010000000474974513, "_runtime": 8.545328378677368, "_step": 0, "best_val_loss": 7.266602516174316, "best_epoch": 0}