{"graph": {"_type": "graph-file", "sha256": "0aefe818bd72f5996af43d11f603b720f44ba087f2d08bd572ce3fd873a74083", "size": 593, "path": "media/graph/graph_summary_0aefe818bd72f5996af4.graph.json"}, "epoch": 9, "_timestamp": 1682359226.129799, "loss": 0.0016586979618296027, "mae": 0.03203444555401802, "mse": 0.0014759734040126204, "root_mean_squared_error": 0.038418401032686234, "coeff_determination": 0.196196049451828, "val_loss": 0.0016514153685420752, "val_mae": 0.032459717243909836, "val_mse": 0.0014543004799634218, "val_root_mean_squared_error": 0.03813529014587402, "val_coeff_determination": -771.778076171875, "lr": 0.09925000369548798, "_runtime": 8.106863975524902, "_step": 9, "best_val_loss": 0.0016070414567366242, "best_epoch": 8, "_wandb": {"runtime": 6}}