{"graph": {"_type": "graph-file", "sha256": "b0e991419d33b8f9c145667fc3dc680a07142ed57013a1d3ab881f78806acf0c", "size": 593, "path": "media/graph/graph_summary_b0e991419d33b8f9c145.graph.json"}, "epoch": 19, "_timestamp": 1681745907.9746518, "loss": 0.002528747310861945, "mae": 0.03837430849671364, "mse": 0.001979348249733448, "val_loss": 0.002569349016994238, "val_mae": 0.03872176259756088, "val_mse": 0.0020238140132278204, "lr": 0.005174967460334301, "_runtime": 63.041098833084106, "_step": 179, "best_val_loss": 0.0019829184748232365, "best_epoch": 19, "_wandb": {"runtime": 62}}