{"graph": {"_type": "graph-file", "sha256": "de4822aa8e215a7611031c5c61b219c0e6efb0a0847c7c452525a3f7be4015c1", "size": 597, "path": "media/graph/graph_summary_de4822aa8e215a761103.graph.json"}, "epoch": 49, "_timestamp": 1682689052.9870377, "loss": 0.0019296272657811642, "mae": 0.03788384422659874, "mse": 0.0019156370544806123, "val_loss": 0.001964999595656991, "val_mae": 0.038292285054922104, "val_mse": 0.0019511212594807148, "lr": 6.25000029685907e-05, "_runtime": 100.04256272315979, "_step": 49, "best_val_loss": 0.001964999595656991, "best_epoch": 49, "_wandb": {"runtime": 100}}