{"graph": {"_type": "graph-file", "sha256": "b1394f6ac533335fb212020ac6f35e5421f16e5eb784a19f319fca6203007e7f", "size": 1020, "path": "media/graph/graph_summary_b1394f6ac533335fb212.graph.json"}, "epoch": 29, "_timestamp": 1681887058.468494, "loss": 0.0019482054049149156, "mae": 0.037872496992349625, "mse": 0.001915369532071054, "val_loss": 0.0019836523570120335, "val_mae": 0.03829224407672882, "val_mse": 0.001951129175722599, "lr": 0.0005453698104247451, "_runtime": 80.46212792396545, "_step": 269, "best_val_loss": 0.001979783410206437, "best_epoch": 28, "_wandb": {"runtime": 67}}