{"graph": {"_type": "graph-file", "sha256": "0c7f5c67bd32973465916e844429dc2d09aaf6ada968067607dbe794ad679471", "size": 771, "path": "media/graph/graph_summary_0c7f5c67bd3297346591.graph.json"}, "epoch": 19, "_timestamp": 1682276202.6962786, "loss": 0.007567143999040127, "mae": 0.07518515735864639, "mse": 0.007567143999040127, "val_loss": 0.007510020397603512, "val_mae": 0.07456816732883453, "val_mse": 0.007510020397603512, "lr": 9.999999747378752e-06, "_runtime": 62.1045286655426, "_step": 179, "best_val_loss": 0.007510020397603512, "best_epoch": 0, "_wandb": {"runtime": 61}}