{"graph": {"_type": "graph-file", "sha256": "4c8185c8f5e04e39cd8f5552d04239b6d1cd9a5441834b2fc4ce30fde6208e51", "size": 740, "path": "media/graph/graph_summary_4c8185c8f5e04e39cd8f.graph.json"}, "epoch": 0, "_timestamp": 1681052556.849672, "loss": 10.192700386047363, "mae": 0.06947896629571915, "mse": 0.01235723402351141, "val_loss": 7.518479824066162, "val_mae": 0.05733262002468109, "val_mse": 0.004661830607801676, "lr": 0.0010000000474974513, "_runtime": 3.892522096633911, "_step": 0, "best_val_loss": 7.518479824066162, "best_epoch": 0, "_wandb": {"runtime": 4}}