{"graph": {"_type": "graph-file", "sha256": "f1b2e90a1c7a21269e5ee44e5b0ba132f1e1d712f7b62ff08a2a869ea935e749", "size": 440, "path": "media/graph/graph_summary_f1b2e90a1c7a21269e5e.graph.json"}, "epoch": 149, "_timestamp": 1683056098.4255629, "loss": 0.0033805749844759703, "mae": 0.051449939608573914, "mse": 0.0033805749844759703, "root_mean_squared_error": 0.058142710477113724, "val_loss": 0.0034023846965283155, "val_mae": 0.05125349014997482, "val_mse": 0.0034023846965283155, "val_root_mean_squared_error": 0.05832996219396591, "lr": 0.0001346875069430098, "_runtime": 2638.586199760437, "_step": 149, "best_val_loss": 0.003400449175387621, "best_epoch": 148, "_wandb": {"runtime": 2636}}