{"graph": {"_type": "graph-file", "sha256": "6ff41643cac7e56ed9b4ee7655dda5b5799b7b8df67bc11e4a9b2486f4e6781d", "size": 770, "path": "media/graph/graph_summary_6ff41643cac7e56ed9b4.graph.json"}, "epoch": 149, "_timestamp": 1682256583.8471634, "loss": 0.007567142136394978, "mae": 0.07518515735864639, "mse": 0.007567142136394978, "val_loss": 0.007510020863264799, "val_mae": 0.07456816732883453, "val_mse": 0.007510020863264799, "lr": 9.999999747378752e-06, "_runtime": 417.91560649871826, "_step": 1349, "best_val_loss": 0.007510020863264799, "best_epoch": 0, "_wandb": {"runtime": 417}}