{"graph": {"_type": "graph-file", "sha256": "75392d8990f043329e5dc2bf9fcecb097c0f5dd75d79c6dc68580d2e66643c15", "size": 708, "path": "media/graph/graph_summary_75392d8990f043329e5d.graph.json"}, "epoch": 9, "_timestamp": 1680779064.1057053, "loss": 9.183283805847168, "mae": 0.023739343509078026, "mse": 0.0007639739196747541, "val_loss": 9.108945846557617, "val_mae": 0.024560589343309402, "val_mse": 0.000807741773314774, "lr": 2.499999936844688e-05, "_runtime": 11.308760166168213, "_step": 9, "best_val_loss": 9.108945846557617, "best_epoch": 9, "_wandb": {"runtime": 11}}