{"graph": {"_type": "graph-file", "sha256": "b0e991419d33b8f9c145667fc3dc680a07142ed57013a1d3ab881f78806acf0c", "size": 593, "path": "media/graph/graph_summary_b0e991419d33b8f9c145.graph.json"}, "epoch": 199, "_timestamp": 1681894060.250004, "loss": 0.0030950941145420074, "mae": 0.03888250142335892, "mse": 0.0020474172197282314, "val_loss": 0.0031445343047380447, "val_mae": 0.039219144731760025, "val_mse": 0.0020968590397387743, "lr": 9.999999747378752e-06, "_runtime": 565.6995911598206, "_step": 1799, "best_val_loss": 0.001985372742637992, "best_epoch": 199, "_wandb": {"runtime": 565}}