{"graph": {"_type": "graph-file", "sha256": "1d42d45a44e932eed49caa3abd2ddf72c60662ccc42ef35720a92185e4a28d51", "size": 931, "path": "media/graph/graph_summary_1d42d45a44e932eed49c.graph.json"}, "epoch": 49, "_timestamp": 1682713289.3501632, "loss": 0.8388005495071411, "mae": 0.914814829826355, "mse": 0.8388005495071411, "root_mean_squared_error": 0.9158605337142944, "val_loss": 0.8399649858474731, "val_mae": 0.9154317378997803, "val_mse": 0.8399649858474731, "val_root_mean_squared_error": 0.9164960980415344, "lr": 9.999999747378752e-06, "_runtime": 133.10204410552979, "_step": 449, "best_val_loss": 0.006230933591723442, "best_epoch": 3, "_wandb": {"runtime": 131}}