{"graph": {"_type": "graph-file", "sha256": "b0e991419d33b8f9c145667fc3dc680a07142ed57013a1d3ab881f78806acf0c", "size": 593, "path": "media/graph/graph_summary_b0e991419d33b8f9c145.graph.json"}, "epoch": 29, "_timestamp": 1681743636.1056445, "loss": 0.0019144077086821198, "mae": 0.037872396409511566, "mse": 0.0019143912941217422, "val_loss": 0.0019500073976814747, "val_mae": 0.03830055519938469, "val_mse": 0.0019500073976814747, "lr": 0.00011610914953052998, "_runtime": 52.288756370544434, "_step": 269, "best_val_loss": 0.0008701245533302426, "best_epoch": 27, "_wandb": {"runtime": 51}}