{"graph": {"_type": "graph-file", "sha256": "9eb265a373347b90d3a078cbf2eba6f3621443bec68c0a4c0b554fa5c3bf99fa", "size": 740, "path": "media/graph/graph_summary_9eb265a373347b90d3a0.graph.json"}, "epoch": 9, "_timestamp": 1680778116.3886638, "loss": 8.857773780822754, "mae": 0.01639440655708313, "mse": 0.00044596297084353864, "val_loss": 8.792560577392578, "val_mae": 0.018096642568707466, "val_mse": 0.0005192020907998085, "lr": 2.499999936844688e-05, "_runtime": 16.67082977294922, "_step": 9, "best_val_loss": 8.792560577392578, "best_epoch": 9, "_wandb": {"runtime": 16}}