{"graph": {"_type": "graph-file", "sha256": "6b661ee68a9e83fb819a483f5a1668581ecbdd6399e744e8ec02dc700dc82bfe", "size": 593, "path": "media/graph/graph_summary_6b661ee68a9e83fb819a.graph.json"}, "epoch": 299, "_timestamp": 1684429965.5985508, "loss": 0.0012647861149162054, "mae": 0.019594676792621613, "mse": 0.000897294725291431, "root_mean_squared_error": 0.029954878613352776, "val_loss": 0.0013229078613221645, "val_mae": 0.020313583314418793, "val_mse": 0.0009555959259159863, "val_root_mean_squared_error": 0.030912714079022408, "lr": 9.999999747378752e-06, "_runtime": 212.43285083770752, "_step": 299, "best_val_loss": 0.001321909250691533, "best_epoch": 293, "_wandb": {"runtime": 210}}