{"graph": {"_type": "graph-file", "sha256": "5b77df30682383652944327ee9b29b2f9af3cdcb6e3f8501c7f62be707291226", "size": 593, "path": "media/graph/graph_summary_5b77df30682383652944.graph.json"}, "epoch": 49, "_timestamp": 1681579776.4321177, "loss": 0.0064373803324997425, "mae": 0.037628285586833954, "mse": 0.0018964513437822461, "val_loss": 0.0064132013358175755, "val_mae": 0.03802680969238281, "val_mse": 0.0019399573793634772, "lr": 9.999999747378752e-06, "_runtime": 62.44040870666504, "_step": 49, "best_val_loss": 0.0064132013358175755, "best_epoch": 49, "_wandb": {"runtime": 61}}