{"graph": {"_type": "graph-file", "sha256": "97cd6750b9113bed84483a6b8a6e9a1d1f14ca8f78c6a29aacf419f070768ae3", "size": 579, "path": "media/graph/graph_summary_97cd6750b9113bed8448.graph.json"}, "epoch": 9, "_timestamp": 1682356895.3027465, "loss": 0.0020306152291595936, "mae": 0.03815487027168274, "mse": 0.001950907288119197, "val_loss": 0.0019657278899103403, "val_mae": 0.03833242133259773, "val_mse": 0.0019632759504020214, "lr": 0.09925000369548798, "_runtime": 8.42708158493042, "_step": 9, "best_val_loss": 0.0019657278899103403, "best_epoch": 9, "_wandb": {"runtime": 8}}