{"graph": {"_type": "graph-file", "sha256": "37778b61cbc546940bcb9b3d56d981c50605de9c29626a6f1fb45a40e0773b4a", "size": 1017, "path": "media/graph/graph_summary_37778b61cbc546940bcb.graph.json"}, "epoch": 49, "_timestamp": 1680882580.5954285, "loss": 0.02580503188073635, "mae": 0.024618003517389297, "mse": 0.0008136187680065632, "val_loss": 0.025561507791280746, "val_mae": 0.025535039603710175, "val_mse": 0.0008585689938627183, "lr": 9.999999747378752e-06, "_runtime": 102.43357443809509, "_step": 49, "best_val_loss": 0.025561507791280746, "best_epoch": 49, "_wandb": {"runtime": 102}}