{"graph": {"_type": "graph-file", "sha256": "1ac42279a8a8ee75daecbd716f2cfd7ba2fd41eaabde548ec7ec7a227be58735", "size": 579, "path": "media/graph/graph_summary_1ac42279a8a8ee75daec.graph.json"}, "epoch": 299, "_timestamp": 1684499026.2654495, "loss": 0.004450766835361719, "mae": 0.049687016755342484, "mse": 0.003356344299390912, "root_mean_squared_error": 0.05793396383523941, "val_loss": 0.004467301536351442, "val_mae": 0.0505635105073452, "val_mse": 0.0033729062415659428, "val_root_mean_squared_error": 0.058076728135347366, "lr": 9.999999747378752e-06, "_runtime": 402.8295795917511, "_step": 299, "best_val_loss": 0.004467301536351442, "best_epoch": 299, "_wandb": {"runtime": 403}}