{"graph": {"_type": "graph-file", "sha256": "b1394f6ac533335fb212020ac6f35e5421f16e5eb784a19f319fca6203007e7f", "size": 1020, "path": "media/graph/graph_summary_b1394f6ac533335fb212.graph.json"}, "epoch": 199, "_timestamp": 1681833967.5696898, "loss": 0.001914339605718851, "mae": 0.03787139058113098, "mse": 0.001914339605718851, "val_loss": 0.0019500574562698603, "val_mae": 0.03830001503229141, "val_mse": 0.0019500574562698603, "lr": 9.999999747378752e-06, "_runtime": 207.36790084838867, "_step": 1799, "best_val_loss": 0.0019496649038046598, "best_epoch": 49, "_wandb": {"runtime": 206}}