{"graph": {"_type": "graph-file", "sha256": "dd3126f43e45b2a9aa40fb7174615dfa705a55defecd19f48a7478be5b381cad", "size": 465, "path": "media/graph/graph_summary_dd3126f43e45b2a9aa40.graph.json"}, "epoch": 199, "_timestamp": 1682431809.8933597, "loss": 0.0019280797569081187, "mae": 0.03793754801154137, "mse": 0.0019280797569081187, "root_mean_squared_error": 0.04390990361571312, "R2": -7.813225746154785, "val_loss": 0.001959201879799366, "val_mae": 0.038408637046813965, "val_mse": 0.001959201879799366, "val_root_mean_squared_error": 0.04426287114620209, "val_R2": -3277.3896484375, "lr": 9.999999747378752e-06, "_runtime": 272.6801006793976, "_step": 199, "best_val_loss": 0.001959201879799366, "best_epoch": 199, "_wandb": {"runtime": 273}}