{"graph": {"_type": "graph-file", "sha256": "0b30555010bf7e0392045fd5216fc860a2f4735d356fe09bf3c3ae46f03df4b8", "size": 770, "path": "media/graph/graph_summary_0b30555010bf7e039204.graph.json"}, "epoch": 199, "_timestamp": 1682256155.2552261, "loss": 0.007567142602056265, "mae": 0.07518516480922699, "mse": 0.007567142602056265, "val_loss": 0.007510020863264799, "val_mae": 0.07456815987825394, "val_mse": 0.007510020863264799, "lr": 1.128200256061973e-05, "_runtime": 426.04352712631226, "_step": 1799, "best_val_loss": 0.007510020863264799, "best_epoch": 0, "_wandb": {"runtime": 425}}