{"graph": {"_type": "graph-file", "sha256": "659d6965810bece9df8de80eb8042e13521f548a1ff4aefc582b0be3705b38f8", "size": 1181, "path": "media/graph/graph_summary_659d6965810bece9df8d.graph.json"}, "epoch": 49, "_timestamp": 1681307122.6170683, "loss": 0.0019143415847793221, "mae": 0.03787120059132576, "mse": 0.0019143415847793221, "val_loss": 0.0019500106573104858, "val_mae": 0.03830050304532051, "val_mse": 0.0019500106573104858, "lr": 9.999999747378752e-06, "_runtime": 26.533153295516968, "_step": 49, "best_val_loss": 0.001949615078046918, "best_epoch": 19, "_wandb": {"runtime": 25}}