{"graph": {"_type": "graph-file", "sha256": "e316dcbcc5ce086385ada8a6411cfbdbbf13082e536556507896d376d74ef7f1", "size": 512, "path": "media/graph/graph_summary_e316dcbcc5ce086385ad.graph.json"}, "epoch": 49, "_timestamp": 1682641503.9275868, "loss": 0.0075671435333788395, "mae": 0.07518517225980759, "mse": 0.0075671435333788395, "root_mean_squared_error": 0.08698933571577072, "val_loss": 0.007510021794587374, "val_mae": 0.07456818222999573, "val_mse": 0.007510021794587374, "val_root_mean_squared_error": 0.08666036278009415, "lr": 0.011572525836527348, "_runtime": 11324.411566734314, "_step": 449, "best_val_loss": 0.0019500375492498279, "best_epoch": 31, "_wandb": {"runtime": 11322}}