{"graph": {"_type": "graph-file", "sha256": "1ac42279a8a8ee75daecbd716f2cfd7ba2fd41eaabde548ec7ec7a227be58735", "size": 579, "path": "media/graph/graph_summary_1ac42279a8a8ee75daec.graph.json"}, "epoch": 99, "_timestamp": 1684420936.5911078, "loss": 3244.143798828125, "mae": 48.98234939575195, "mse": 3244.140869140625, "root_mean_squared_error": 56.957359313964844, "val_loss": 3322.560546875, "val_mae": 49.17189025878906, "val_mse": 3322.5546875, "val_root_mean_squared_error": 57.641605377197266, "lr": 0.0001250000059371814, "_runtime": 112.25537776947021, "_step": 99, "best_val_loss": 3322.560546875, "best_epoch": 94, "_wandb": {"runtime": 110}}