{"graph": {"_type": "graph-file", "sha256": "7c382214f85255d8b90328c09838e94df86797ff96b224fd66b8c73cdaf1d0cd", "size": 514, "path": "media/graph/graph_summary_7c382214f85255d8b903.graph.json"}, "epoch": 19, "_timestamp": 1682646432.537808, "loss": 0.011458300985395908, "mae": 0.09634961187839508, "mse": 0.011458300985395908, "root_mean_squared_error": 0.10704345256090164, "val_loss": 0.011065869592130184, "val_mae": 0.09419745951890945, "val_mse": 0.011065869592130184, "val_root_mean_squared_error": 0.10519444197416306, "lr": 0.001789707224816084, "_runtime": 846.2054719924927, "_step": 179, "best_val_loss": 0.00197997922077775, "best_epoch": 19, "_wandb": {"runtime": 845}}