{"graph": {"_type": "graph-file", "sha256": "74eb4da14a7946959beab73ae4b7d6b7e56fceec427c0e71a986e6b2ab3ab4cb", "size": 579, "path": "media/graph/graph_summary_74eb4da14a7946959bea.graph.json"}, "epoch": 99, "_timestamp": 1684423585.2336571, "loss": 0.0010516676120460033, "mae": 0.023807721212506294, "mse": 0.0009513290133327246, "root_mean_squared_error": 0.030843621119856834, "val_loss": 0.001089446828700602, "val_mae": 0.024144675582647324, "val_mse": 0.000989562482573092, "val_root_mean_squared_error": 0.031457312405109406, "lr": 0.0003335937508381903, "_runtime": 97.10583019256592, "_step": 99, "best_val_loss": 0.001089446828700602, "best_epoch": 99, "_wandb": {"runtime": 96}}