{"graph": {"_type": "graph-file", "sha256": "e990cbf4d08166d76a927d24c37dd60474183cc0ac75bb6fa32d13b2e6e2947c", "size": 485, "path": "media/graph/graph_summary_e990cbf4d08166d76a92.graph.json"}, "epoch": 149, "_timestamp": 1683139229.5984874, "loss": 0.0007972695166245103, "mae": 0.020726673305034637, "mse": 0.0007972695166245103, "root_mean_squared_error": 0.028235958889126778, "val_loss": 0.0007508833659812808, "val_mae": 0.021560434252023697, "val_mse": 0.0007508833659812808, "val_root_mean_squared_error": 0.027402250096201897, "lr": 0.00722889369353652, "_runtime": 2156.677121400833, "_step": 1499, "best_val_loss": 0.0002356430923100561, "best_epoch": 148, "_wandb": {"runtime": 2155}}