{"graph": {"_type": "graph-file", "sha256": "6b92d74327e296dccb9cfbfc2276e857c6fe2ebbe05a75b7f902382d60f76af3", "size": 468, "path": "media/graph/graph_summary_6b92d74327e296dccb9c.graph.json"}, "epoch": 19, "_timestamp": 1682432322.5778995, "loss": 0.0019141603261232376, "mae": 0.03787438943982124, "mse": 0.0019141603261232376, "root_mean_squared_error": 0.04375112056732178, "R2": -7.233827590942383, "val_loss": 0.0019498229958117008, "val_mae": 0.03830144926905632, "val_mse": 0.0019498229958117008, "val_root_mean_squared_error": 0.04415680095553398, "val_R2": -7.108328342437744, "lr": 0.04135865345597267, "_runtime": 30.4192533493042, "_step": 19, "best_val_loss": 0.0019494103034958243, "best_epoch": 10, "_wandb": {"runtime": 29}}