{"graph": {"_type": "graph-file", "sha256": "67e2030e8806f9997f78b96642d65a82cbef5a2c16bef33e34792241c9498861", "size": 420, "path": "media/graph/graph_summary_67e2030e8806f9997f78.graph.json"}, "epoch": 149, "_timestamp": 1683053445.428666, "loss": 0.001648253877647221, "mae": 0.03415073826909065, "mse": 0.001648253877647221, "root_mean_squared_error": 0.04059869050979614, "val_loss": 0.0016667238669469953, "val_mae": 0.034469474107027054, "val_mse": 0.0016667238669469953, "val_root_mean_squared_error": 0.04082552716135979, "lr": 0.0005387500277720392, "_runtime": 2072.90349817276, "_step": 149, "best_val_loss": 0.0016667238669469953, "best_epoch": 149, "_wandb": {"runtime": 2074}}