{"graph": {"_type": "graph-file", "sha256": "6e753f31705c38561cfc6b4ef457068dcf4f9f6257279008888c877b63efee4d", "size": 513, "path": "media/graph/graph_summary_6e753f31705c38561cfc.graph.json"}, "epoch": 149, "_timestamp": 1683480551.7069113, "loss": 0.00010595521598588675, "mae": 0.007101124152541161, "mse": 0.00010595521598588675, "root_mean_squared_error": 0.010293454863131046, "val_loss": 0.00010324607865186408, "val_mae": 0.007123381365090609, "val_mse": 0.00010324607865186408, "val_root_mean_squared_error": 0.01016100775450468, "lr": 0.0005387500277720392, "_runtime": 7277.8866193294525, "_step": 149, "best_val_loss": 0.00010265708988299593, "best_epoch": 147, "_wandb": {"runtime": 7276}}