{"graph": {"_type": "graph-file", "sha256": "828d14aae617c0ef269368b978d0e432dd2a3288c70550b043946938d51eec62", "size": 487, "path": "media/graph/graph_summary_828d14aae617c0ef2693.graph.json"}, "epoch": 149, "_timestamp": 1682869765.6812747, "loss": 4.831650949199684e-05, "mae": 0.005155682563781738, "mse": 4.831650949199684e-05, "root_mean_squared_error": 0.006951007526367903, "val_loss": 5.3783904149895534e-05, "val_mae": 0.005303672980517149, "val_mse": 5.3783904149895534e-05, "val_root_mean_squared_error": 0.007333750836551189, "lr": 0.0002693750138860196, "_runtime": 1287.6824717521667, "_step": 149, "best_val_loss": 5.254490679362789e-05, "best_epoch": 148, "_wandb": {"runtime": 1286}}