{"graph": {"_type": "graph-file", "sha256": "176169cf2e260c4e7952ee4b83eff6f50cad3ac87c622524399efdf7ec9ca59a", "size": 593, "path": "media/graph/graph_summary_176169cf2e260c4e7952.graph.json"}, "epoch": 249, "_timestamp": 1684517231.1823132, "loss": 0.001249502645805478, "mae": 0.025660479441285133, "mse": 0.0008708151872269809, "root_mean_squared_error": 0.02950957790017128, "val_loss": 0.0011911920737475157, "val_mae": 0.024242520332336426, "val_mse": 0.0008125148015096784, "val_root_mean_squared_error": 0.028504645451903343, "lr": 9.999999747378752e-06, "_runtime": 223.61984419822693, "_step": 249, "best_val_loss": 0.0011911920737475157, "best_epoch": 249, "_wandb": {"runtime": 223}}