{"graph": {"_type": "graph-file", "sha256": "e69dad264e70d5b54e07e1a9225fd75d5e30853f78f90278e365c352554c5dd6", "size": 593, "path": "media/graph/graph_summary_e69dad264e70d5b54e07.graph.json"}, "epoch": 29, "_timestamp": 1681828994.200544, "loss": 0.0019319294951856136, "mae": 0.037888795137405396, "mse": 0.0019157581264153123, "val_loss": 0.00196780520491302, "val_mae": 0.03829124942421913, "val_mse": 0.0019513104343786836, "lr": 9.292659524362534e-05, "_runtime": 57.05622410774231, "_step": 269, "best_val_loss": 0.0017737203743308783, "best_epoch": 29, "_wandb": {"runtime": 56}}