{"graph": {"_type": "graph-file", "sha256": "cd2fdc98842f75ff43805143b0ee0c63a2fbb3579c3ed7e1864999cbf9e4d162", "size": 593, "path": "media/graph/graph_summary_cd2fdc98842f75ff4380.graph.json"}, "epoch": 499, "_timestamp": 1684495918.763674, "loss": 0.0011688228696584702, "mae": 0.022158971056342125, "mse": 0.0007007853128015995, "root_mean_squared_error": 0.02647235058248043, "val_loss": 0.0011249270755797625, "val_mae": 0.021268770098686218, "val_mse": 0.000656893418636173, "val_root_mean_squared_error": 0.025629932060837746, "lr": 9.999999747378752e-06, "_runtime": 42.89127802848816, "_step": 499, "best_val_loss": 0.0006918216240592301, "best_epoch": 5, "_wandb": {"runtime": 39}}