{"graph": {"_type": "graph-file", "sha256": "4d2fcd099da22ede2f3cb7c4790146d728a15ca7b0defde55c68f1c2585fcc44", "size": 593, "path": "media/graph/graph_summary_4d2fcd099da22ede2f3c.graph.json"}, "epoch": 49, "_timestamp": 1681579636.962677, "loss": 0.0021828270982950926, "mae": 0.037002187222242355, "mse": 0.0018422951688989997, "val_loss": 0.0022139556240290403, "val_mae": 0.03743370994925499, "val_mse": 0.0018813834758475423, "lr": 9.999999747378752e-06, "_runtime": 56.00266098976135, "_step": 49, "best_val_loss": 0.0022139556240290403, "best_epoch": 49, "_wandb": {"runtime": 55}}