{"graph": {"_type": "graph-file", "sha256": "cd2fdc98842f75ff43805143b0ee0c63a2fbb3579c3ed7e1864999cbf9e4d162", "size": 593, "path": "media/graph/graph_summary_cd2fdc98842f75ff4380.graph.json"}, "epoch": 299, "_timestamp": 1684849898.5292819, "loss": 0.0002686863299459219, "mae": 0.012898699380457401, "mse": 0.00022270788031164557, "root_mean_squared_error": 0.0149234002456069, "val_loss": 0.0002810346777550876, "val_mae": 0.013304285705089569, "val_mse": 0.00023504934506490827, "val_root_mean_squared_error": 0.015331318601965904, "lr": 9.999999747378752e-06, "_runtime": 89.39694786071777, "_step": 299, "best_val_loss": 0.0002807471319101751, "best_epoch": 283, "_wandb": {"runtime": 88}}