{"graph": {"_type": "graph-file", "sha256": "62adf72a846d167414421c26f61a059263e9d3957c36b4e12fb587a4b3a0b101", "size": 593, "path": "media/graph/graph_summary_62adf72a846d16741442.graph.json"}, "epoch": 249, "_timestamp": 1684407032.064848, "loss": 0.0011994574451819062, "mae": 0.023663347586989403, "mse": 0.0009618941694498062, "root_mean_squared_error": 0.031014418229460716, "val_loss": 0.0012220661155879498, "val_mae": 0.02364051342010498, "val_mse": 0.000984526821412146, "val_root_mean_squared_error": 0.031377170234918594, "lr": 9.999999747378752e-06, "_runtime": 339.9010808467865, "_step": 249, "best_val_loss": 0.0012211963767185807, "best_epoch": 243, "_wandb": {"runtime": 338}}