{"graph": {"_type": "graph-file", "sha256": "4289c898937261f3752a6a464cbce5ef22b8f4cfbfd95ba5590ded4699eadca5", "size": 1098, "path": "media/graph/graph_summary_4289c898937261f3752a.graph.json"}, "epoch": 149, "_timestamp": 1682771739.9506543, "loss": 0.0019211467588320374, "mae": 0.03795025125145912, "mse": 0.0019211467588320374, "root_mean_squared_error": 0.04383087530732155, "val_loss": 0.0019573033787310123, "val_mae": 0.03839028626680374, "val_mse": 0.0019573033787310123, "val_root_mean_squared_error": 0.04424142464995384, "lr": 9.999999747378752e-06, "_runtime": 2033.949612379074, "_step": 1349, "best_val_loss": 0.0019389557419344783, "best_epoch": 7, "_wandb": {"runtime": 2032}}