{"graph": {"_type": "graph-file", "sha256": "4cea045573fec9042152cef827b925f02596b3a4276a1dc436e33af923f60c14", "size": 593, "path": "media/graph/graph_summary_4cea045573fec9042152.graph.json"}, "epoch": 49, "_timestamp": 1681320943.5087845, "loss": 0.0025924176443368196, "mae": 0.03792940452694893, "mse": 0.0019271110650151968, "val_loss": 0.0026371031999588013, "val_mae": 0.03835809975862503, "val_mse": 0.001973530277609825, "lr": 9.999999747378752e-06, "_runtime": 47.98381042480469, "_step": 49, "best_val_loss": 0.0026371031999588013, "best_epoch": 49, "_wandb": {"runtime": 47}}