{"graph": {"_type": "graph-file", "sha256": "3266af7552d561db4453041a7c113503a4eda4bf5c4cabf70bb7bc94d5535e8e", "size": 595, "path": "media/graph/graph_summary_3266af7552d561db4453.graph.json"}, "epoch": 49, "_timestamp": 1681581600.7518137, "loss": 0.0029286425560712814, "mae": 0.036399491131305695, "mse": 0.001790836569853127, "val_loss": 0.0029400717467069626, "val_mae": 0.036865994334220886, "val_mse": 0.0018330984748899937, "lr": 9.999999747378752e-06, "_runtime": 79.75187659263611, "_step": 49, "best_val_loss": 0.0029400717467069626, "best_epoch": 49, "_wandb": {"runtime": 79}}