{"graph": {"_type": "graph-file", "sha256": "6b0a578351648741b689b8913e8cdfca9553ea840e5286acba0a737e1ec15bee", "size": 512, "path": "media/graph/graph_summary_6b0a578351648741b689.graph.json"}, "epoch": 149, "_timestamp": 1683163728.6359065, "loss": 0.0034068310633301735, "mae": 0.05053240805864334, "mse": 0.0034068310633301735, "root_mean_squared_error": 0.05836806446313858, "val_loss": 0.00340684549883008, "val_mae": 0.050599150359630585, "val_mse": 0.00340684549883008, "val_root_mean_squared_error": 0.05836819112300873, "lr": 0.00017061264952644706, "_runtime": 5493.924828529358, "_step": 1499, "best_val_loss": 0.003389490069821477, "best_epoch": 59, "_wandb": {"runtime": 5492}}