{"graph": {"_type": "graph-file", "sha256": "b0e991419d33b8f9c145667fc3dc680a07142ed57013a1d3ab881f78806acf0c", "size": 593, "path": "media/graph/graph_summary_b0e991419d33b8f9c145.graph.json"}, "epoch": 19, "_timestamp": 1681910207.3209953, "loss": 0.0012875620741397142, "mae": 0.02872689813375473, "mse": 0.0012090093223378062, "val_loss": 0.0012533944100141525, "val_mae": 0.028715265914797783, "val_mse": 0.0011763371294364333, "lr": 0.0025397746358066797, "_runtime": 153.70418643951416, "_step": 179, "best_val_loss": 0.000875765283126384, "best_epoch": 19, "_wandb": {"runtime": 152}}