{"graph": {"_type": "graph-file", "sha256": "1d551f3d402d61ec6d90b8308cba437160e367bb7771a26999db7e4a12cf273a", "size": 1012, "path": "media/graph/graph_summary_1d551f3d402d61ec6d90.graph.json"}, "epoch": 49, "_timestamp": 1680958749.2276092, "loss": 0.0008423796971328557, "mae": 0.024681057780981064, "mse": 0.0008217271533794701, "val_loss": 0.0008862902177497745, "val_mae": 0.02566629834473133, "val_mse": 0.0008652800461277366, "lr": 9.999999747378752e-06, "_runtime": 101.40908908843994, "_step": 49, "best_val_loss": 0.0008860642556101084, "best_epoch": 48, "_wandb": {"runtime": 100}}