{"graph": {"_type": "graph-file", "sha256": "57dc9c741263a94e97f3876461adb92051b7ba93b27045a5f1cd3f0a0e2c6380", "size": 487, "path": "media/graph/graph_summary_57dc9c741263a94e97f3.graph.json"}, "epoch": 49, "_timestamp": 1682452030.6336126, "loss": 1.7098183889174834e-05, "mae": 0.003176309634000063, "mse": 1.7098183889174834e-05, "root_mean_squared_error": 0.0041349949315190315, "val_loss": 9.770087672222871e-06, "val_mae": 0.002181311836466193, "val_mse": 9.770087672222871e-06, "val_root_mean_squared_error": 0.0031257139053195715, "lr": 0.017240000888705254, "_runtime": 207.57451462745667, "_step": 49, "best_val_loss": 8.21691719465889e-06, "best_epoch": 46, "_wandb": {"runtime": 205}}