{"graph": {"_type": "graph-file", "sha256": "270d7efe005ab41e3f1a950e1ff63d7588c75044119188123434a2b8ab028922", "size": 593, "path": "media/graph/graph_summary_270d7efe005ab41e3f1a.graph.json"}, "epoch": 249, "_timestamp": 1684521755.6223674, "loss": 0.0006705332780256867, "mae": 0.01681828685104847, "mse": 0.00048051541671156883, "root_mean_squared_error": 0.021920662373304367, "val_loss": 0.0006902100285515189, "val_mae": 0.017197260633111, "val_mse": 0.0005002005491405725, "val_root_mean_squared_error": 0.022365164011716843, "lr": 9.999999747378752e-06, "_runtime": 236.6426613330841, "_step": 249, "best_val_loss": 0.0006902100285515189, "best_epoch": 249, "_wandb": {"runtime": 236}}