{"graph": {"_type": "graph-file", "sha256": "6b661ee68a9e83fb819a483f5a1668581ecbdd6399e744e8ec02dc700dc82bfe", "size": 593, "path": "media/graph/graph_summary_6b661ee68a9e83fb819a.graph.json"}, "epoch": 149, "_timestamp": 1682070218.4129055, "loss": 0.20593467354774475, "mae": 0.4525294303894043, "mse": 0.20593467354774475, "val_loss": 0.20654912292957306, "val_mae": 0.45319458842277527, "val_mse": 0.20654912292957306, "lr": 9.999999747378752e-06, "_runtime": 518.2889873981476, "_step": 1349, "best_val_loss": 0.0020106728188693523, "best_epoch": 133, "_wandb": {"runtime": 517}}