{"graph": {"_type": "graph-file", "sha256": "1a7b612cd506dbbedec88f89a72b444484a13b0fa9990d5a1943440fbf027c68", "size": 513, "path": "media/graph/graph_summary_1a7b612cd506dbbedec8.graph.json"}, "epoch": 149, "_timestamp": 1683573888.475521, "loss": 4.8487276217201725e-05, "mae": 0.004706078674644232, "mse": 4.8487276217201725e-05, "root_mean_squared_error": 0.0069632804952561855, "val_loss": 4.879567859461531e-05, "val_mae": 0.004769889172166586, "val_mse": 4.879567859461531e-05, "val_root_mean_squared_error": 0.006985390093177557, "lr": 0.0002693750138860196, "_runtime": 9258.617547988892, "_step": 149, "best_val_loss": 4.8363486712332815e-05, "best_epoch": 144, "_wandb": {"runtime": 9257}}