{"graph": {"_type": "graph-file", "sha256": "0aefe818bd72f5996af43d11f603b720f44ba087f2d08bd572ce3fd873a74083", "size": 593, "path": "media/graph/graph_summary_0aefe818bd72f5996af4.graph.json"}, "epoch": 9, "_timestamp": 1682357223.1898232, "loss": 0.0015660567441955209, "mae": 0.0307525172829628, "mse": 0.001382267102599144, "val_loss": 0.0015072105452418327, "val_mae": 0.03177696093916893, "val_mse": 0.0013928769621998072, "lr": 0.09925000369548798, "_runtime": 12.40549921989441, "_step": 9, "best_val_loss": 0.0015072105452418327, "best_epoch": 9, "_wandb": {"runtime": 12}}