{"graph": {"_type": "graph-file", "sha256": "7c59c8084c3f0f7d5203cfadc5d95e6ad51b834cfaf55d4e091460635fcabb7e", "size": 487, "path": "media/graph/graph_summary_7c59c8084c3f0f7d5203.graph.json"}, "epoch": 99, "_timestamp": 1682503041.3329935, "loss": 7.253914372995496e-05, "mae": 0.006108174100518227, "mse": 7.253914372995496e-05, "root_mean_squared_error": 0.008516991510987282, "val_loss": 6.327671144390479e-05, "val_mae": 0.005770120304077864, "val_mse": 6.327671144390479e-05, "val_root_mean_squared_error": 0.007954665459692478, "lr": 0.008620000444352627, "_runtime": 681.1375255584717, "_step": 99, "best_val_loss": 6.188439874676988e-05, "best_epoch": 96, "_wandb": {"runtime": 679}}