{"graph": {"_type": "graph-file", "sha256": "aa6b37f1a81d9d733d7c7aa1b6a1c366144faa804bfaaded310267b734d6ef7f", "size": 513, "path": "media/graph/graph_summary_aa6b37f1a81d9d733d7c.graph.json"}, "epoch": 0, "_timestamp": 1684615203.8398006, "loss": 0.011251116171479225, "mae": 0.08107997477054596, "mse": 0.0096823675557971, "val_loss": 0.007634909823536873, "val_mae": 0.07557263225317001, "val_mse": 0.007634560577571392, "lr": 0.06896000355482101, "_runtime": 53.23703670501709, "_step": 0, "best_val_loss": 0.007634909823536873, "best_epoch": 0}