{"graph": {"_type": "graph-file", "sha256": "b50d34b0367892f50ff9a18eecde963324f5ed352b1fd5e710c5e815da0a155b", "size": 440, "path": "media/graph/graph_summary_b50d34b0367892f50ff9.graph.json"}, "epoch": 19, "_timestamp": 1683400169.300216, "loss": 0.002649017609655857, "mae": 0.04316488653421402, "mse": 0.002649017609655857, "root_mean_squared_error": 0.051468607038259506, "val_loss": 0.002664708998054266, "val_mae": 0.043366726487874985, "val_mse": 0.002664708998054266, "val_root_mean_squared_error": 0.05162081867456436, "lr": 9.999999747378752e-06, "_runtime": 2628.4435238838196, "_step": 199, "best_val_loss": 0.0024851837661117315, "best_epoch": 19, "_wandb": {"runtime": 2626}}