{"graph": {"_type": "graph-file", "sha256": "1ac42279a8a8ee75daecbd716f2cfd7ba2fd41eaabde548ec7ec7a227be58735", "size": 579, "path": "media/graph/graph_summary_1ac42279a8a8ee75daec.graph.json"}, "epoch": 499, "_timestamp": 1684525505.8466885, "loss": 0.0006446935003623366, "mae": 0.019439179450273514, "mse": 0.0005650004604831338, "root_mean_squared_error": 0.023769738152623177, "val_loss": 0.000727069447748363, "val_mae": 0.020929578691720963, "val_mse": 0.0006473531830124557, "val_root_mean_squared_error": 0.02544313669204712, "lr": 9.999999747378752e-06, "_runtime": 406.54840755462646, "_step": 499, "best_val_loss": 0.0007268880144692957, "best_epoch": 496, "_wandb": {"runtime": 404}}