{"graph": {"_type": "graph-file", "sha256": "2910eba9003358c5f98da7e9c12e27bbd61ff5182315926c931febaf8b665ab2", "size": 722, "path": "media/graph/graph_summary_2910eba9003358c5f98d.graph.json"}, "epoch": 99, "_timestamp": 1680789203.1684024, "loss": 0.0008192508248612285, "mae": 0.0247159656137228, "mse": 0.0008192217210307717, "val_loss": 0.0008652737597003579, "val_mae": 0.025663655251264572, "val_mse": 0.0008652459946461022, "lr": 9.999999747378752e-06, "_runtime": 80.60811853408813, "_step": 99, "best_val_loss": 0.0008652639226056635, "best_epoch": 56, "_wandb": {"runtime": 79}}