{"graph": {"_type": "graph-file", "sha256": "da13e21a2217bc6e040cad9405c527fb7d957985bbd93bddccdd7a60fb92f058", "size": 442, "path": "media/graph/graph_summary_da13e21a2217bc6e040c.graph.json"}, "epoch": 49, "_timestamp": 1682543566.550799, "loss": 0.0019122229423373938, "mae": 0.03784788027405739, "mse": 0.0019122229423373938, "root_mean_squared_error": 0.04372896999120712, "val_loss": 0.001947827753610909, "val_mae": 0.03827604278922081, "val_mse": 0.001947827753610909, "val_root_mean_squared_error": 0.04413420334458351, "lr": 5.4840689699631184e-05, "_runtime": 605.1239428520203, "_step": 449, "best_val_loss": 0.0019362072926014662, "best_epoch": 25, "_wandb": {"runtime": 604}}