{"graph": {"_type": "graph-file", "sha256": "7c59c8084c3f0f7d5203cfadc5d95e6ad51b834cfaf55d4e091460635fcabb7e", "size": 487, "path": "media/graph/graph_summary_7c59c8084c3f0f7d5203.graph.json"}, "epoch": 149, "_timestamp": 1682877417.0548835, "loss": 8.002272807061672e-05, "mae": 0.006706507410854101, "mse": 8.002272807061672e-05, "root_mean_squared_error": 0.008945542387664318, "val_loss": 8.159762364812195e-05, "val_mae": 0.006864047609269619, "val_mse": 8.159762364812195e-05, "val_root_mean_squared_error": 0.009033139795064926, "lr": 0.0002693750138860196, "_runtime": 1388.0706853866577, "_step": 149, "best_val_loss": 8.159762364812195e-05, "best_epoch": 149, "_wandb": {"runtime": 1388}}