{"graph": {"_type": "graph-file", "sha256": "63cdf9081ecf554958a85b45e5e2fb991b866c4edb1bde0b15d8ed6d0f2817ab", "size": 1092, "path": "media/graph/graph_summary_63cdf9081ecf554958a8.graph.json"}, "epoch": 149, "_timestamp": 1684227723.5793397, "loss": 1.4222547179087996e-05, "mae": 0.0020923158153891563, "mse": 1.4222547179087996e-05, "root_mean_squared_error": 0.00377127924002707, "val_loss": 1.4430092051043175e-05, "val_mae": 0.0021013584919273853, "val_mse": 1.4430092051043175e-05, "val_root_mean_squared_error": 0.003798695979639888, "lr": 5.225781205808744e-05, "_runtime": 166.97975182533264, "_step": 149, "best_val_loss": 1.4430092051043175e-05, "best_epoch": 149, "_wandb": {"runtime": 166}}