{"graph": {"_type": "graph-file", "sha256": "778929c19ae4d847ba3095157fb095ab8895fa4b8648b8d5ffcc2a56236cf1a0", "size": 1185, "path": "media/graph/graph_summary_778929c19ae4d847ba30.graph.json"}, "epoch": 49, "_timestamp": 1681306295.4235852, "loss": 0.0019143460085615516, "mae": 0.03787114843726158, "mse": 0.0019143460085615516, "val_loss": 0.0019499966874718666, "val_mae": 0.03830067813396454, "val_mse": 0.0019499966874718666, "lr": 9.999999747378752e-06, "_runtime": 48.49259924888611, "_step": 49, "best_val_loss": 0.0019496113527566195, "best_epoch": 15, "_wandb": {"runtime": 47}}