{"graph": {"_type": "graph-file", "sha256": "57dc9c741263a94e97f3876461adb92051b7ba93b27045a5f1cd3f0a0e2c6380", "size": 487, "path": "media/graph/graph_summary_57dc9c741263a94e97f3.graph.json"}, "epoch": 199, "_timestamp": 1683009634.9091997, "loss": 5.127507392899133e-06, "mae": 0.0017145759193226695, "mse": 5.127507392899133e-06, "root_mean_squared_error": 0.0022644000127911568, "val_loss": 5.37720870852354e-06, "val_mae": 0.0017589610069990158, "val_mse": 5.37720870852354e-06, "val_root_mean_squared_error": 0.0023188807535916567, "lr": 3.367187673575245e-05, "_runtime": 1174.3704116344452, "_step": 199, "best_val_loss": 5.25647146787378e-06, "best_epoch": 197, "_wandb": {"runtime": 1173}}