{"graph": {"_type": "graph-file", "sha256": "4536ee1250eb6352eb1735ffdef92c6553075f111d9994c5246ee8fdc66873ce", "size": 769, "path": "media/graph/graph_summary_4536ee1250eb6352eb17.graph.json"}, "epoch": 49, "_timestamp": 1682801656.9579017, "loss": 0.007567142602056265, "mae": 0.07518515735864639, "mse": 0.007567142602056265, "root_mean_squared_error": 0.08698932826519012, "val_loss": 0.007510020397603512, "val_mae": 0.07456816732883453, "val_mse": 0.007510020397603512, "val_root_mean_squared_error": 0.08666037023067474, "lr": 5.626921483781189e-05, "_runtime": 89.82286882400513, "_step": 449, "best_val_loss": 0.007510020397603512, "best_epoch": 0, "_wandb": {"runtime": 88}}