{"graph": {"_type": "graph-file", "sha256": "74eb4da14a7946959beab73ae4b7d6b7e56fceec427c0e71a986e6b2ab3ab4cb", "size": 579, "path": "media/graph/graph_summary_74eb4da14a7946959bea.graph.json"}, "epoch": 299, "_timestamp": 1684499817.7444782, "loss": 0.003569485154002905, "mae": 0.04622131958603859, "mse": 0.0029068237636238337, "root_mean_squared_error": 0.05391496792435646, "val_loss": 0.0036179826129227877, "val_mae": 0.046566639095544815, "val_mse": 0.002955332165583968, "val_root_mean_squared_error": 0.05436296761035919, "lr": 9.999999747378752e-06, "_runtime": 280.91924118995667, "_step": 299, "best_val_loss": 0.0036179826129227877, "best_epoch": 299, "_wandb": {"runtime": 280}}