{"graph": {"_type": "graph-file", "sha256": "7c1c8d20138390a9805916cdc1805e851574bf90eb153866ef7f9ee2edd7a654", "size": 593, "path": "media/graph/graph_summary_7c1c8d20138390a98059.graph.json"}, "epoch": 5, "_timestamp": 1681923835.7443492, "loss": 0.001967787742614746, "mae": 0.03800365701317787, "mse": 0.0019323547603562474, "val_loss": 0.0019609201699495316, "val_mae": 0.038313571363687515, "val_mse": 0.001949705183506012, "lr": 0.09925000369548798, "_runtime": 4.6611433029174805, "_step": 5, "best_val_loss": 0.0019609201699495316, "best_epoch": 5, "_wandb": {"runtime": 4}}