{"graph": {"_type": "graph-file", "sha256": "420a2fcd2de43ee70c736e1eb41097fa31064d7aec06bd148979fdcdf4f22175", "size": 579, "path": "media/graph/graph_summary_420a2fcd2de43ee70c73.graph.json"}, "epoch": 4, "_timestamp": 1682436690.5996146, "loss": 0.0021325184497982264, "mae": 0.03818601369857788, "mse": 0.001967216841876507, "root_mean_squared_error": 0.044353317469358444, "R2": -0.06299051642417908, "val_loss": 0.001982328714802861, "val_mae": 0.03829611465334892, "val_mse": 0.0019501112401485443, "val_root_mean_squared_error": 0.044160064309835434, "val_R2": -908.3418579101562, "lr": 0.09925000369548798, "_runtime": 5.519084692001343, "_step": 4, "best_val_loss": 0.001982328714802861, "best_epoch": 4}