{"graph": {"_type": "graph-file", "sha256": "ca7eeec373aeea561c4aea69f5fab14181f2066422de0f28a76f1b2bf3f26528", "size": 769, "path": "media/graph/graph_summary_ca7eeec373aeea561c4a.graph.json"}, "epoch": 149, "_timestamp": 1682788022.9670563, "loss": 0.007567143999040127, "mae": 0.07518515735864639, "mse": 0.0075671435333788395, "root_mean_squared_error": 0.08698932826519012, "val_loss": 0.007510020863264799, "val_mae": 0.07456815987825394, "val_mse": 0.007510020863264799, "val_root_mean_squared_error": 0.08666037768125534, "lr": 9.999999747378752e-06, "_runtime": 339.6223871707916, "_step": 1349, "best_val_loss": 0.007510020863264799, "best_epoch": 0, "_wandb": {"runtime": 338}}